Elevation_ft,1000,2000,3000,4000,5000,6000,7000,8000,9000,10000,11000,12000,13000,14000,15000,16000,17000,18000,19000,20000,21000,22000,23000,24000,25000,26000,27000,28000,29000,30000,31000,32000,33000,34000,35000,36000,37000,38000,39000,40000,41000,42000,43000,44000,45000,46000,47000,48000,49000,50000,51000,52000,53000,54000,55000,56000,57000,58000,59000,60000,61000,62000,63000,64000,65000,66000,67000,68000,69000,70000,71000,72000,73000,74000,75000,76000,77000,78000,79000,80000,81000,82000,83000,84000,85000,86000,87000,88000,89000,90000,91000,92000,93000,94000,95000,96000,97000,98000,99000,100000,101000,102000,103000,104000,105000,106000,107000,108000,109000,110000,111000,112000,113000,114000,115000,116000,117000,118000,119000,120000,121000,122000,123000,124000,125000,126000,127000,128000,129000,130000,131000,132000,133000,134000,135000,136000,137000,138000,139000,140000,141000,142000,143000,144000,145000,146000,147000,148000,149000,150000,151000,152000,153000,154000,155000,156000,157000,158000,159000,160000,161000,162000,163000,164000,165000,166000,167000,168000,169000,170000,171000,172000,173000,174000,175000,176000,177000,178000,179000,180000,181000,182000,183000,184000,185000,186000,187000,188000,189000,190000,191000,192000,193000,194000,195000,196000,197000,198000,199000,200000,201000,202000,203000,204000,205000,206000,207000,208000,209000,210000,211000,212000,213000,214000,215000,216000,217000,218000,219000,220000,221000,222000,223000,224000,225000,226000,227000,228000,229000,230000,231000,232000,233000,234000,235000,236000,237000,238000,239000,240000,241000,242000,243000,244000,245000,246000,247000,248000,249000,250000,251000,252000,253000,254000,255000,256000,257000,258000,259000,260000,261000,262000,263000,264000,265000,266000,267000,268000,269000,270000,271000,272000,273000,274000,275000,276000,277000,278000,279000,280000,281000,282000,283000,284000,285000,286000,287000,288000,289000,290000,291000,292000,293000,294000,295000,296000,297000,298000,299000,300000
622,0,0,0,0,0,0,0,0,0,0,0,0,0,0,0,0,0,0,0,0,0,0,0,0,0,0,0,0,0,0,0,0,0,0,0,0,0,0,0,0,0,0,0,0,0,0,0,0,0,0,0,0,0,0,0,0,0,0,0,0,0,0,0,0,0,0,0,0,0,0,0,0,0,0,0,0,0,0,0,0,0,0,0,0,0,0,0,0,0,0,0,0,0,0,0,0,0,0,0,0,0,0,0,0,0,0,0,0,0,0,0,0,0,0,0,0,0,0,0,0,0,0,0,0,0,0,0,0,0,0,0,0,0,0,0,0,0,0,0,0,0,0,0,0,0,0,0,0,0,0,0,0,0,0,0,0,0,0,0,0,0,0,0,0,0,0,0,0,0,0,0,0,0,0,0,0,0,0,0,0,0,0,0,0,0,0,0,0,0,0,0,0,0,0,0,0,0,0,0,0,0,0,0,0,0,0,0,0,0,0,0,0,0,0,0,0,0,0,0,0,0,0,0,0,0,0,0,0,0,0,0,0,0,0,0,0,0,0,0,0,0,0,0,0,0,0,0,0,0,0,0,0,0,0,0,0,0,0,0,0,0,0,0,0,0,0,0,0,0,0,0,0,0,0,0,0,0,0,0,0,0,0,0,0,0,0,0,0,0,0,0,0,0,0,0,0,0,0,0,0
623,0,0,0,0,0,0,0,0,0,0,0,0,0,0,0,0,0,0,0,0,0,0,0,0,0,0,0,0,0,0,0,0,0,0,0,0,0,0,0,0,0,0,0,0,0,0,0,0,0,0,0,0,0,0,0,0,0,0,0,0,0,0,0,0,0,0,0,0,0,0,0,0,0,0,0,0,0,0,0,0,0,0,0,0,0,0,0,0,0,0,0,0,0,0,0,0,0,0,0,0,0,0,0,0,0,0,0,0,0,0,0,0,0,0,0,0,0,0,0,0,0,0,0,0,0,0,0,0,0,0,0,0,0,0,0,0,0,0,0,0,0,0,0,0,0,0,0,0,0,0,0,0,0,0,0,0,0,0,0,0,0,0,0,0,0,0,0,0,0,0,0,0,0,0,0,0,0,0,0,0,0,0,0,0,0,0,0,0,0,0,0,0,0,0,0,0,0,0,0,0,0,0,0,0,0,0,0,0,0,0,0,0,0,0,0,0,0,0,0,0,0,0,0,0,0,0,0,0,0,0,0,0,0,0,0,0,0,0,0,0,0,0,0,0,0,0,0,0,0,0,0,0,0,0,0,0,0,0,0,0,0,0,0,0,0,0,0,0,0,0,0,0,0,0,0,0,0,0,0,0,0,0,0,0,0,0,0,0,0,0,0,0,0,0,0,0,0,0,0,0
624,0,0,0,0,0,0,0,0,0,0,0,0,0,0,0,0,0,0,0,0,0,0,0,0,0,0,0,0,0,0,0,0,0,0,0,0,0,0,0,0,0,0,0,0,0,0,0,0,0,0,0,0,0,0,0,0,0,0,0,0,0,0,0,0,0,0,0,0,0,0,0,0,0,0,0,0,0,0,0,0,0,0,0,0,0,0,0,0,0,0,0,0,0,0,0,0,0,0,0,0,0,0,0,0,0,0,0,0,0,0,0,0,0,0,0,0,0,0,0,0,0,0,0,0,0,0,0,0,0,0,0,0,0,0,0,0,0,0,0,0,0,0,0,0,0,0,0,0,0,0,0,0,0,0,0,0,0,0,0,0,0,0,0,0,0,0,0,0,0,0,0,0,0,0,0,0,0,0,0,0,0,0,0,0,0,0,0,0,0,0,0,0,0,0,0,0,0,0,0,0,0,0,0,0,0,0,0,0,0,0,0,0,0,0,0,0,0,0,0,0,0,0,0,0,0,0,0,0,0,0,0,0,0,0,0,0,0,0,0,0,0,0,0,0,0,0,0,0,0,0,0,0,0,0,0,0,0,0,0,0,0,0,0,0,0,0,0,0,0,0,0,0,0,0,0,0,0,0,0,0,0,0,0,0,0,0,0,0,0,0,0,0,0,0,0,0,0,0,0,0
625,0,0,0,0,0,0,0,0,0,0,0,0,0,0,0,0,0,0,0,0,0,0,0,0,0,0,0,0,0,0,0,0,0,0,0,0,0,0,0,0,0,0,0,0,0,0,0,0,0,0,0,0,0,0,0,0,0,0,0,0,0,0,0,0,0,0,0,0,0,0,0,0,0,0,0,0,0,0,0,0,0,0,0,0,0,0,0,0,0,0,0,0,0,0,0,0,0,0,0,0,0,0,0,0,0,0,0,0,0,0,0,0,0,0,0,0,0,0,0,0,0,0,0,0,0,0,0,0,0,0,0,0,0,0,0,0,0,0,0,0,0,0,0,0,0,0,0,0,0,0,0,0,0,0,0,0,0,0,0,0,0,0,0,0,0,0,0,0,0,0,0,0,0,0,0,0,0,0,0,0,0,0,0,0,0,0,0,0,0,0,0,0,0,0,0,0,0,0,0,0,0,0,0,0,0,0,0,0,0,0,0,0,0,0,0,0,0,0,0,0,0,0,0,0,0,0,0,0,0,0,0,0,0,0,0,0,0,0,0,0,0,0,0,0,0,0,0,0,0,0,0,0,0,0,0,0,0,0,0,0,0,0,0,0,0,0,0,0,0,0,0,0,0,0,0,0,0,0,0,0,0,0,0,0,0,0,0,0,0,0,0,0,0,0,0,0,0,0,0,0
626,0,0,0,0,0,0,0,0,0,0,0,0,0,0,0,0,0,0,0,0,0,0,0,0,0,0,0,0,0,0,0,0,0,0,0,0,0,0,0,0,0,0,0,0,0,0,0,0,0,0,0,0,0,0,0,0,0,0,0,0,0,0,0,0,0,0,0,0,0,0,0,0,0,0,0,0,0,0,0,0,0,0,0,0,0,0,0,0,0,0,0,0,0,0,0,0,0,0,0,0,0,0,0,0,0,0,0,0,0,0,0,0,0,0,0,0,0,0,0,0,0,0,0,0,0,0,0,0,0,0,0,0,0,0,0,0,0,0,0,0,0,0,0,0,0,0,0,0,0,0,0,0,0,0,0,0,0,0,0,0,0,0,0,0,0,0,0,0,0,0,0,0,0,0,0,0,0,0,0,0,0,0,0,0,0,0,0,0,0,0,0,0,0,0,0,0,0,0,0,0,0,0,0,0,0,0,0,0,0,0,0,0,0,0,0,0,0,0,0,0,0,0,0,0,0,0,0,0,0,0,0,0,0,0,0,0,0,0,0,0,0,0,0,0,0,0,0,0,0,0,0,0,0,0,0,0,0,0,0,0,0,0,0,0,0,0,0,0,0,0,0,0,0,0,0,0,0,0,0,0,0,0,0,0,0,0,0,0,0,0,0,0,0,0,0,0,0,0,0,0
627,0,0,0,0,0,0,0,0,0,0,0,0,0,0,0,0,0,0,0,0,0,0,0,0,0,0,0,0,0,0,0,0,0,0,0,0,0,0,0,0,0,0,0,0,0,0,0,0,0,0,0,0,0,0,0,0,0,0,0,0,0,0,0,0,0,0,0,0,0,0,0,0,0,0,0,0,0,0,0,0,0,0,0,0,0,0,0,0,0,0,0,0,0,0,0,0,0,0,0,0,0,0,0,0,0,0,0,0,0,0,0,0,0,0,0,0,0,0,0,0,0,0,0,0,0,0,0,0,0,0,0,0,0,0,0,0,0,0,0,0,0,0,0,0,0,0,0,0,0,0,0,0,0,0,0,0,0,0,0,0,0,0,0,0,0,0,0,0,0,0,0,0,0,0,0,0,0,0,0,0,0,0,0,0,0,0,0,0,0,0,0,0,0,0,0,0,0,0,0,0,0,0,0,0,0,0,0,0,0,0,0,0,0,0,0,0,0,0,0,0,0,0,0,0,0,0,0,0,0,0,0,0,0,0,0,0,0,0,0,0,0,0,0,0,0,0,0,0,0,0,0,0,0,0,0,0,0,0,0,0,0,0,0,0,0,0,0,0,0,0,0,0,0,0,0,0,0,0,0,0,0,0,0,0,0,0,0,0,0,0,0,0,0,0,0,0,0,0,0,0
628,0,0,0,0,0,0,0,0,0,0,0,0,0,0,0,0,0,0,0,0,0,0,0,0,0,0,0,0,0,0,0,0,0,0,0,0,0,0,0,0,0,0,0,0,0,0,0,0,0,0,0,0,0,0,0,0,0,0,0,0,0,0,0,0,0,0,0,0,0,0,0,0,0,0,0,0,0,0,0,0,0,0,0,0,0,0,0,0,0,0,0,0,0,0,0,0,0,0,0,0,0,0,0,0,0,0,0,0,0,0,0,0,0,0,0,0,0,0,0,0,0,0,0,0,0,0,0,0,0,0,0,0,0,0,0,0,0,0,0,0,0,0,0,0,0,0,0,0,0,0,0,0,0,0,0,0,0,0,0,0,0,0,0,0,0,0,0,0,0,0,0,0,0,0,0,0,0,0,0,0,0,0,0,0,0,0,0,0,0,0,0,0,0,0,0,0,0,0,0,0,0,0,0,0,0,0,0,0,0,0,0,0,0,0,0,0,0,0,0,0,0,0,0,0,0,0,0,0,0,0,0,0,0,0,0,0,0,0,0,0,0,0,0,0,0,0,0,0,0,0,0,0,0,0,0,0,0,0,0,0,0,0,0,0,0,0,0,0,0,0,0,0,0,0,0,0,0,0,0,0,0,0,0,0,0,0,0,0,0,0,0,0,0,0,0,0,0,0,0,0
629,0,0,0,0,0,0,0,0,0,0,0,0,0,0,0,0,0,0,0,0,0,0,0,0,0,0,0,0,0,0,0,0,0,0,0,0,0,0,0,0,0,0,0,0,0,0,0,0,0,0,0,0,0,0,0,0,0,0,0,0,0,0,0,0,0,0,0,0,0,0,0,0,0,0,0,0,0,0,0,0,0,0,0,0,0,0,0,0,0,0,0,0,0,0,0,0,0,0,0,0,0,0,0,0,0,0,0,0,0,0,0,0,0,0,0,0,0,0,0,0,0,0,0,0,0,0,0,0,0,0,0,0,0,0,0,0,0,0,0,0,0,0,0,0,0,0,0,0,0,0,0,0,0,0,0,0,0,0,0,0,0,0,0,0,0,0,0,0,0,0,0,0,0,0,0,0,0,0,0,0,0,0,0,0,0,0,0,0,0,0,0,0,0,0,0,0,0,0,0,0,0,0,0,0,0,0,0,0,0,0,0,0,0,0,0,0,0,0,0,0,0,0,0,0,0,0,0,0,0,0,0,0,0,0,0,0,0,0,0,0,0,0,0,0,0,0,0,0,0,0,0,0,0,0,0,0,0,0,0,0,0,0,0,0,0,0,0,0,0,0,0,0,0,0,0,0,0,0,0,0,0,0,0,0,0,0,0,0,0,0,0,0,0,0,0,0,0,0,0,0
630,0,0,0,0,0,0,0,0,0,0,0,0,0,0,0,0,0,0,0,0,0,0,0,0,0,0,0,0,0,0,0,0,0,0,0,0,0,0,0,0,0,0,0,0,0,0,0,0,0,0,0,0,0,0,0,0,0,0,0,0,0,0,0,0,0,0,0,0,0,0,0,0,0,0,0,0,0,0,0,0,0,0,0,0,0,0,0,0,0,0,0,0,0,0,0,0,0,0,0,0,0,0,0,0,0,0,0,0,0,0,0,0,0,0,0,0,0,0,0,0,0,0,0,0,0,0,0,0,0,0,0,0,0,0,0,0,0,0,0,0,0,0,0,0,0,0,0,0,0,0,0,0,0,0,0,0,0,0,0,0,0,0,0,0,0,0,0,0,0,0,0,0,0,0,0,0,0,0,0,0,0,0,0,0,0,0,0,0,0,0,0,0,0,0,0,0,0,0,0,0,0,0,0,0,0,0,0,0,0,0,0,0,0,0,0,0,0,0,0,0,0,0,0,0,0,0,0,0,0,0,0,0,0,0,0,0,0,0,0,0,0,0,0,0,0,0,0,0,0,0,0,0,0,0,0,0,0,0,0,0,0,0,0,0,0,0,0,0,0,0,0,0,0,0,0,0,0,0,0,0,0,0,0,0,0,0,0,0,0,0,0,0,0,0,0,0,0,0,0,0
631,0,0,0,0,0,0,0,0,0,0,0,0,0,0,0,0,0,0,0,0,0,0,0,0,0,0,0,0,0,0,0,0,0,0,0,0,0,0,0,0,0,0,0,0,0,0,0,0,0,0,0,0,0,0,0,0,0,0,0,0,0,0,0,0,0,0,0,0,0,0,0,0,0,0,0,0,0,0,0,0,0,0,0,0,0,0,0,0,0,0,0,0,0,0,0,0,0,0,0,0,0,0,0,0,0,0,0,0,0,0,0,0,0,0,0,0,0,0,0,0,0,0,0,0,0,0,0,0,0,0,0,0,0,0,0,0,0,0,0,0,0,0,0,0,0,0,0,0,0,0,0,0,0,0,0,0,0,0,0,0,0,0,0,0,0,0,0,0,0,0,0,0,0,0,0,0,0,0,0,0,0,0,0,0,0,0,0,0,0,0,0,0,0,0,0,0,0,0,0,0,0,0,0,0,0,0,0,0,0,0,0,0,0,0,0,0,0,0,0,0,0,0,0,0,0,0,0,0,0,0,0,0,0,0,0,0,0,0,0,0,0,0,0,0,0,0,0,0,0,0,0,0,0,0,0,0,0,0,0,0,0,0,0,0,0,0,0,0,0,0,0,0,0,0,0,0,0,0,0,0,0,0,0,0,0,0,0,0,0,0,0,0,0,0,0,0,0,0,0,0
632,0,0,0,0,0,0,0,0,0,0,0,0,0,0,0,0,0,0,0,0,0,0,0,0,0,0,0,0,0,0,0,0,0,0,0,0,0,0,0,0,0,0,0,0,0,0,0,0,0,0,0,0,0,0,0,0,0,0,0,0,0,0,0,0,0,0,0,0,0,0,0,0,0,0,0,0,0,0,0,0,0,0,0,0,0,0,0,0,0,0,0,0,0,0,0,0,0,0,0,0,0,0,0,0,0,0,0,0,0,0,0,0,0,0,0,0,0,0,0,0,0,0,0,0,0,0,0,0,0,0,0,0,0,0,0,0,0,0,0,0,0,0,0,0,0,0,0,0,0,0,0,0,0,0,0,0,0,0,0,0,0,0,0,0,0,0,0,0,0,0,0,0,0,0,0,0,0,0,0,0,0,0,0,0,0,0,0,0,0,0,0,0,0,0,0,0,0,0,0,0,0,0,0,0,0,0,0,0,0,0,0,0,0,0,0,0,0,0,0,0,0,0,0,0,0,0,0,0,0,0,0,0,0,0,0,0,0,0,0,0,0,0,0,0,0,0,0,0,0,0,0,0,0,0,0,0,0,0,0,0,0,0,0,0,0,0,0,0,0,0,0,0,0,0,0,0,0,0,0,0,0,0,0,0,0,0,0,0,0,0,0,0,0,0,0,0,0,0,0,0
633,0,0,0,0,0,0,0,0,0,0,0,0,0,0,0,0,0,0,0,0,0,0,0,0,0,0,0,0,0,0,0,0,0,0,0,0,0,0,0,0,0,0,0,0,0,0,0,0,0,0,0,0,0,0,0,0,0,0,0,0,0,0,0,0,0,0,0,0,0,0,0,0,0,0,0,0,0,0,0,0,0,0,0,0,0,0,0,0,0,0,0,0,0,0,0,0,0,0,0,0,0,0,0,0,0,0,0,0,0,0,0,0,0,0,0,0,0,0,0,0,0,0,0,0,0,0,0,0,0,0,0,0,0,0,0,0,0,0,0,0,0,0,0,0,0,0,0,0,0,0,0,0,0,0,0,0,0,0,0,0,0,0,0,0,0,0,0,0,0,0,0,0,0,0,0,0,0,0,0,0,0,0,0,0,0,0,0,0,0,0,0,0,0,0,0,0,0,0,0,0,0,0,0,0,0,0,0,0,0,0,0,0,0,0,0,0,0,0,0,0,0,0,0,0,0,0,0,0,0,0,0,0,0,0,0,0,0,0,0,0,0,0,0,0,0,0,0,0,0,0,0,0,0,0,0,0,0,0,0,0,0,0,0,0,0,0,0,0,0,0,0,0,0,0,0,0,0,0,0,0,0,0,0,0,0,0,0,0,0,0,0,0,0,0,0,0,0,0,0,0
634,0,0,0,0,0,0,0,0,0,0,0,0,0,0,0,0,0,0,0,0,0,0,0,0,0,0,0,0,0,0,0,0,0,0,0,0,0,0,0,0,0,0,0,0,0,0,0,0,0,0,0,0,0,0,0,0,0,0,0,0,0,0,0,0,0,0,0,0,0,0,0,0,0,0,0,0,0,0,0,0,0,0,0,0,0,0,0,0,0,0,0,0,0,0,0,0,0,0,0,0,0,0,0,0,0,0,0,0,0,0,0,0,0,0,0,0,0,0,0,0,0,0,0,0,0,0,0,0,0,0,0,0,0,0,0,0,0,0,0,0,0,0,0,0,0,0,0,0,0,0,0,0,0,0,0,0,0,0,0,0,0,0,0,0,0,0,0,0,0,0,0,0,0,0,0,0,0,0,0,0,0,0,0,0,0,0,0,0,0,0,0,0,0,0,0,0,0,0,0,0,0,0,0,0,0,0,0,0,0,0,0,0,0,0,0,0,0,0,0,0,0,0,0,0,0,0,0,0,0,0,0,0,0,0,0,0,0,0,0,0,0,0,0,0,0,0,0,0,0,0,0,0,0,0,0,0,0,0,0,0,0,0,0,0,0,0,0,0,0,0,0,0,0,0,0,0,0,0,0,0,0,0,0,0,0,0,0,0,0,0,0,0,0,0,0,0,0,0,0,0
635,0,0,0,0,0,0,0,0,0,0,0,0,0,0,0,0,0,0,0,0,0,0,0,0,0,0,0,0,0,0,0,0,0,0,0,0,0,0,0,0,0,0,0,0,0,0,0,0,0,0,0,0,0,0,0,0,0,0,0,0,0,0,0,0,0,0,0,0,0,0,0,0,0,0,0,0,0,0,0,0,0,0,0,0,0,0,0,0,0,0,0,0,0,0,0,0,0,0,0,0,0,0,0,0,0,0,0,0,0,0,0,0,0,0,0,0,0,0,0,0,0,0,0,0,0,0,0,0,0,0,0,0,0,0,0,0,0,0,0,0,0,0,0,0,0,0,0,0,0,0,0,0,0,0,0,0,0,0,0,0,0,0,0,0,0,0,0,0,0,0,0,0,0,0,0,0,0,0,0,0,0,0,0,0,0,0,0,0,0,0,0,0,0,0,0,0,0,0,0,0,0,0,0,0,0,0,0,0,0,0,0,0,0,0,0,0,0,0,0,0,0,0,0,0,0,0,0,0,0,0,0,0,0,0,0,0,0,0,0,0,0,0,0,0,0,0,0,0,0,0,0,0,0,0,0,0,0,0,0,0,0,0,0,0,0,0,0,0,0,0,0,0,0,0,0,0,0,0,0,0,0,0,0,0,0,0,0,0,0,0,0,0,0,0,0,0,0,0,0,0
636,0,0,0,0,0,0,0,0,0,0,0,0,0,0,0,0,0,0,0,0,0,0,0,0,0,0,0,0,0,0,0,0,0,0,0,0,0,0,0,0,0,0,0,0,0,0,0,0,0,0,0,0,0,0,0,0,0,0,0,0,0,0,0,0,0,0,0,0,0,0,0,0,0,0,0,0,0,0,0,0,0,0,0,0,0,0,0,0,0,0,0,0,0,0,0,0,0,0,0,0,0,0,0,0,0,0,0,0,0,0,0,0,0,0,0,0,0,0,0,0,0,0,0,0,0,0,0,0,0,0,0,0,0,0,0,0,0,0,0,0,0,0,0,0,0,0,0,0,0,0,0,0,0,0,0,0,0,0,0,0,0,0,0,0,0,0,0,0,0,0,0,0,0,0,0,0,0,0,0,0,0,0,0,0,0,0,0,0,0,0,0,0,0,0,0,0,0,0,0,0,0,0,0,0,0,0,0,0,0,0,0,0,0,0,0,0,0,0,0,0,0,0,0,0,0,0,0,0,0,0,0,0,0,0,0,0,0,0,0,0,0,0,0,0,0,0,0,0,0,0,0,0,0,0,0,0,0,0,0,0,0,0,0,0,0,0,0,0,0,0,0,0,0,0,0,0,0,0,0,0,0,0,0,0,0,0,0,0,0,0,0,0,0,0,0,0,0,0,0,0
637,0,0,0,0,0,0,0,0,0,0,0,0,0,0,0,0,0,0,0,0,0,0,0,0,0,0,0,0,0,0,0,0,0,0,0,0,0,0,0,0,0,0,0,0,0,0,0,0,0,0,0,0,0,0,0,0,0,0,0,0,0,0,0,0,0,0,0,0,0,0,0,0,0,0,0,0,0,0,0,0,0,0,0,0,0,0,0,0,0,0,0,0,0,0,0,0,0,0,0,0,0,0,0,0,0,0,0,0,0,0,0,0,0,0,0,0,0,0,0,0,0,0,0,0,0,0,0,0,0,0,0,0,0,0,0,0,0,0,0,0,0,0,0,0,0,0,0,0,0,0,0,0,0,0,0,0,0,0,0,0,0,0,0,0,0,0,0,0,0,0,0,0,0,0,0,0,0,0,0,0,0,0,0,0,0,0,0,0,0,0,0,0,0,0,0,0,0,0,0,0,0,0,0,0,0,0,0,0,0,0,0,0,0,0,0,0,0,0,0,0,0,0,0,0,0,0,0,0,0,0,0,0,0,0,0,0,0,0,0,0,0,0,0,0,0,0,0,0,0,0,0,0,0,0,0,0,0,0,0,0,0,0,0,0,0,0,0,0,0,0,0,0,0,0,0,0,0,0,0,0,0,0,0,0,0,0,0,0,0,0,0,0,0,0,0,0,0,0,0,0
638,0,0,0,0,0,0,0,0,0,0,0,0,0,0,0,0,0,0,0,0,0,0,0,0,0,0,0,0,0,0,0,0,0,0,0,0,0,0,0,0,0,0,0,0,0,0,0,0,0,0,0,0,0,0,0,0,0,0,0,0,0,0,0,0,0,0,0,0,0,0,0,0,0,0,0,0,0,0,0,0,0,0,0,0,0,0,0,0,0,0,0,0,0,0,0,0,0,0,0,0,0,0,0,0,0,0,0,0,0,0,0,0,0,0,0,0,0,0,0,0,0,0,0,0,0,0,0,0,0,0,0,0,0,0,0,0,0,0,0,0,0,0,0,0,0,0,0,0,0,0,0,0,0,0,0,0,0,0,0,0,0,0,0,0,0,0,0,0,0,0,0,0,0,0,0,0,0,0,0,0,0,0,0,0,0,0,0,0,0,0,0,0,0,0,0,0,0,0,0,0,0,0,0,0,0,0,0,0,0,0,0,0,0,0,0,0,0,0,0,0,0,0,0,0,0,0,0,0,0,0,0,0,0,0,0,0,0,0,0,0,0,0,0,0,0,0,0,0,0,0,0,0,0,0,0,0,0,0,0,0,0,0,0,0,0,0,0,0,0,0,0,0,0,0,0,0,0,0,0,0,0,0,0,0,0,0,0,0,0,0,0,0,0,0,0,0,0,0,0,0
639,0,0,0,0,0,0,0,0,0,0,0,0,0,0,0,0,0,0,0,0,0,0,0,0,0,0,0,0,0,0,0,0,0,0,0,0,0,0,0,0,0,0,0,0,0,0,0,0,0,0,0,0,0,0,0,0,0,0,0,0,0,0,0,0,0,0,0,0,0,0,0,0,0,0,0,0,0,0,0,0,0,0,0,0,0,0,0,0,0,0,0,0,0,0,0,0,0,0,0,0,0,0,0,0,0,0,0,0,0,0,0,0,0,0,0,0,0,0,0,0,0,0,0,0,0,0,0,0,0,0,0,0,0,0,0,0,0,0,0,0,0,0,0,0,0,0,0,0,0,0,0,0,0,0,0,0,0,0,0,0,0,0,0,0,0,0,0,0,0,0,0,0,0,0,0,0,0,0,0,0,0,0,0,0,0,0,0,0,0,0,0,0,0,0,0,0,0,0,0,0,0,0,0,0,0,0,0,0,0,0,0,0,0,0,0,0,0,0,0,0,0,0,0,0,0,0,0,0,0,0,0,0,0,0,0,0,0,0,0,0,0,0,0,0,0,0,0,0,0,0,0,0,0,0,0,0,0,0,0,0,0,0,0,0,0,0,0,0,0,0,0,0,0,0,0,0,0,0,0,0,0,0,0,0,0,0,0,0,0,0,0,0,0,0,0,0,0,0,0,0
640,0,0,0,0,0,0,0,0,0,0,0,0,0,0,0,0,0,0,0,0,0,0,0,0,0,0,0,0,0,0,0,0,0,0,0,0,0,0,0,0,0,0,0,0,0,0,0,0,0,0,0,0,0,0,0,0,0,0,0,0,0,0,0,0,0,0,0,0,0,0,0,0,0,0,0,0,0,0,0,0,0,0,0,0,0,0,0,0,0,0,0,0,0,0,0,0,0,0,0,0,0,0,0,0,0,0,0,0,0,0,0,0,0,0,0,0,0,0,0,0,0,0,0,0,0,0,0,0,0,0,0,0,0,0,0,0,0,0,0,0,0,0,0,0,0,0,0,0,0,0,0,0,0,0,0,0,0,0,0,0,0,0,0,0,0,0,0,0,0,0,0,0,0,0,0,0,0,0,0,0,0,0,0,0,0,0,0,0,0,0,0,0,0,0,0,0,0,0,0,0,0,0,0,0,0,0,0,0,0,0,0,0,0,0,0,0,0,0,0,0,0,0,0,0,0,0,0,0,0,0,0,0,0,0,0,0,0,0,0,0,0,0,0,0,0,0,0,0,0,0,0,0,0,0,0,0,0,0,0,0,0,0,0,0,0,0,0,0,0,0,0,0,0,0,0,0,0,0,0,0,0,0,0,0,0,0,0,0,0,0,0,0,0,0,0,0,0,0,0,0
641,0,0,0,0,0,0,0,0,0,0,0,0,0,0,0,0,0,0,0,0,0,0,0,0,0,0,0,0,0,0,0,0,0,0,0,0,0,0,0,0,0,0,0,0,0,0,0,0,0,0,0,0,0,0,0,0,0,0,0,0,0,0,0,0,0,0,0,0,0,0,0,0,0,0,0,0,0,0,0,0,0,0,0,0,0,0,0,0,0,0,0,0,0,0,0,0,0,0,0,0,0,0,0,0,0,0,0,0,0,0,0,0,0,0,0,0,0,0,0,0,0,0,0,0,0,0,0,0,0,0,0,0,0,0,0,0,0,0,0,0,0,0,0,0,0,0,0,0,0,0,0,0,0,0,0,0,0,0,0,0,0,0,0,0,0,0,0,0,0,0,0,0,0,0,0,0,0,0,0,0,0,0,0,0,0,0,0,0,0,0,0,0,0,0,0,0,0,0,0,0,0,0,0,0,0,0,0,0,0,0,0,0,0,0,0,0,0,0,0,0,0,0,0,0,0,0,0,0,0,0,0,0,0,0,0,0,0,0,0,0,0,0,0,0,0,0,0,0,0,0,0,0,0,0,0,0,0,0,0,0,0,0,0,0,0,0,0,0,0,0,0,0,0,0,0,0,0,0,0,0,0,0,0,0,0,0,0,0,0,0,0,0,0,0,0,0,0,0,0,0
642,0,0,0,0,0,0,0,0,0,0,0,0,0,0,0,0,0,0,0,0,0,0,0,0,0,0,0,0,0,0,0,0,0,0,0,0,0,0,0,0,0,0,0,0,0,0,0,0,0,0,0,0,0,0,0,0,0,0,0,0,0,0,0,0,0,0,0,0,0,0,0,0,0,0,0,0,0,0,0,0,0,0,0,0,0,0,0,0,0,0,0,0,0,0,0,0,0,0,0,0,0,0,0,0,0,0,0,0,0,0,0,0,0,0,0,0,0,0,0,0,0,0,0,0,0,0,0,0,0,0,0,0,0,0,0,0,0,0,0,0,0,0,0,0,0,0,0,0,0,0,0,0,0,0,0,0,0,0,0,0,0,0,0,0,0,0,0,0,0,0,0,0,0,0,0,0,0,0,0,0,0,0,0,0,0,0,0,0,0,0,0,0,0,0,0,0,0,0,0,0,0,0,0,0,0,0,0,0,0,0,0,0,0,0,0,0,0,0,0,0,0,0,0,0,0,0,0,0,0,0,0,0,0,0,0,0,0,0,0,0,0,0,0,0,0,0,0,0,0,0,0,0,0,0,0,0,0,0,0,0,0,0,0,0,0,0,0,0,0,0,0,0,0,0,0,0,0,0,0,0,0,0,0,0,0,0,0,0,0,0,0,0,0,0,0,0,0,0,0,0
643,0,0,0,0,0,0,0,0,0,0,0,0,0,0,0,0,0,0,0,0,0,0,0,0,0,0,0,0,0,0,0,0,0,0,0,0,0,0,0,0,0,0,0,0,0,0,0,0,0,0,0,0,0,0,0,0,0,0,0,0,0,0,0,0,0,0,0,0,0,0,0,0,0,0,0,0,0,0,0,0,0,0,0,0,0,0,0,0,0,0,0,0,0,0,0,0,0,0,0,0,0,0,0,0,0,0,0,0,0,0,0,0,0,0,0,0,0,0,0,0,0,0,0,0,0,0,0,0,0,0,0,0,0,0,0,0,0,0,0,0,0,0,0,0,0,0,0,0,0,0,0,0,0,0,0,0,0,0,0,0,0,0,0,0,0,0,0,0,0,0,0,0,0,0,0,0,0,0,0,0,0,0,0,0,0,0,0,0,0,0,0,0,0,0,0,0,0,0,0,0,0,0,0,0,0,0,0,0,0,0,0,0,0,0,0,0,0,0,0,0,0,0,0,0,0,0,0,0,0,0,0,0,0,0,0,0,0,0,0,0,0,0,0,0,0,0,0,0,0,0,0,0,0,0,0,0,0,0,0,0,0,0,0,0,0,0,0,0,0,0,0,0,0,0,0,0,0,0,0,0,0,0,0,0,0,0,0,0,0,0,0,0,0,0,0,0,0,0,0,0
644,0,0,0,0,0,0,0,0,0,0,0,0,0,0,0,0,0,0,0,0,0,0,0,0,0,0,0,0,0,0,0,0,0,0,0,0,0,0,0,0,0,0,0,0,0,0,0,0,0,0,0,0,0,0,0,0,0,0,0,0,0,0,0,0,0,0,0,0,0,0,0,0,0,0,0,0,0,0,0,0,0,0,0,0,0,0,0,0,0,0,0,0,0,0,0,0,0,0,0,0,0,0,0,0,0,0,0,0,0,0,0,0,0,0,0,0,0,0,0,0,0,0,0,0,0,0,0,0,0,0,0,0,0,0,0,0,0,0,0,0,0,0,0,0,0,0,0,0,0,0,0,0,0,0,0,0,0,0,0,0,0,0,0,0,0,0,0,0,0,0,0,0,0,0,0,0,0,0,0,0,0,0,0,0,0,0,0,0,0,0,0,0,0,0,0,0,0,0,0,0,0,0,0,0,0,0,0,0,0,0,0,0,0,0,0,0,0,0,0,0,0,0,0,0,0,0,0,0,0,0,0,0,0,0,0,0,0,0,0,0,0,0,0,0,0,0,0,0,0,0,0,0,0,0,0,0,0,0,0,0,0,0,0,0,0,0,0,0,0,0,0,0,0,0,0,0,0,0,0,0,0,0,0,0,0,0,0,0,0,0,0,0,0,0,0,0,0,0,0,0
645,0,0,0,0,0,0,0,0,0,0,0,0,0,0,0,0,0,0,0,0,0,0,0,0,0,0,0,0,0,0,0,0,0,0,0,0,0,0,0,0,0,0,0,0,0,0,0,0,0,0,0,0,0,0,0,0,0,0,0,0,0,0,0,0,0,0,0,0,0,0,0,0,0,0,0,0,0,0,0,0,0,0,0,0,0,0,0,0,0,0,0,0,0,0,0,0,0,0,0,0,0,0,0,0,0,0,0,0,0,0,0,0,0,0,0,0,0,0,0,0,0,0,0,0,0,0,0,0,0,0,0,0,0,0,0,0,0,0,0,0,0,0,0,0,0,0,0,0,0,0,0,0,0,0,0,0,0,0,0,0,0,0,0,0,0,0,0,0,0,0,0,0,0,0,0,0,0,0,0,0,0,0,0,0,0,0,0,0,0,0,0,0,0,0,0,0,0,0,0,0,0,0,0,0,0,0,0,0,0,0,0,0,0,0,0,0,0,0,0,0,0,0,0,0,0,0,0,0,0,0,0,0,0,0,0,0,0,0,0,0,0,0,0,0,0,0,0,0,0,0,0,0,0,0,0,0,0,0,0,0,0,0,0,0,0,0,0,0,0,0,0,0,0,0,0,0,0,0,0,0,0,0,0,0,0,0,0,0,0,0,0,0,0,0,0,0,0,0,0,0
646,0,0,0,0,0,0,0,0,0,0,0,0,0,0,0,0,0,0,0,0,0,0,0,0,0,0,0,0,0,0,0,0,0,0,0,0,0,0,0,0,0,0,0,0,0,0,0,0,0,0,0,0,0,0,0,0,0,0,0,0,0,0,0,0,0,0,0,0,0,0,0,0,0,0,0,0,0,0,0,0,0,0,0,0,0,0,0,0,0,0,0,0,0,0,0,0,0,0,0,0,0,0,0,0,0,0,0,0,0,0,0,0,0,0,0,0,0,0,0,0,0,0,0,0,0,0,0,0,0,0,0,0,0,0,0,0,0,0,0,0,0,0,0,0,0,0,0,0,0,0,0,0,0,0,0,0,0,0,0,0,0,0,0,0,0,0,0,0,0,0,0,0,0,0,0,0,0,0,0,0,0,0,0,0,0,0,0,0,0,0,0,0,0,0,0,0,0,0,0,0,0,0,0,0,0,0,0,0,0,0,0,0,0,0,0,0,0,0,0,0,0,0,0,0,0,0,0,0,0,0,0,0,0,0,0,0,0,0,0,0,0,0,0,0,0,0,0,0,0,0,0,0,0,0,0,0,0,0,0,0,0,0,0,0,0,0,0,0,0,0,0,0,0,0,0,0,0,0,0,0,0,0,0,0,0,0,0,0,0,0,0,0,0,0,0,0,0,0,0,0
647,0,0,0,0,0,0,0,0,0,0,0,0,0,0,0,0,0,0,0,0,0,0,0,0,0,0,0,0,0,0,0,0,0,0,0,0,0,0,0,0,0,0,0,0,0,0,0,0,0,0,0,0,0,0,0,0,0,0,0,0,0,0,0,0,0,0,0,0,0,0,0,0,0,0,0,0,0,0,0,0,0,0,0,0,0,0,0,0,0,0,0,0,0,0,0,0,0,0,0,0,0,0,0,0,0,0,0,0,0,0,0,0,0,0,0,0,0,0,0,0,0,0,0,0,0,0,0,0,0,0,0,0,0,0,0,0,0,0,0,0,0,0,0,0,0,0,0,0,0,0,0,0,0,0,0,0,0,0,0,0,0,0,0,0,0,0,0,0,0,0,0,0,0,0,0,0,0,0,0,0,0,0,0,0,0,0,0,0,0,0,0,0,0,0,0,0,0,0,0,0,0,0,0,0,0,0,0,0,0,0,0,0,0,0,0,0,0,0,0,0,0,0,0,0,0,0,0,0,0,0,0,0,0,0,0,0,0,0,0,0,0,0,0,0,0,0,0,0,0,0,0,0,0,0,0,0,0,0,0,0,0,0,0,0,0,0,0,0,0,0,0,0,0,0,0,0,0,0,0,0,0,0,0,0,0,0,0,0,0,0,0,0,0,0,0,0,0,0,0,0
648,0,0,0,0,0,0,0,0,0,0,0,0,0,0,0,0,0,0,0,0,0,0,0,0,0,0,0,0,0,0,0,0,0,0,0,0,0,0,0,0,0,0,0,0,0,0,0,0,0,0,0,0,0,0,0,0,0,0,0,0,0,0,0,0,0,0,0,0,0,0,0,0,0,0,0,0,0,0,0,0,0,0,0,0,0,0,0,0,0,0,0,0,0,0,0,0,0,0,0,0,0,0,0,0,0,0,0,0,0,0,0,0,0,0,0,0,0,0,0,0,0,0,0,0,0,0,0,0,0,0,0,0,0,0,0,0,0,0,0,0,0,0,0,0,0,0,0,0,0,0,0,0,0,0,0,0,0,0,0,0,0,0,0,0,0,0,0,0,0,0,0,0,0,0,0,0,0,0,0,0,0,0,0,0,0,0,0,0,0,0,0,0,0,0,0,0,0,0,0,0,0,0,0,0,0,0,0,0,0,0,0,0,0,0,0,0,0,0,0,0,0,0,0,0,0,0,0,0,0,0,0,0,0,0,0,0,0,0,0,0,0,0,0,0,0,0,0,0,0,0,0,0,0,0,0,0,0,0,0,0,0,0,0,0,0,0,0,0,0,0,0,0,0,0,0,0,0,0,0,0,0,0,0,0,0,0,0,0,0,0,0,0,0,0,0,0,0,0,0,0
649,0,0,0,0,0,0,0,0,0,0,0,0,0,0,0,0,0,0,0,0,0,0,0,0,0,0,0,0,0,0,0,0,0,0,0,0,0,0,0,0,0,0,0,0,0,0,0,0,0,0,0,0,0,0,0,0,0,0,0,0,0,0,0,0,0,0,0,0,0,0,0,0,0,0,0,0,0,0,0,0,0,0,0,0,0,0,0,0,0,0,0,0,0,0,0,0,0,0,0,0,0,0,0,0,0,0,0,0,0,0,0,0,0,0,0,0,0,0,0,0,0,0,0,0,0,0,0,0,0,0,0,0,0,0,0,0,0,0,0,0,0,0,0,0,0,0,0,0,0,0,0,0,0,0,0,0,0,0,0,0,0,0,0,0,0,0,0,0,0,0,0,0,0,0,0,0,0,0,0,0,0,0,0,0,0,0,0,0,0,0,0,0,0,0,0,0,0,0,0,0,0,0,0,0,0,0,0,0,0,0,0,0,0,0,0,0,0,0,0,0,0,0,0,0,0,0,0,0,0,0,0,0,0,0,0,0,0,0,0,0,0,0,0,0,0,0,0,0,0,0,0,0,0,0,0,0,0,0,0,0,0,0,0,0,0,0,0,0,0,0,0,0,0,0,0,0,0,0,0,0,0,0,0,0,0,0,0,0,0,0,0,0,0,0,0,0,0,0,0,0
650,0,0,0,0,0,0,0,0,0,0,0,0,0,0,0,0,0,0,0,0,0,0,0,0,0,0,0,0,0,0,0,0,0,0,0,0,0,0,0,0,0,0,0,0,0,0,0,0,0,0,0,0,0,0,0,0,0,0,0,0,0,0,0,0,0,0,0,0,0,0,0,0,0,0,0,0,0,0,0,0,0,0,0,0,0,0,0,0,0,0,0,0,0,0,0,0,0,0,0,0,0,0,0,0,0,0,0,0,0,0,0,0,0,0,0,0,0,0,0,0,0,0,0,0,0,0,0,0,0,0,0,0,0,0,0,0,0,0,0,0,0,0,0,0,0,0,0,0,0,0,0,0,0,0,0,0,0,0,0,0,0,0,0,0,0,0,0,0,0,0,0,0,0,0,0,0,0,0,0,0,0,0,0,0,0,0,0,0,0,0,0,0,0,0,0,0,0,0,0,0,0,0,0,0,0,0,0,0,0,0,0,0,0,0,0,0,0,0,0,0,0,0,0,0,0,0,0,0,0,0,0,0,0,0,0,0,0,0,0,0,0,0,0,0,0,0,0,0,0,0,0,0,0,0,0,0,0,0,0,0,0,0,0,0,0,0,0,0,0,0,0,0,0,0,0,0,0,0,0,0,0,0,0,0,0,0,0,0,0,0,0,0,0,0,0,0,0,0,0,0
651,0,0,0,0,0,0,0,0,0,0,0,0,0,0,0,0,0,0,0,0,0,0,0,0,0,0,0,0,0,0,0,0,0,0,0,0,0,0,0,0,0,0,0,0,0,0,0,0,0,0,0,0,0,0,0,0,0,0,0,0,0,0,0,0,0,0,0,0,0,0,0,0,0,0,0,0,0,0,0,0,0,0,0,0,0,0,0,0,0,0,0,0,0,0,0,0,0,0,0,0,0,0,0,0,0,0,0,0,0,0,0,0,0,0,0,0,0,0,0,0,0,0,0,0,0,0,0,0,0,0,0,0,0,0,0,0,0,0,0,0,0,0,0,0,0,0,0,0,0,0,0,0,0,0,0,0,0,0,0,0,0,0,0,0,0,0,0,0,0,0,0,0,0,0,0,0,0,0,0,0,0,0,0,0,0,0,0,0,0,0,0,0,0,0,0,0,0,0,0,0,0,0,0,0,0,0,0,0,0,0,0,0,0,0,0,0,0,0,0,0,0,0,0,0,0,0,0,0,0,0,0,0,0,0,0,0,0,0,0,0,0,0,0,0,0,0,0,0,0,0,0,0,0,0,0,0,0,0,0,0,0,0,0,0,0,0,0,0,0,0,0,0,0,0,0,0,0,0,0,0,0,0,0,0,0,0,0,0,0,0,0,0,0,0,0,0,0,0,0,0
652,0,0,0,0,0,0,0,0,0,0,0,0,0,0,0,0,0,0,0,0,0,0,0,0,0,0,0,0,0,0,0,0,0,0,0,0,0,0,0,0,0,0,0,0,0,0,0,0,0,0,0,0,0,0,0,0,0,0,0,0,0,0,0,0,0,0,0,0,0,0,0,0,0,0,0,0,0,0,0,0,0,0,0,0,0,0,0,0,0,0,0,0,0,0,0,0,0,0,0,0,0,0,0,0,0,0,0,0,0,0,0,0,0,0,0,0,0,0,0,0,0,0,0,0,0,0,0,0,0,0,0,0,0,0,0,0,0,0,0,0,0,0,0,0,0,0,0,0,0,0,0,0,0,0,0,0,0,0,0,0,0,0,0,0,0,0,0,0,0,0,0,0,0,0,0,0,0,0,0,0,0,0,0,0,0,0,0,0,0,0,0,0,0,0,0,0,0,0,0,0,0,0,0,0,0,0,0,0,0,0,0,0,0,0,0,0,0,0,0,0,0,0,0,0,0,0,0,0,0,0,0,0,0,0,0,0,0,0,0,0,0,0,0,0,0,0,0,0,0,0,0,0,0,0,0,0,0,0,0,0,0,0,0,0,0,0,0,0,0,0,0,0,0,0,0,0,0,0,0,0,0,0,0,0,0,0,0,0,0,0,0,0,0,0,0,0,0,0,0,0
653,0,0,0,0,0,0,0,0,0,0,0,0,0,0,0,0,0,0,0,0,0,0,0,0,0,0,0,0,0,0,0,0,0,0,0,0,0,0,0,0,0,0,0,0,0,0,0,0,0,0,0,0,0,0,0,0,0,0,0,0,0,0,0,0,0,0,0,0,0,0,0,0,0,0,0,0,0,0,0,0,0,0,0,0,0,0,0,0,0,0,0,0,0,0,0,0,0,0,0,0,0,0,0,0,0,0,0,0,0,0,0,0,0,0,0,0,0,0,0,0,0,0,0,0,0,0,0,0,0,0,0,0,0,0,0,0,0,0,0,0,0,0,0,0,0,0,0,0,0,0,0,0,0,0,0,0,0,0,0,0,0,0,0,0,0,0,0,0,0,0,0,0,0,0,0,0,0,0,0,0,0,0,0,0,0,0,0,0,0,0,0,0,0,0,0,0,0,0,0,0,0,0,0,0,0,0,0,0,0,0,0,0,0,0,0,0,0,0,0,0,0,0,0,0,0,0,0,0,0,0,0,0,0,0,0,0,0,0,0,0,0,0,0,0,0,0,0,0,0,0,0,0,0,0,0,0,0,0,0,0,0,0,0,0,0,0,0,0,0,0,0,0,0,0,0,0,0,0,0,0,0,0,0,0,0,0,0,0,0,0,0,0,0,0,0,0,0,0,0,0
654,0,0,0,0,0,0,0,0,0,0,0,0,0,0,0,0,0,0,0,0,0,0,0,0,0,0,0,0,0,0,0,0,0,0,0,0,0,0,0,0,0,0,0,0,0,0,0,0,0,0,0,0,0,0,0,0,0,0,0,0,0,0,0,0,0,0,0,0,0,0,0,0,0,0,0,0,0,0,0,0,0,0,0,0,0,0,0,0,0,0,0,0,0,0,0,0,0,0,0,0,0,0,0,0,0,0,0,0,0,0,0,0,0,0,0,0,0,0,0,0,0,0,0,0,0,0,0,0,0,0,0,0,0,0,0,0,0,0,0,0,0,0,0,0,0,0,0,0,0,0,0,0,0,0,0,0,0,0,0,0,0,0,0,0,0,0,0,0,0,0,0,0,0,0,0,0,0,0,0,0,0,0,0,0,0,0,0,0,0,0,0,0,0,0,0,0,0,0,0,0,0,0,0,0,0,0,0,0,0,0,0,0,0,0,0,0,0,0,0,0,0,0,0,0,0,0,0,0,0,0,0,0,0,0,0,0,0,0,0,0,0,0,0,0,0,0,0,0,0,0,0,0,0,0,0,0,0,0,0,0,0,0,0,0,0,0,0,0,0,0,0,0,0,0,0,0,0,0,0,0,0,0,0,0,0,0,0,0,0,0,0,0,0,0,0,0,0,0,0,0
655,0,0,0,0,0,0,0,0,0,0,0,0,0,0,0,0,0,0,0,0,0,0,0,0,0,0,0,0,0,0,0,0,0,0,0,0,0,0,0,0,0,0,0,0,0,0,0,0,0,0,0,0,0,0,0,0,0,0,0,0,0,0,0,0,0,0,0,0,0,0,0,0,0,0,0,0,0,0,0,0,0,0,0,0,0,0,0,0,0,0,0,0,0,0,0,0,0,0,0,0,0,0,0,0,0,0,0,0,0,0,0,0,0,0,0,0,0,0,0,0,0,0,0,0,0,0,0,0,0,0,0,0,0,0,0,0,0,0,0,0,0,0,0,0,0,0,0,0,0,0,0,0,0,0,0,0,0,0,0,0,0,0,0,0,0,0,0,0,0,0,0,0,0,0,0,0,0,0,0,0,0,0,0,0,0,0,0,0,0,0,0,0,0,0,0,0,0,0,0,0,0,0,0,0,0,0,0,0,0,0,0,0,0,0,0,0,0,0,0,0,0,0,0,0,0,0,0,0,0,0,0,0,0,0,0,0,0,0,0,0,0,0,0,0,0,0,0,0,0,0,0,0,0,0,0,0,0,0,0,0,0,0,0,0,0,0,0,0,0,0,0,0,0,0,0,0,0,0,0,0,0,0,0,0,0,0,0,0,0,0,0,0,0,0,0,0,0,0,0,0
656,0,0,0,0,0,0,0,0,0,0,0,0,0,0,0,0,0,0,0,0,0,0,0,0,0,0,0,0,0,0,0,0,0,0,0,0,0,0,0,0,0,0,0,0,0,0,0,0,0,0,0,0,0,0,0,0,0,0,0,0,0,0,0,0,0,0,0,0,0,0,0,0,0,0,0,0,0,0,0,0,0,0,0,0,0,0,0,0,0,0,0,0,0,0,0,0,0,0,0,0,0,0,0,0,0,0,0,0,0,0,0,0,0,0,0,0,0,0,0,0,0,0,0,0,0,0,0,0,0,0,0,0,0,0,0,0,0,0,0,0,0,0,0,0,0,0,0,0,0,0,0,0,0,0,0,0,0,0,0,0,0,0,0,0,0,0,0,0,0,0,0,0,0,0,0,0,0,0,0,0,0,0,0,0,0,0,0,0,0,0,0,0,0,0,0,0,0,0,0,0,0,0,0,0,0,0,0,0,0,0,0,0,0,0,0,0,0,0,0,0,0,0,0,0,0,0,0,0,0,0,0,0,0,0,0,0,0,0,0,0,0,0,0,0,0,0,0,0,0,0,0,0,0,0,0,0,0,0,0,0,0,0,0,0,0,0,0,0,0,0,0,0,0,0,0,0,0,0,0,0,0,0,0,0,0,0,0,0,0,0,0,0,0,0,0,0,0,0,0,0
657,0,0,0,0,0,0,0,0,0,0,0,0,0,0,0,0,0,0,0,0,0,0,0,0,0,0,0,0,0,0,0,0,0,0,0,0,0,0,0,0,0,0,0,0,0,0,0,0,0,0,0,0,0,0,0,0,0,0,0,0,0,0,0,0,0,0,0,0,0,0,0,0,0,0,0,0,0,0,0,0,0,0,0,0,0,0,0,0,0,0,0,0,0,0,0,0,0,0,0,0,0,0,0,0,0,0,0,0,0,0,0,0,0,0,0,0,0,0,0,0,0,0,0,0,0,0,0,0,0,0,0,0,0,0,0,0,0,0,0,0,0,0,0,0,0,0,0,0,0,0,0,0,0,0,0,0,0,0,0,0,0,0,0,0,0,0,0,0,0,0,0,0,0,0,0,0,0,0,0,0,0,0,0,0,0,0,0,0,0,0,0,0,0,0,0,0,0,0,0,0,0,0,0,0,0,0,0,0,0,0,0,0,0,0,0,0,0,0,0,0,0,0,0,0,0,0,0,0,0,0,0,0,0,0,0,0,0,0,0,0,0,0,0,0,0,0,0,0,0,0,0,0,0,0,0,0,0,0,0,0,0,0,0,0,0,0,0,0,0,0,0,0,0,0,0,0,0,0,0,0,0,0,0,0,0,0,0,0,0,0,0,0,0,0,0,0,0,0,0,0
658,0,0,0,0,0,0,0,0,0,0,0,0,0,0,0,0,0,0,0,0,0,0,0,0,0,0,0,0,0,0,0,0,0,0,0,0,0,0,0,0,0,0,0,0,0,0,0,0,0,0,0,0,0,0,0,0,0,0,0,0,0,0,0,0,0,0,0,0,0,0,0,0,0,0,0,0,0,0,0,0,0,0,0,0,0,0,0,0,0,0,0,0,0,0,0,0,0,0,0,0,0,0,0,0,0,0,0,0,0,0,0,0,0,0,0,0,0,0,0,0,0,0,0,0,0,0,0,0,0,0,0,0,0,0,0,0,0,0,0,0,0,0,0,0,0,0,0,0,0,0,0,0,0,0,0,0,0,0,0,0,0,0,0,0,0,0,0,0,0,0,0,0,0,0,0,0,0,0,0,0,0,0,0,0,0,0,0,0,0,0,0,0,0,0,0,0,0,0,0,0,0,0,0,0,0,0,0,0,0,0,0,0,0,0,0,0,0,0,0,0,0,0,0,0,0,0,0,0,0,0,0,0,0,0,0,0,0,0,0,0,0,0,0,0,0,0,0,0,0,0,0,0,0,0,0,0,0,0,0,0,0,0,0,0,0,0,0,0,0,0,0,0,0,0,0,0,0,0,0,0,0,0,0,0,0,0,0,0,0,0,0,0,0,0,0,0,0,0,0,0
659,0,0,0,0,0,0,0,0,0,0,0,0,0,0,0,0,0,0,0,0,0,0,0,0,0,0,0,0,0,0,0,0,0,0,0,0,0,0,0,0,0,0,0,0,0,0,0,0,0,0,0,0,0,0,0,0,0,0,0,0,0,0,0,0,0,0,0,0,0,0,0,0,0,0,0,0,0,0,0,0,0,0,0,0,0,0,0,0,0,0,0,0,0,0,0,0,0,0,0,0,0,0,0,0,0,0,0,0,0,0,0,0,0,0,0,0,0,0,0,0,0,0,0,0,0,0,0,0,0,0,0,0,0,0,0,0,0,0,0,0,0,0,0,0,0,0,0,0,0,0,0,0,0,0,0,0,0,0,0,0,0,0,0,0,0,0,0,0,0,0,0,0,0,0,0,0,0,0,0,0,0,0,0,0,0,0,0,0,0,0,0,0,0,0,0,0,0,0,0,0,0,0,0,0,0,0,0,0,0,0,0,0,0,0,0,0,0,0,0,0,0,0,0,0,0,0,0,0,0,0,0,0,0,0,0,0,0,0,0,0,0,0,0,0,0,0,0,0,0,0,0,0,0,0,0,0,0,0,0,0,0,0,0,0,0,0,0,0,0,0,0,0,0,0,0,0,0,0,0,0,0,0,0,0,0,0,0,0,0,0,0,0,0,0,0,0,0,0,0,0
660,0,0,0,0,0,0,0,0,0,0,0,0,0,0,0,0,0,0,0,0,0,0,0,0,0,0,0,0,0,0,0,0,0,0,0,0,0,0,0,0,0,0,0,0,0,0,0,0,0,0,0,0,0,0,0,0,0,0,0,0,0,0,0,0,0,0,0,0,0,0,0,0,0,0,0,0,0,0,0,0,0,0,0,0,0,0,0,0,0,0,0,0,0,0,0,0,0,0,0,0,0,0,0,0,0,0,0,0,0,0,0,0,0,0,0,0,0,0,0,0,0,0,0,0,0,0,0,0,0,0,0,0,0,0,0,0,0,0,0,0,0,0,0,0,0,0,0,0,0,0,0,0,0,0,0,0,0,0,0,0,0,0,0,0,0,0,0,0,0,0,0,0,0,0,0,0,0,0,0,0,0,0,0,0,0,0,0,0,0,0,0,0,0,0,0,0,0,0,0,0,0,0,0,0,0,0,0,0,0,0,0,0,0,0,0,0,0,0,0,0,0,0,0,0,0,0,0,0,0,0,0,0,0,0,0,0,0,0,0,0,0,0,0,0,0,0,0,0,0,0,0,0,0,0,0,0,0,0,0,0,0,0,0,0,0,0,0,0,0,0,0,0,0,0,0,0,0,0,0,0,0,0,0,0,0,0,0,0,0,0,0,0,0,0,0,0,0,0,0,0
661,0,0,0,0,0,0,0,0,0,0,0,0,0,0,0,0,0,0,0,0,0,0,0,0,0,0,0,0,0,0,0,0,0,0,0,0,0,0,0,0,0,0,0,0,0,0,0,0,0,0,0,0,0,0,0,0,0,0,0,0,0,0,0,0,0,0,0,0,0,0,0,0,0,0,0,0,0,0,0,0,0,0,0,0,0,0,0,0,0,0,0,0,0,0,0,0,0,0,0,0,0,0,0,0,0,0,0,0,0,0,0,0,0,0,0,0,0,0,0,0,0,0,0,0,0,0,0,0,0,0,0,0,0,0,0,0,0,0,0,0,0,0,0,0,0,0,0,0,0,0,0,0,0,0,0,0,0,0,0,0,0,0,0,0,0,0,0,0,0,0,0,0,0,0,0,0,0,0,0,0,0,0,0,0,0,0,0,0,0,0,0,0,0,0,0,0,0,0,0,0,0,0,0,0,0,0,0,0,0,0,0,0,0,0,0,0,0,0,0,0,0,0,0,0,0,0,0,0,0,0,0,0,0,0,0,0,0,0,0,0,0,0,0,0,0,0,0,0,0,0,0,0,0,0,0,0,0,0,0,0,0,0,0,0,0,0,0,0,0,0,0,0,0,0,0,0,0,0,0,0,0,0,0,0,0,0,0,0,0,0,0,0,0,0,0,0,0,0,0,0
662,0,0,0,0,0,0,0,0,0,0,0,0,0,0,0,0,0,0,0,0,0,0,0,0,0,0,0,0,0,0,0,0,0,0,0,0,0,0,0,0,0,0,0,0,0,0,0,0,0,0,0,0,0,0,0,0,0,0,0,0,0,0,0,0,0,0,0,0,0,0,0,0,0,0,0,0,0,0,0,0,0,0,0,0,0,0,0,0,0,0,0,0,0,0,0,0,0,0,0,0,0,0,0,0,0,0,0,0,0,0,0,0,0,0,0,0,0,0,0,0,0,0,0,0,0,0,0,0,0,0,0,0,0,0,0,0,0,0,0,0,0,0,0,0,0,0,0,0,0,0,0,0,0,0,0,0,0,0,0,0,0,0,0,0,0,0,0,0,0,0,0,0,0,0,0,0,0,0,0,0,0,0,0,0,0,0,0,0,0,0,0,0,0,0,0,0,0,0,0,0,0,0,0,0,0,0,0,0,0,0,0,0,0,0,0,0,0,0,0,0,0,0,0,0,0,0,0,0,0,0,0,0,0,0,0,0,0,0,0,0,0,0,0,0,0,0,0,0,0,0,0,0,0,0,0,0,0,0,0,0,0,0,0,0,0,0,0,0,0,0,0,0,0,0,0,0,0,0,0,0,0,0,0,0,0,0,0,0,0,0,0,0,0,0,0,0,0,0,0,0
663,0,0,0,0,0,0,0,0,0,0,0,0,0,0,0,0,0,0,0,0,0,0,0,0,0,0,0,0,0,0,0,0,0,0,0,0,0,0,0,0,0,0,0,0,0,0,0,0,0,0,0,0,0,0,0,0,0,0,0,0,0,0,0,0,0,0,0,0,0,0,0,0,0,0,0,0,0,0,0,0,0,0,0,0,0,0,0,0,0,0,0,0,0,0,0,0,0,0,0,0,0,0,0,0,0,0,0,0,0,0,0,0,0,0,0,0,0,0,0,0,0,0,0,0,0,0,0,0,0,0,0,0,0,0,0,0,0,0,0,0,0,0,0,0,0,0,0,0,0,0,0,0,0,0,0,0,0,0,0,0,0,0,0,0,0,0,0,0,0,0,0,0,0,0,0,0,0,0,0,0,0,0,0,0,0,0,0,0,0,0,0,0,0,0,0,0,0,0,0,0,0,0,0,0,0,0,0,0,0,0,0,0,0,0,0,0,0,0,0,0,0,0,0,0,0,0,0,0,0,0,0,0,0,0,0,0,0,0,0,0,0,0,0,0,0,0,0,0,0,0,0,0,0,0,0,0,0,0,0,0,0,0,0,0,0,0,0,0,0,0,0,0,0,0,0,0,0,0,0,0,0,0,0,0,0,0,0,0,0,0,0,0,0,0,0,0,0,0,0,0
664,0,0,0,0,0,0,0,0,0,0,0,0,0,0,0,0,0,0,0,0,0,0,0,0,0,0,0,0,0,0,0,0,0,0,0,0,0,0,0,0,0,0,0,0,0,0,0,0,0,0,0,0,0,0,0,0,0,0,0,0,0,0,0,0,0,0,0,0,0,0,0,0,0,0,0,0,0,0,0,0,0,0,0,0,0,0,0,0,0,0,0,0,0,0,0,0,0,0,0,0,0,0,0,0,0,0,0,0,0,0,0,0,0,0,0,0,0,0,0,0,0,0,0,0,0,0,0,0,0,0,0,0,0,0,0,0,0,0,0,0,0,0,0,0,0,0,0,0,0,0,0,0,0,0,0,0,0,0,0,0,0,0,0,0,0,0,0,0,0,0,0,0,0,0,0,0,0,0,0,0,0,0,0,0,0,0,0,0,0,0,0,0,0,0,0,0,0,0,0,0,0,0,0,0,0,0,0,0,0,0,0,0,0,0,0,0,0,0,0,0,0,0,0,0,0,0,0,0,0,0,0,0,0,0,0,0,0,0,0,0,0,0,0,0,0,0,0,0,0,0,0,0,0,0,0,0,0,0,0,0,0,0,0,0,0,0,0,0,0,0,0,0,0,0,0,0,0,0,0,0,0,0,0,0,0,0,0,0,0,0,0,0,0,0,0,0,0,0,0,0
665,0,0,0,0,0,0,0,0,0,0,0,0,0,0,0,0,0,0,0,0,0,0,0,0,0,0,0,0,0,0,0,0,0,0,0,0,0,0,0,0,0,0,0,0,0,0,0,0,0,0,0,0,0,0,0,0,0,0,0,0,0,0,0,0,0,0,0,0,0,0,0,0,0,0,0,0,0,0,0,0,0,0,0,0,0,0,0,0,0,0,0,0,0,0,0,0,0,0,0,0,0,0,0,0,0,0,0,0,0,0,0,0,0,0,0,0,0,0,0,0,0,0,0,0,0,0,0,0,0,0,0,0,0,0,0,0,0,0,0,0,0,0,0,0,0,0,0,0,0,0,0,0,0,0,0,0,0,0,0,0,0,0,0,0,0,0,0,0,0,0,0,0,0,0,0,0,0,0,0,0,0,0,0,0,0,0,0,0,0,0,0,0,0,0,0,0,0,0,0,0,0,0,0,0,0,0,0,0,0,0,0,0,0,0,0,0,0,0,0,0,0,0,0,0,0,0,0,0,0,0,0,0,0,0,0,0,0,0,0,0,0,0,0,0,0,0,0,0,0,0,0,0,0,0,0,0,0,0,0,0,0,0,0,0,0,0,0,0,0,0,0,0,0,0,0,0,0,0,0,0,0,0,0,0,0,0,0,0,0,0,0,0,0,0,0,0,0,0,0,0
666,0,0,0,0,0,0,0,0,0,0,0,0,0,0,0,0,0,0,0,0,0,0,0,0,0,0,0,0,0,0,0,0,0,0,0,0,0,0,0,0,0,0,0,0,0,0,0,0,0,0,0,0,0,0,0,0,0,0,0,0,0,0,0,0,0,0,0,0,0,0,0,0,0,0,0,0,0,0,0,0,0,0,0,0,0,0,0,0,0,0,0,0,0,0,0,0,0,0,0,0,0,0,0,0,0,0,0,0,0,0,0,0,0,0,0,0,0,0,0,0,0,0,0,0,0,0,0,0,0,0,0,0,0,0,0,0,0,0,0,0,0,0,0,0,0,0,0,0,0,0,0,0,0,0,0,0,0,0,0,0,0,0,0,0,0,0,0,0,0,0,0,0,0,0,0,0,0,0,0,0,0,0,0,0,0,0,0,0,0,0,0,0,0,0,0,0,0,0,0,0,0,0,0,0,0,0,0,0,0,0,0,0,0,0,0,0,0,0,0,0,0,0,0,0,0,0,0,0,0,0,0,0,0,0,0,0,0,0,0,0,0,0,0,0,0,0,0,0,0,0,0,0,0,0,0,0,0,0,0,0,0,0,0,0,0,0,0,0,0,0,0,0,0,0,0,0,0,0,0,0,0,0,0,0,0,0,0,0,0,0,0,0,0,0,0,0,0,0,0,0
667,0,0,0,0,0,0,0,0,0,0,0,0,0,0,0,0,0,0,0,0,0,0,0,0,0,0,0,0,0,0,0,0,0,0,0,0,0,0,0,0,0,0,0,0,0,0,0,0,0,0,0,0,0,0,0,0,0,0,0,0,0,0,0,0,0,0,0,0,0,0,0,0,0,0,0,0,0,0,0,0,0,0,0,0,0,0,0,0,0,0,0,0,0,0,0,0,0,0,0,0,0,0,0,0,0,0,0,0,0,0,0,0,0,0,0,0,0,0,0,0,0,0,0,0,0,0,0,0,0,0,0,0,0,0,0,0,0,0,0,0,0,0,0,0,0,0,0,0,0,0,0,0,0,0,0,0,0,0,0,0,0,0,0,0,0,0,0,0,0,0,0,0,0,0,0,0,0,0,0,0,0,0,0,0,0,0,0,0,0,0,0,0,0,0,0,0,0,0,0,0,0,0,0,0,0,0,0,0,0,0,0,0,0,0,0,0,0,0,0,0,0,0,0,0,0,0,0,0,0,0,0,0,0,0,0,0,0,0,0,0,0,0,0,0,0,0,0,0,0,0,0,0,0,0,0,0,0,0,0,0,0,0,0,0,0,0,0,0,0,0,0,0,0,0,0,0,0,0,0,0,0,0,0,0,0,0,0,0,0,0,0,0,0,0,0,0,0,0,0,0
668,0,0,0,0,0,0,0,0,0,0,0,0,0,0,0,0,0,0,0,0,0,0,0,0,0,0,0,0,0,0,0,0,0,0,0,0,0,0,0,0,0,0,0,0,0,0,0,0,0,0,0,0,0,0,0,0,0,0,0,0,0,0,0,0,0,0,0,0,0,0,0,0,0,0,0,0,0,0,0,0,0,0,0,0,0,0,0,0,0,0,0,0,0,0,0,0,0,0,0,0,0,0,0,0,0,0,0,0,0,0,0,0,0,0,0,0,0,0,0,0,0,0,0,0,0,0,0,0,0,0,0,0,0,0,0,0,0,0,0,0,0,0,0,0,0,0,0,0,0,0,0,0,0,0,0,0,0,0,0,0,0,0,0,0,0,0,0,0,0,0,0,0,0,0,0,0,0,0,0,0,0,0,0,0,0,0,0,0,0,0,0,0,0,0,0,0,0,0,0,0,0,0,0,0,0,0,0,0,0,0,0,0,0,0,0,0,0,0,0,0,0,0,0,0,0,0,0,0,0,0,0,0,0,0,0,0,0,0,0,0,0,0,0,0,0,0,0,0,0,0,0,0,0,0,0,0,0,0,0,0,0,0,0,0,0,0,0,0,0,0,0,0,0,0,0,0,0,0,0,0,0,0,0,0,0,0,0,0,0,0,0,0,0,0,0,0,0,0,0,0
669,0,0,0,0,0,0,0,0,0,0,0,0,0,0,0,0,0,0,0,0,0,0,0,0,0,0,0,0,0,0,0,0,0,0,0,0,0,0,0,0,0,0,0,0,0,0,0,0,0,0,0,0,0,0,0,0,0,0,0,0,0,0,0,0,0,0,0,0,0,0,0,0,0,0,0,0,0,0,0,0,0,0,0,0,0,0,0,0,0,0,0,0,0,0,0,0,0,0,0,0,0,0,0,0,0,0,0,0,0,0,0,0,0,0,0,0,0,0,0,0,0,0,0,0,0,0,0,0,0,0,0,0,0,0,0,0,0,0,0,0,0,0,0,0,0,0,0,0,0,0,0,0,0,0,0,0,0,0,0,0,0,0,0,0,0,0,0,0,0,0,0,0,0,0,0,0,0,0,0,0,0,0,0,0,0,0,0,0,0,0,0,0,0,0,0,0,0,0,0,0,0,0,0,0,0,0,0,0,0,0,0,0,0,0,0,0,0,0,0,0,0,0,0,0,0,0,0,0,0,0,0,0,0,0,0,0,0,0,0,0,0,0,0,0,0,0,0,0,0,0,0,0,0,0,0,0,0,0,0,0,0,0,0,0,0,0,0,0,0,0,0,0,0,0,0,0,0,0,0,0,0,0,0,0,0,0,0,0,0,0,0,0,0,0,0,0,0,0,0,0
670,0,0,0,0,0,0,0,0,0,0,0,0,0,0,0,0,0,0,0,0,0,0,0,0,0,0,0,0,0,0,0,0,0,0,0,0,0,0,0,0,0,0,0,0,0,0,0,0,0,0,0,0,0,0,0,0,0,0,0,0,0,0,0,0,0,0,0,0,0,0,0,0,0,0,0,0,0,0,0,0,0,0,0,0,0,0,0,0,0,0,0,0,0,0,0,0,0,0,0,0,0,0,0,0,0,0,0,0,0,0,0,0,0,0,0,0,0,0,0,0,0,0,0,0,0,0,0,0,0,0,0,0,0,0,0,0,0,0,0,0,0,0,0,0,0,0,0,0,0,0,0,0,0,0,0,0,0,0,0,0,0,0,0,0,0,0,0,0,0,0,0,0,0,0,0,0,0,0,0,0,0,0,0,0,0,0,0,0,0,0,0,0,0,0,0,0,0,0,0,0,0,0,0,0,0,0,0,0,0,0,0,0,0,0,0,0,0,0,0,0,0,0,0,0,0,0,0,0,0,0,0,0,0,0,0,0,0,0,0,0,0,0,0,0,0,0,0,0,0,0,0,0,0,0,0,0,0,0,0,0,0,0,0,0,0,0,0,0,0,0,0,0,0,0,0,0,0,0,0,0,0,0,0,0,0,0,0,0,0,0,0,0,0,0,0,0,0,0,0,0
671,0,0,0,0,0,0,0,0,0,0,0,0,0,0,0,0,0,0,0,0,0,0,0,0,0,0,0,0,0,0,0,0,0,0,0,0,0,0,0,0,0,0,0,0,0,0,0,0,0,0,0,0,0,0,0,0,0,0,0,0,0,0,0,0,0,0,0,0,0,0,0,0,0,0,0,0,0,0,0,0,0,0,0,0,0,0,0,0,0,0,0,0,0,0,0,0,0,0,0,0,0,0,0,0,0,0,0,0,0,0,0,0,0,0,0,0,0,0,0,0,0,0,0,0,0,0,0,0,0,0,0,0,0,0,0,0,0,0,0,0,0,0,0,0,0,0,0,0,0,0,0,0,0,0,0,0,0,0,0,0,0,0,0,0,0,0,0,0,0,0,0,0,0,0,0,0,0,0,0,0,0,0,0,0,0,0,0,0,0,0,0,0,0,0,0,0,0,0,0,0,0,0,0,0,0,0,0,0,0,0,0,0,0,0,0,0,0,0,0,0,0,0,0,0,0,0,0,0,0,0,0,0,0,0,0,0,0,0,0,0,0,0,0,0,0,0,0,0,0,0,0,0,0,0,0,0,0,0,0,0,0,0,0,0,0,0,0,0,0,0,0,0,0,0,0,0,0,0,0,0,0,0,0,0,0,0,0,0,0,0,0,0,0,0,0,0,0,0,0,0
672,0,0,0,0,0,0,0,0,0,0,0,0,0,0,0,0,0,0,0,0,0,0,0,0,0,0,0,0,0,0,0,0,0,0,0,0,0,0,0,0,0,0,0,0,0,0,0,0,0,0,0,0,0,0,0,0,0,0,0,0,0,0,0,0,0,0,0,0,0,0,0,0,0,0,0,0,0,0,0,0,0,0,0,0,0,0,0,0,0,0,0,0,0,0,0,0,0,0,0,0,0,0,0,0,0,0,0,0,0,0,0,0,0,0,0,0,0,0,0,0,0,0,0,0,0,0,0,0,0,0,0,0,0,0,0,0,0,0,0,0,0,0,0,0,0,0,0,0,0,0,0,0,0,0,0,0,0,0,0,0,0,0,0,0,0,0,0,0,0,0,0,0,0,0,0,0,0,0,0,0,0,0,0,0,0,0,0,0,0,0,0,0,0,0,0,0,0,0,0,0,0,0,0,0,0,0,0,0,0,0,0,0,0,0,0,0,0,0,0,0,0,0,0,0,0,0,0,0,0,0,0,0,0,0,0,0,0,0,0,0,0,0,0,0,0,0,0,0,0,0,0,0,0,0,0,0,0,0,0,0,0,0,0,0,0,0,0,0,0,0,0,0,0,0,0,0,0,0,0,0,0,0,0,0,0,0,0,0,0,0,0,0,0,0,0,0,0,0,0,0
673,0,0,0,0,0,0,0,0,0,0,0,0,0,0,0,0,0,0,0,0,0,0,0,0,0,0,0,0,0,0,0,0,0,0,0,0,0,0,0,0,0,0,0,0,0,0,0,0,0,0,0,0,0,0,0,0,0,0,0,0,0,0,0,0,0,0,0,0,0,0,0,0,0,0,0,0,0,0,0,0,0,0,0,0,0,0,0,0,0,0,0,0,0,0,0,0,0,0,0,0,0,0,0,0,0,0,0,0,0,0,0,0,0,0,0,0,0,0,0,0,0,0,0,0,0,0,0,0,0,0,0,0,0,0,0,0,0,0,0,0,0,0,0,0,0,0,0,0,0,0,0,0,0,0,0,0,0,0,0,0,0,0,0,0,0,0,0,0,0,0,0,0,0,0,0,0,0,0,0,0,0,0,0,0,0,0,0,0,0,0,0,0,0,0,0,0,0,0,0,0,0,0,0,0,0,0,0,0,0,0,0,0,0,0,0,0,0,0,0,0,0,0,0,0,0,0,0,0,0,0,0,0,0,0,0,0,0,0,0,0,0,0,0,0,0,0,0,0,0,0,0,0,0,0,0,0,0,0,0,0,0,0,0,0,0,0,0,0,0,0,0,0,0,0,0,0,0,0,0,0,0,0,0,0,0,0,0,0,0,0,0,0,0,0,0,0,0,0,0,0
674,0,0,0,0,0,0,0,0,0,0,0,0,0,0,0,0,0,0,0,0,0,0,0,0,0,0,0,0,0,0,0,0,0,0,0,0,0,0,0,0,0,0,0,0,0,0,0,0,0,0,0,0,0,0,0,0,0,0,0,0,0,0,0,0,0,0,0,0,0,0,0,0,0,0,0,0,0,0,0,0,0,0,0,0,0,0,0,0,0,0,0,0,0,0,0,0,0,0,0,0,0,0,0,0,0,0,0,0,0,0,0,0,0,0,0,0,0,0,0,0,0,0,0,0,0,0,0,0,0,0,0,0,0,0,0,0,0,0,0,0,0,0,0,0,0,0,0,0,0,0,0,0,0,0,0,0,0,0,0,0,0,0,0,0,0,0,0,0,0,0,0,0,0,0,0,0,0,0,0,0,0,0,0,0,0,0,0,0,0,0,0,0,0,0,0,0,0,0,0,0,0,0,0,0,0,0,0,0,0,0,0,0,0,0,0,0,0,0,0,0,0,0,0,0,0,0,0,0,0,0,0,0,0,0,0,0,0,0,0,0,0,0,0,0,0,0,0,0,0,0,0,0,0,0,0,0,0,0,0,0,0,0,0,0,0,0,0,0,0,0,0,0,0,0,0,0,0,0,0,0,0,0,0,0,0,0,0,0,0,0,0,0,0,0,0,0,0,0,0,0
675,0,0,0,0,0,0,0,0,0,0,0,0,0,0,0,0,0,0,0,0,0,0,0,0,0,0,0,0,0,0,0,0,0,0,0,0,0,0,0,0,0,0,0,0,0,0,0,0,0,0,0,0,0,0,0,0,0,0,0,0,0,0,0,0,0,0,0,0,0,0,0,0,0,0,0,0,0,0,0,0,0,0,0,0,0,0,0,0,0,0,0,0,0,0,0,0,0,0,0,0,0,0,0,0,0,0,0,0,0,0,0,0,0,0,0,0,0,0,0,0,0,0,0,0,0,0,0,0,0,0,0,0,0,0,0,0,0,0,0,0,0,0,0,0,0,0,0,0,0,0,0,0,0,0,0,0,0,0,0,0,0,0,0,0,0,0,0,0,0,0,0,0,0,0,0,0,0,0,0,0,0,0,0,0,0,0,0,0,0,0,0,0,0,0,0,0,0,0,0,0,0,0,0,0,0,0,0,0,0,0,0,0,0,0,0,0,0,0,0,0,0,0,0,0,0,0,0,0,0,0,0,0,0,0,0,0,0,0,0,0,0,0,0,0,0,0,0,0,0,0,0,0,0,0,0,0,0,0,0,0,0,0,0,0,0,0,0,0,0,0,0,0,0,0,0,0,0,0,0,0,0,0,0,0,0,0,0,0,0,0,0,0,0,0,0,0,0,0,0,0
676,0,0,0,0,0,0,0,0,0,0,0,0,0,0,0,0,0,0,0,0,0,0,0,0,0,0,0,0,0,0,0,0,0,0,0,0,0,0,0,0,0,0,0,0,0,0,0,0,0,0,0,0,0,0,0,0,0,0,0,0,0,0,0,0,0,0,0,0,0,0,0,0,0,0,0,0,0,0,0,0,0,0,0,0,0,0,0,0,0,0,0,0,0,0,0,0,0,0,0,0,0,0,0,0,0,0,0,0,0,0,0,0,0,0,0,0,0,0,0,0,0,0,0,0,0,0,0,0,0,0,0,0,0,0,0,0,0,0,0,0,0,0,0,0,0,0,0,0,0,0,0,0,0,0,0,0,0,0,0,0,0,0,0,0,0,0,0,0,0,0,0,0,0,0,0,0,0,0,0,0,0,0,0,0,0,0,0,0,0,0,0,0,0,0,0,0,0,0,0,0,0,0,0,0,0,0,0,0,0,0,0,0,0,0,0,0,0,0,0,0,0,0,0,0,0,0,0,0,0,0,0,0,0,0,0,0,0,0,0,0,0,0,0,0,0,0,0,0,0,0,0,0,0,0,0,0,0,0,0,0,0,0,0,0,0,0,0,0,0,0,0,0,0,0,0,0,0,0,0,0,0,0,0,0,0,0,0,0,0,0,0,0,0,0,0,0,0,0,0,0
677,0,0,0,0,0,0,0,0,0,0,0,0,0,0,0,0,0,0,0,0,0,0,0,0,0,0,0,0,0,0,0,0,0,0,0,0,0,0,0,0,0,0,0,0,0,0,0,0,0,0,0,0,0,0,0,0,0,0,0,0,0,0,0,0,0,0,0,0,0,0,0,0,0,0,0,0,0,0,0,0,0,0,0,0,0,0,0,0,0,0,0,0,0,0,0,0,0,0,0,0,0,0,0,0,0,0,0,0,0,0,0,0,0,0,0,0,0,0,0,0,0,0,0,0,0,0,0,0,0,0,0,0,0,0,0,0,0,0,0,0,0,0,0,0,0,0,0,0,0,0,0,0,0,0,0,0,0,0,0,0,0,0,0,0,0,0,0,0,0,0,0,0,0,0,0,0,0,0,0,0,0,0,0,0,0,0,0,0,0,0,0,0,0,0,0,0,0,0,0,0,0,0,0,0,0,0,0,0,0,0,0,0,0,0,0,0,0,0,0,0,0,0,0,0,0,0,0,0,0,0,0,0,0,0,0,0,0,0,0,0,0,0,0,0,0,0,0,0,0,0,0,0,0,0,0,0,0,0,0,0,0,0,0,0,0,0,0,0,0,0,0,0,0,0,0,0,0,0,0,0,0,0,0,0,0,0,0,0,0,0,0,0,0,0,0,0,0,0,0,0
678,0,0,0,0,0,0,0,0,0,0,0,0,0,0,0,0,0,0,0,0,0,0,0,0,0,0,0,0,0,0,0,0,0,0,0,0,0,0,0,0,0,0,0,0,0,0,0,0,0,0,0,0,0,0,0,0,0,0,0,0,0,0,0,0,0,0,0,0,0,0,0,0,0,0,0,0,0,0,0,0,0,0,0,0,0,0,0,0,0,0,0,0,0,0,0,0,0,0,0,0,0,0,0,0,0,0,0,0,0,0,0,0,0,0,0,0,0,0,0,0,0,0,0,0,0,0,0,0,0,0,0,0,0,0,0,0,0,0,0,0,0,0,0,0,0,0,0,0,0,0,0,0,0,0,0,0,0,0,0,0,0,0,0,0,0,0,0,0,0,0,0,0,0,0,0,0,0,0,0,0,0,0,0,0,0,0,0,0,0,0,0,0,0,0,0,0,0,0,0,0,0,0,0,0,0,0,0,0,0,0,0,0,0,0,0,0,0,0,0,0,0,0,0,0,0,0,0,0,0,0,0,0,0,0,0,0,0,0,0,0,0,0,0,0,0,0,0,0,0,0,0,0,0,0,0,0,0,0,0,0,0,0,0,0,0,0,0,0,0,0,0,0,0,0,0,0,0,0,0,0,0,0,0,0,0,0,0,0,0,0,0,0,0,0,0,0,0,0,0,0
679,0,0,0,0,0,0,0,0,0,0,0,0,0,0,0,0,0,0,0,0,0,0,0,0,0,0,0,0,0,0,0,0,0,0,0,0,0,0,0,0,0,0,0,0,0,0,0,0,0,0,0,0,0,0,0,0,0,0,0,0,0,0,0,0,0,0,0,0,0,0,0,0,0,0,0,0,0,0,0,0,0,0,0,0,0,0,0,0,0,0,0,0,0,0,0,0,0,0,0,0,0,0,0,0,0,0,0,0,0,0,0,0,0,0,0,0,0,0,0,0,0,0,0,0,0,0,0,0,0,0,0,0,0,0,0,0,0,0,0,0,0,0,0,0,0,0,0,0,0,0,0,0,0,0,0,0,0,0,0,0,0,0,0,0,0,0,0,0,0,0,0,0,0,0,0,0,0,0,0,0,0,0,0,0,0,0,0,0,0,0,0,0,0,0,0,0,0,0,0,0,0,0,0,0,0,0,0,0,0,0,0,0,0,0,0,0,0,0,0,0,0,0,0,0,0,0,0,0,0,0,0,0,0,0,0,0,0,0,0,0,0,0,0,0,0,0,0,0,0,0,0,0,0,0,0,0,0,0,0,0,0,0,0,0,0,0,0,0,0,0,0,0,0,0,0,0,0,0,0,0,0,0,0,0,0,0,0,0,0,0,0,0,0,0,0,0,0,0,0,0
680,0,0,0,0,0,0,0,0,0,0,0,0,0,0,0,0,0,0,0,0,0,0,0,0,0,0,0,0,0,0,0,0,0,0,0,0,0,0,0,0,0,0,0,0,0,0,0,0,0,0,0,0,0,0,0,0,0,0,0,0,0,0,0,0,0,0,0,0,0,0,0,0,0,0,0,0,0,0,0,0,0,0,0,0,0,0,0,0,0,0,0,0,0,0,0,0,0,0,0,0,0,0,0,0,0,0,0,0,0,0,0,0,0,0,0,0,0,0,0,0,0,0,0,0,0,0,0,0,0,0,0,0,0,0,0,0,0,0,0,0,0,0,0,0,0,0,0,0,0,0,0,0,0,0,0,0,0,0,0,0,0,0,0,0,0,0,0,0,0,0,0,0,0,0,0,0,0,0,0,0,0,0,0,0,0,0,0,0,0,0,0,0,0,0,0,0,0,0,0,0,0,0,0,0,0,0,0,0,0,0,0,0,0,0,0,0,0,0,0,0,0,0,0,0,0,0,0,0,0,0,0,0,0,0,0,0,0,0,0,0,0,0,0,0,0,0,0,0,0,0,0,0,0,0,0,0,0,0,0,0,0,0,0,0,0,0,0,0,0,0,0,0,0,0,0,0,0,0,0,0,0,0,0,0,0,0,0,0,0,0,0,0,0,0,0,0,0,0,0,0
681,0,0,0,0,0,0,0,0,0,0,0,0,0,0,0,0,0,0,0,0,0,0,0,0,0,0,0,0,0,0,0,0,0,0,0,0,0,0,0,0,0,0,0,0,0,0,0,0,0,0,0,0,0,0,0,0,0,0,0,0,0,0,0,0,0,0,0,0,0,0,0,0,0,0,0,0,0,0,0,0,0,0,0,0,0,0,0,0,0,0,0,0,0,0,0,0,0,0,0,0,0,0,0,0,0,0,0,0,0,0,0,0,0,0,0,0,0,0,0,0,0,0,0,0,0,0,0,0,0,0,0,0,0,0,0,0,0,0,0,0,0,0,0,0,0,0,0,0,0,0,0,0,0,0,0,0,0,0,0,0,0,0,0,0,0,0,0,0,0,0,0,0,0,0,0,0,0,0,0,0,0,0,0,0,0,0,0,0,0,0,0,0,0,0,0,0,0,0,0,0,0,0,0,0,0,0,0,0,0,0,0,0,0,0,0,0,0,0,0,0,0,0,0,0,0,0,0,0,0,0,0,0,0,0,0,0,0,0,0,0,0,0,0,0,0,0,0,0,0,0,0,0,0,0,0,0,0,0,0,0,0,0,0,0,0,0,0,0,0,0,0,0,0,0,0,0,0,0,0,0,0,0,0,0,0,0,0,0,0,0,0,0,0,0,0,0,0,0,0,0
682,0,0,0,0,0,0,0,0,0,0,0,0,0,0,0,0,0,0,0,0,0,0,0,0,0,0,0,0,0,0,0,0,0,0,0,0,0,0,0,0,0,0,0,0,0,0,0,0,0,0,0,0,0,0,0,0,0,0,0,0,0,0,0,0,0,0,0,0,0,0,0,0,0,0,0,0,0,0,0,0,0,0,0,0,0,0,0,0,0,0,0,0,0,0,0,0,0,0,0,0,0,0,0,0,0,0,0,0,0,0,0,0,0,0,0,0,0,0,0,0,0,0,0,0,0,0,0,0,0,0,0,0,0,0,0,0,0,0,0,0,0,0,0,0,0,0,0,0,0,0,0,0,0,0,0,0,0,0,0,0,0,0,0,0,0,0,0,0,0,0,0,0,0,0,0,0,0,0,0,0,0,0,0,0,0,0,0,0,0,0,0,0,0,0,0,0,0,0,0,0,0,0,0,0,0,0,0,0,0,0,0,0,0,0,0,0,0,0,0,0,0,0,0,0,0,0,0,0,0,0,0,0,0,0,0,0,0,0,0,0,0,0,0,0,0,0,0,0,0,0,0,0,0,0,0,0,0,0,0,0,0,0,0,0,0,0,0,0,0,0,0,0,0,0,0,0,0,0,0,0,0,0,0,0,0,0,0,0,0,0,0,0,0,0,0,0,0,0,0,0
683,0,0,0,0,0,0,0,0,0,0,0,0,0,0,0,0,0,0,0,0,0,0,0,0,0,0,0,0,0,0,0,0,0,0,0,0,0,0,0,0,0,0,0,0,0,0,0,0,0,0,0,0,0,0,0,0,0,0,0,0,0,0,0,0,0,0,0,0,0,0,0,0,0,0,0,0,0,0,0,0,0,0,0,0,0,0,0,0,0,0,0,0,0,0,0,0,0,0,0,0,0,0,0,0,0,0,0,0,0,0,0,0,0,0,0,0,0,0,0,0,0,0,0,0,0,0,0,0,0,0,0,0,0,0,0,0,0,0,0,0,0,0,0,0,0,0,0,0,0,0,0,0,0,0,0,0,0,0,0,0,0,0,0,0,0,0,0,0,0,0,0,0,0,0,0,0,0,0,0,0,0,0,0,0,0,0,0,0,0,0,0,0,0,0,0,0,0,0,0,0,0,0,0,0,0,0,0,0,0,0,0,0,0,0,0,0,0,0,0,0,0,0,0,0,0,0,0,0,0,0,0,0,0,0,0,0,0,0,0,0,0,0,0,0,0,0,0,0,0,0,0,0,0,0,0,0,0,0,0,0,0,0,0,0,0,0,0,0,0,0,0,0,0,0,0,0,0,0,0,0,0,0,0,0,0,0,0,0,0,0,0,0,0,0,0,0,0,0,0,0
684,0,0,0,0,0,0,0,0,0,0,0,0,0,0,0,0,0,0,0,0,0,0,0,0,0,0,0,0,0,0,0,0,0,0,0,0,0,0,0,0,0,0,0,0,0,0,0,0,0,0,0,0,0,0,0,0,0,0,0,0,0,0,0,0,0,0,0,0,0,0,0,0,0,0,0,0,0,0,0,0,0,0,0,0,0,0,0,0,0,0,0,0,0,0,0,0,0,0,0,0,0,0,0,0,0,0,0,0,0,0,0,0,0,0,0,0,0,0,0,0,0,0,0,0,0,0,0,0,0,0,0,0,0,0,0,0,0,0,0,0,0,0,0,0,0,0,0,0,0,0,0,0,0,0,0,0,0,0,0,0,0,0,0,0,0,0,0,0,0,0,0,0,0,0,0,0,0,0,0,0,0,0,0,0,0,0,0,0,0,0,0,0,0,0,0,0,0,0,0,0,0,0,0,0,0,0,0,0,0,0,0,0,0,0,0,0,0,0,0,0,0,0,0,0,0,0,0,0,0,0,0,0,0,0,0,0,0,0,0,0,0,0,0,0,0,0,0,0,0,0,0,0,0,0,0,0,0,0,0,0,0,0,0,0,0,0,0,0,0,0,0,0,0,0,0,0,0,0,0,0,0,0,0,0,0,0,0,0,0,0,0,0,0,0,0,0,0,0,0,0
685,0,0,0,0,0,0,0,0,0,0,0,0,0,0,0,0,0,0,0,0,0,0,0,0,0,0,0,0,0,0,0,0,0,0,0,0,0,0,0,0,0,0,0,0,0,0,0,0,0,0,0,0,0,0,0,0,0,0,0,0,0,0,0,0,0,0,0,0,0,0,0,0,0,0,0,0,0,0,0,0,0,0,0,0,0,0,0,0,0,0,0,0,0,0,0,0,0,0,0,0,0,0,0,0,0,0,0,0,0,0,0,0,0,0,0,0,0,0,0,0,0,0,0,0,0,0,0,0,0,0,0,0,0,0,0,0,0,0,0,0,0,0,0,0,0,0,0,0,0,0,0,0,0,0,0,0,0,0,0,0,0,0,0,0,0,0,0,0,0,0,0,0,0,0,0,0,0,0,0,0,0,0,0,0,0,0,0,0,0,0,0,0,0,0,0,0,0,0,0,0,0,0,0,0,0,0,0,0,0,0,0,0,0,0,0,0,0,0,0,0,0,0,0,0,0,0,0,0,0,0,0,0,0,0,0,0,0,0,0,0,0,0,0,0,0,0,0,0,0,0,0,0,0,0,0,0,0,0,0,0,0,0,0,0,0,0,0,0,0,0,0,0,0,0,0,0,0,0,0,0,0,0,0,0,0,0,0,0,0,0,0,0,0,0,0,0,0,0,0,0
686,0,0,0,0,0,0,0,0,0,0,0,0,0,0,0,0,0,0,0,0,0,0,0,0,0,0,0,0,0,0,0,0,0,0,0,0,0,0,0,0,0,0,0,0,0,0,0,0,0,0,0,0,0,0,0,0,0,0,0,0,0,0,0,0,0,0,0,0,0,0,0,0,0,0,0,0,0,0,0,0,0,0,0,0,0,0,0,0,0,0,0,0,0,0,0,0,0,0,0,0,0,0,0,0,0,0,0,0,0,0,0,0,0,0,0,0,0,0,0,0,0,0,0,0,0,0,0,0,0,0,0,0,0,0,0,0,0,0,0,0,0,0,0,0,0,0,0,0,0,0,0,0,0,0,0,0,0,0,0,0,0,0,0,0,0,0,0,0,0,0,0,0,0,0,0,0,0,0,0,0,0,0,0,0,0,0,0,0,0,0,0,0,0,0,0,0,0,0,0,0,0,0,0,0,0,0,0,0,0,0,0,0,0,0,0,0,0,0,0,0,0,0,0,0,0,0,0,0,0,0,0,0,0,0,0,0,0,0,0,0,0,0,0,0,0,0,0,0,0,0,0,0,0,0,0,0,0,0,0,0,0,0,0,0,0,0,0,0,0,0,0,0,0,0,0,0,0,0,0,0,0,0,0,0,0,0,0,0,0,0,0,0,0,0,0,0,0,0,0,0
687,0,0,0,0,0,0,0,0,0,0,0,0,0,0,0,0,0,0,0,0,0,0,0,0,0,0,0,0,0,0,0,0,0,0,0,0,0,0,0,0,0,0,0,0,0,0,0,0,0,0,0,0,0,0,0,0,0,0,0,0,0,0,0,0,0,0,0,0,0,0,0,0,0,0,0,0,0,0,0,0,0,0,0,0,0,0,0,0,0,0,0,0,0,0,0,0,0,0,0,0,0,0,0,0,0,0,0,0,0,0,0,0,0,0,0,0,0,0,0,0,0,0,0,0,0,0,0,0,0,0,0,0,0,0,0,0,0,0,0,0,0,0,0,0,0,0,0,0,0,0,0,0,0,0,0,0,0,0,0,0,0,0,0,0,0,0,0,0,0,0,0,0,0,0,0,0,0,0,0,0,0,0,0,0,0,0,0,0,0,0,0,0,0,0,0,0,0,0,0,0,0,0,0,0,0,0,0,0,0,0,0,0,0,0,0,0,0,0,0,0,0,0,0,0,0,0,0,0,0,0,0,0,0,0,0,0,0,0,0,0,0,0,0,0,0,0,0,0,0,0,0,0,0,0,0,0,0,0,0,0,0,0,0,0,0,0,0,0,0,0,0,0,0,0,0,0,0,0,0,0,0,0,0,0,0,0,0,0,0,0,0,0,0,0,0,0,0,0,0,0
688,0,0,0,0,0,0,0,0,0,0,0,0,0,0,0,0,0,0,0,0,0,0,0,0,0,0,0,0,0,0,0,0,0,0,0,0,0,0,0,0,0,0,0,0,0,0,0,0,0,0,0,0,0,0,0,0,0,0,0,0,0,0,0,0,0,0,0,0,0,0,0,0,0,0,0,0,0,0,0,0,0,0,0,0,0,0,0,0,0,0,0,0,0,0,0,0,0,0,0,0,0,0,0,0,0,0,0,0,0,0,0,0,0,0,0,0,0,0,0,0,0,0,0,0,0,0,0,0,0,0,0,0,0,0,0,0,0,0,0,0,0,0,0,0,0,0,0,0,0,0,0,0,0,0,0,0,0,0,0,0,0,0,0,0,0,0,0,0,0,0,0,0,0,0,0,0,0,0,0,0,0,0,0,0,0,0,0,0,0,0,0,0,0,0,0,0,0,0,0,0,0,0,0,0,0,0,0,0,0,0,0,0,0,0,0,0,0,0,0,0,0,0,0,0,0,0,0,0,0,0,0,0,0,0,0,0,0,0,0,0,0,0,0,0,0,0,0,0,0,0,0,0,0,0,0,0,0,0,0,0,0,0,0,0,0,0,0,0,0,0,0,0,0,0,0,0,0,0,0,0,0,0,0,0,0,0,0,0,0,0,0,0,0,0,0,0,0,0,0,0
689,0,0,0,0,0,0,0,0,0,0,0,0,0,0,0,0,0,0,0,0,0,0,0,0,0,0,0,0,0,0,0,0,0,0,0,0,0,0,0,0,0,0,0,0,0,0,0,0,0,0,0,0,0,0,0,0,0,0,0,0,0,0,0,0,0,0,0,0,0,0,0,0,0,0,0,0,0,0,0,0,0,0,0,0,0,0,0,0,0,0,0,0,0,0,0,0,0,0,0,0,0,0,0,0,0,0,0,0,0,0,0,0,0,0,0,0,0,0,0,0,0,0,0,0,0,0,0,0,0,0,0,0,0,0,0,0,0,0,0,0,0,0,0,0,0,0,0,0,0,0,0,0,0,0,0,0,0,0,0,0,0,0,0,0,0,0,0,0,0,0,0,0,0,0,0,0,0,0,0,0,0,0,0,0,0,0,0,0,0,0,0,0,0,0,0,0,0,0,0,0,0,0,0,0,0,0,0,0,0,0,0,0,0,0,0,0,0,0,0,0,0,0,0,0,0,0,0,0,0,0,0,0,0,0,0,0,0,0,0,0,0,0,0,0,0,0,0,0,0,0,0,0,0,0,0,0,0,0,0,0,0,0,0,0,0,0,0,0,0,0,0,0,0,0,0,0,0,0,0,0,0,0,0,0,0,0,0,0,0,0,0,0,0,0,0,0,0,0,94,226
690,0,0,0,0,0,0,0,0,0,0,0,0,0,0,0,0,0,0,0,0,0,0,0,0,0,0,0,0,0,0,0,0,0,0,0,0,0,0,0,0,0,0,0,0,0,0,0,0,0,0,0,0,0,0,0,0,0,0,0,0,0,0,0,0,0,0,0,0,0,0,0,0,0,0,0,0,0,0,0,0,0,0,0,0,0,0,0,0,0,0,0,0,0,0,0,0,0,0,0,0,0,0,0,0,0,0,0,0,0,0,0,0,0,0,0,0,0,0,0,0,0,0,0,0,0,0,0,0,0,0,0,0,0,0,0,0,0,0,0,0,0,0,0,0,0,0,0,0,0,0,0,0,0,0,0,0,0,0,0,0,0,0,0,0,0,0,0,0,0,0,0,0,0,0,0,0,0,0,0,0,0,0,0,0,0,0,0,0,0,0,0,0,0,0,0,0,0,0,0,0,0,0,0,0,0,0,0,0,0,0,0,0,0,0,0,0,0,0,0,0,0,0,0,0,0,0,0,0,0,0,0,0,0,0,0,0,0,0,0,0,0,0,0,0,0,0,0,0,0,0,0,0,0,0,0,0,0,0,0,0,0,0,0,0,0,0,0,0,0,0,0,0,0,0,0,0,0,0,0,0,0,0,0,0,0,0,0,0,0,0,0,0,0,0,0,55,182,323,473,632
691,0,0,0,0,0,0,0,0,0,0,0,0,0,0,0,0,0,0,0,0,0,0,0,0,0,0,0,0,0,0,0,0,0,0,0,0,0,0,0,0,0,0,0,0,0,0,0,0,0,0,0,0,0,0,0,0,0,0,0,0,0,0,0,0,0,0,0,0,0,0,0,0,0,0,0,0,0,0,0,0,0,0,0,0,0,0,0,0,0,0,0,0,0,0,0,0,0,0,0,0,0,0,0,0,0,0,0,0,0,0,0,0,0,0,0,0,0,0,0,0,0,0,0,0,0,0,0,0,0,0,0,0,0,0,0,0,0,0,0,0,0,0,0,0,0,0,0,0,0,0,0,0,0,0,0,0,0,0,0,0,0,0,0,0,0,0,0,0,0,0,0,0,0,0,0,0,0,0,0,0,0,0,0,0,0,0,0,0,0,0,0,0,0,0,0,0,0,0,0,0,0,0,0,0,0,0,0,0,0,0,0,0,0,0,0,0,0,0,0,0,0,0,0,0,0,0,0,0,0,0,0,0,0,0,0,0,0,0,0,0,0,0,0,0,0,0,0,0,0,0,0,0,0,0,0,0,0,0,0,0,0,0,0,0,0,0,0,0,0,0,0,0,0,0,0,0,0,0,0,0,0,0,0,0,0,0,0,0,0,0,0,0,33,157,296,445,602,767,937,1112
692,0,0,0,0,0,0,0,0,0,0,0,0,0,0,0,0,0,0,0,0,0,0,0,0,0,0,0,0,0,0,0,0,0,0,0,0,0,0,0,0,0,0,0,0,0,0,0,0,0,0,0,0,0,0,0,0,0,0,0,0,0,0,0,0,0,0,0,0,0,0,0,0,0,0,0,0,0,0,0,0,0,0,0,0,0,0,0,0,0,0,0,0,0,0,0,0,0,0,0,0,0,0,0,0,0,0,0,0,0,0,0,0,0,0,0,0,0,0,0,0,0,0,0,0,0,0,0,0,0,0,0,0,0,0,0,0,0,0,0,0,0,0,0,0,0,0,0,0,0,0,0,0,0,0,0,0,0,0,0,0,0,0,0,0,0,0,0,0,0,0,0,0,0,0,0,0,0,0,0,0,0,0,0,0,0,0,0,0,0,0,0,0,0,0,0,0,0,0,0,0,0,0,0,0,0,0,0,0,0,0,0,0,0,0,0,0,0,0,0,0,0,0,0,0,0,0,0,0,0,0,0,0,0,0,0,0,0,0,0,0,0,0,0,0,0,0,0,0,0,0,0,0,0,0,0,0,0,0,0,0,0,0,0,0,0,0,0,0,0,0,0,0,0,0,0,0,0,0,0,0,0,0,0,0,0,0,0,0,0,14,132,269,417,573,736,906,1080,1260,1445,1633
693,0,0,0,0,0,0,0,0,0,0,0,0,0,0,0,0,0,0,0,0,0,0,0,0,0,0,0,0,0,0,0,0,0,0,0,0,0,0,0,0,0,0,0,0,0,0,0,0,0,0,0,0,0,0,0,0,0,0,0,0,0,0,0,0,0,0,0,0,0,0,0,0,0,0,0,0,0,0,0,0,0,0,0,0,0,0,0,0,0,0,0,0,0,0,0,0,0,0,0,0,0,0,0,0,0,0,0,0,0,0,0,0,0,0,0,0,0,0,0,0,0,0,0,0,0,0,0,0,0,0,0,0,0,0,0,0,0,0,0,0,0,0,0,0,0,0,0,0,0,0,0,0,0,0,0,0,0,0,0,0,0,0,0,0,0,0,0,0,0,0,0,0,0,0,0,0,0,0,0,0,0,0,0,0,0,0,0,0,0,0,0,0,0,0,0,0,0,0,0,0,0,0,0,0,0,0,0,0,0,0,0,0,0,0,0,0,0,0,0,0,0,0,0,0,0,0,0,0,0,0,0,0,0,0,0,0,0,0,0,0,0,0,0,0,0,0,0,0,0,0,0,0,0,0,0,0,0,0,0,0,0,0,0,0,0,0,0,0,0,0,0,0,0,0,0,0,0,0,0,0,0,0,0,0,0,0,0,108,242,389,544,706,875,1049,1228,1412,1600,1793,1989,2189
694,0,0,0,0,0,0,0,0,0,0,0,0,0,0,0,0,0,0,0,0,0,0,0,0,0,0,0,0,0,0,0,0,0,0,0,0,0,0,0,0,0,0,0,0,0,0,0,0,0,0,0,0,0,0,0,0,0,0,0,0,0,0,0,0,0,0,0,0,0,0,0,0,0,0,0,0,0,0,0,0,0,0,0,0,0,0,0,0,0,0,0,0,0,0,0,0,0,0,0,0,0,0,0,0,0,0,0,0,0,0,0,0,0,0,0,0,0,0,0,0,0,0,0,0,0,0,0,0,0,0,0,0,0,0,0,0,0,0,0,0,0,0,0,0,0,0,0,0,0,0,0,0,0,0,0,0,0,0,0,0,0,0,0,0,0,0,0,0,0,0,0,0,0,0,0,0,0,0,0,0,0,0,0,0,0,0,0,0,0,0,0,0,0,0,0,0,0,0,0,0,0,0,0,0,0,0,0,0,0,0,0,0,0,0,0,0,0,0,0,0,0,0,0,0,0,0,0,0,0,0,0,0,0,0,0,0,0,0,0,0,0,0,0,0,0,0,0,0,0,0,0,0,0,0,0,0,0,0,0,0,0,0,0,0,0,0,0,0,0,0,0,0,0,0,0,0,0,0,0,0,0,0,0,0,76,207,351,504,665,832,1005,1184,1367,1554,1746,1942,2141,2344,2551,2761
695,0,0,0,0,0,0,0,0,0,0,0,0,0,0,0,0,0,0,0,0,0,0,0,0,0,0,0,0,0,0,0,0,0,0,0,0,0,0,0,0,0,0,0,0,0,0,0,0,0,0,0,0,0,0,0,0,0,0,0,0,0,0,0,0,0,0,0,0,0,0,0,0,0,0,0,0,0,0,0,0,0,0,0,0,0,0,0,0,0,0,0,0,0,0,0,0,0,0,0,0,0,0,0,0,0,0,0,0,0,0,0,0,0,0,0,0,0,0,0,0,0,0,0,0,0,0,0,0,0,0,0,0,0,0,0,0,0,0,0,0,0,0,0,0,0,0,0,0,0,0,0,0,0,0,0,0,0,0,0,0,0,0,0,0,0,0,0,0,0,0,0,0,0,0,0,0,0,0,0,0,0,0,0,0,0,0,0,0,0,0,0,0,0,0,0,0,0,0,0,0,0,0,0,0,0,0,0,0,0,0,0,0,0,0,0,0,0,0,0,0,0,0,0,0,0,0,0,0,0,0,0,0,0,0,0,0,0,0,0,0,0,0,0,0,0,0,0,0,0,0,0,0,0,0,0,0,0,0,0,0,0,0,0,0,0,0,0,0,0,0,0,0,0,0,0,0,0,0,0,0,0,54,181,323,475,635,801,974,1152,1334,1521,1713,1908,2107,2310,2517,2726,2939,3155,3374
696,0,0,0,0,0,0,0,0,0,0,0,0,0,0,0,0,0,0,0,0,0,0,0,0,0,0,0,0,0,0,0,0,0,0,0,0,0,0,0,0,0,0,0,0,0,0,0,0,0,0,0,0,0,0,0,0,0,0,0,0,0,0,0,0,0,0,0,0,0,0,0,0,0,0,0,0,0,0,0,0,0,0,0,0,0,0,0,0,0,0,0,0,0,0,0,0,0,0,0,0,0,0,0,0,0,0,0,0,0,0,0,0,0,0,0,0,0,0,0,0,0,0,0,0,0,0,0,0,0,0,0,0,0,0,0,0,0,0,0,0,0,0,0,0,0,0,0,0,0,0,0,0,0,0,0,0,0,0,0,0,0,0,0,0,0,0,0,0,0,0,0,0,0,0,0,0,0,0,0,0,0,0,0,0,0,0,0,0,0,0,0,0,0,0,0,0,0,0,0,0,0,0,0,0,0,0,0,0,0,0,0,0,0,0,0,0,0,0,0,0,0,0,0,0,0,0,0,0,0,0,0,0,0,0,0,0,0,0,0,0,0,0,0,0,0,0,0,0,0,0,0,0,0,0,0,0,0,0,0,0,0,0,0,0,0,0,0,0,0,0,0,0,0,0,0,0,0,0,32,156,296,447,605,771,943,1120,1302,1489,1680,1875,2074,2276,2482,2692,2905,3120,3339,3561,3786,4013
697,0,0,0,0,0,0,0,0,0,0,0,0,0,0,0,0,0,0,0,0,0,0,0,0,0,0,0,0,0,0,0,0,0,0,0,0,0,0,0,0,0,0,0,0,0,0,0,0,0,0,0,0,0,0,0,0,0,0,0,0,0,0,0,0,0,0,0,0,0,0,0,0,0,0,0,0,0,0,0,0,0,0,0,0,0,0,0,0,0,0,0,0,0,0,0,0,0,0,0,0,0,0,0,0,0,0,0,0,0,0,0,0,0,0,0,0,0,0,0,0,0,0,0,0,0,0,0,0,0,0,0,0,0,0,0,0,0,0,0,0,0,0,0,0,0,0,0,0,0,0,0,0,0,0,0,0,0,0,0,0,0,0,0,0,0,0,0,0,0,0,0,0,0,0,0,0,0,0,0,0,0,0,0,0,0,0,0,0,0,0,0,0,0,0,0,0,0,0,0,0,0,0,0,0,0,0,0,0,0,0,0,0,0,0,0,0,0,0,0,0,0,0,0,0,0,0,0,0,0,0,0,0,0,0,0,0,0,0,0,0,0,0,0,0,0,0,0,0,0,0,0,0,0,0,0,0,0,0,0,0,0,0,0,0,0,0,0,0,0,0,0,0,0,0,0,12,131,269,418,576,740,911,1088,1269,1456,1646,1841,2040,2242,2448,2658,2870,3086,3305,3527,3751,3979,4209,4441,4677
698,0,0,0,0,0,0,0,0,0,0,0,0,0,0,0,0,0,0,0,0,0,0,0,0,0,0,0,0,0,0,0,0,0,0,0,0,0,0,0,0,0,0,0,0,0,0,0,0,0,0,0,0,0,0,0,0,0,0,0,0,0,0,0,0,0,0,0,0,0,0,0,0,0,0,0,0,0,0,0,0,0,0,0,0,0,0,0,0,0,0,0,0,0,0,0,0,0,0,0,0,0,0,0,0,0,0,0,0,0,0,0,0,0,0,0,0,0,0,0,0,0,0,0,0,0,0,0,0,0,0,0,0,0,0,0,0,0,0,0,0,0,0,0,0,0,0,0,0,0,0,0,0,0,0,0,0,0,0,0,0,0,0,0,0,0,0,0,0,0,0,0,0,0,0,0,0,0,0,0,0,0,0,0,0,0,0,0,0,0,0,0,0,0,0,0,0,0,0,0,0,0,0,0,0,0,0,0,0,0,0,0,0,0,0,0,0,0,0,0,0,0,0,0,0,0,0,0,0,0,0,0,0,0,0,0,0,0,0,0,0,0,0,0,0,0,0,0,0,0,0,0,0,0,0,0,0,0,0,0,0,0,0,0,0,0,0,0,0,0,0,0,0,0,99,233,380,535,699,868,1044,1224,1410,1600,1794,1992,2194,2400,2609,2821,3036,3255,3477,3701,3928,4158,4391,4626,4864,5104,5347
699,0,0,0,0,0,0,0,0,0,0,0,0,0,0,0,0,0,0,0,0,0,0,0,0,0,0,0,0,0,0,0,0,0,0,0,0,0,0,0,0,0,0,0,0,0,0,0,0,0,0,0,0,0,0,0,0,0,0,0,0,0,0,0,0,0,0,0,0,0,0,0,0,0,0,0,0,0,0,0,0,0,0,0,0,0,0,0,0,0,0,0,0,0,0,0,0,0,0,0,0,0,0,0,0,0,0,0,0,0,0,0,0,0,0,0,0,0,0,0,0,0,0,0,0,0,0,0,0,0,0,0,0,0,0,0,0,0,0,0,0,0,0,0,0,0,0,0,0,0,0,0,0,0,0,0,0,0,0,0,0,0,0,0,0,0,0,0,0,0,0,0,0,0,0,0,0,0,0,0,0,0,0,0,0,0,0,0,0,0,0,0,0,0,0,0,0,0,0,0,0,0,0,0,0,0,0,0,0,0,0,0,0,0,0,0,0,0,0,0,0,0,0,0,0,0,0,0,0,0,0,0,0,0,0,0,0,0,0,0,0,0,0,0,0,0,0,0,0,0,0,0,0,0,0,0,0,0,0,0,0,0,0,0,0,0,0,0,0,0,0,75,207,352,506,668,837,1012,1192,1377,1567,1761,1958,2160,2366,2574,2787,3002,3220,3442,3667,3894,4124,4357,4592,4830,5070,5313,5559,5806,6056
700,0,0,0,0,0,0,0,0,0,0,0,0,0,0,0,0,0,0,0,0,0,0,0,0,0,0,0,0,0,0,0,0,0,0,0,0,0,0,0,0,0,0,0,0,0,0,0,0,0,0,0,0,0,0,0,0,0,0,0,0,0,0,0,0,0,0,0,0,0,0,0,0,0,0,0,0,0,0,0,0,0,0,0,0,0,0,0,0,0,0,0,0,0,0,0,0,0,0,0,0,0,0,0,0,0,0,0,0,0,0,0,0,0,0,0,0,0,0,0,0,0,0,0,0,0,0,0,0,0,0,0,0,0,0,0,0,0,0,0,0,0,0,0,0,0,0,0,0,0,0,0,0,0,0,0,0,0,0,0,0,0,0,0,0,0,0,0,0,0,0,0,0,0,0,0,0,0,0,0,0,0,0,0,0,0,0,0,0,0,0,0,0,0,0,0,0,0,0,0,0,0,0,0,0,0,0,0,0,0,0,0,0,0,0,0,0,0,0,0,0,0,0,0,0,0,0,0,0,0,0,0,0,0,0,0,0,0,0,0,0,0,0,0,0,0,0,0,0,0,0,0,0,0,0,0,0,0,0,0,0,0,0,0,0,0,0,0,53,181,324,477,638,806,980,1160,1344,1534,1727,1925,2126,2331,2540,2752,2967,3186,3408,3632,3859,4090,4322,4558,4796,5037,5280,5525,5773,6023,6276,6531,6787
701,0,0,0,0,0,0,0,0,0,0,0,0,0,0,0,0,0,0,0,0,0,0,0,0,0,0,0,0,0,0,0,0,0,0,0,0,0,0,0,0,0,0,0,0,0,0,0,0,0,0,0,0,0,0,0,0,0,0,0,0,0,0,0,0,0,0,0,0,0,0,0,0,0,0,0,0,0,0,0,0,0,0,0,0,0,0,0,0,0,0,0,0,0,0,0,0,0,0,0,0,0,0,0,0,0,0,0,0,0,0,0,0,0,0,0,0,0,0,0,0,0,0,0,0,0,0,0,0,0,0,0,0,0,0,0,0,0,0,0,0,0,0,0,0,0,0,0,0,0,0,0,0,0,0,0,0,0,0,0,0,0,0,0,0,0,0,0,0,0,0,0,0,0,0,0,0,0,0,0,0,0,0,0,0,0,0,0,0,0,0,0,0,0,0,0,0,0,0,0,0,0,0,0,0,0,0,0,0,0,0,0,0,0,0,0,0,0,0,0,0,0,0,0,0,0,0,0,0,0,0,0,0,0,0,0,0,0,0,0,0,0,0,0,0,0,0,0,0,0,0,0,0,0,0,0,0,0,0,0,0,0,0,0,0,47,174,317,470,631,799,973,1153,1338,1527,1721,1919,2120,2326,2535,2747,2963,3182,3404,3629,3857,4088,4321,4557,4796,5037,5280,5527,5775,6026,6279,6534,6792,7052,7313,7577
702,0,0,0,0,0,0,0,0,0,0,0,0,0,0,0,0,0,0,0,0,0,0,0,0,0,0,0,0,0,0,0,0,0,0,0,0,0,0,0,0,0,0,0,0,0,0,0,0,0,0,0,0,0,0,0,0,0,0,0,0,0,0,0,0,0,0,0,0,0,0,0,0,0,0,0,0,0,0,0,0,0,0,0,0,0,0,0,0,0,0,0,0,0,0,0,0,0,0,0,0,0,0,0,0,0,0,0,0,0,0,0,0,0,0,0,0,0,0,0,0,0,0,0,0,0,0,0,0,0,0,0,0,0,0,0,0,0,0,0,0,0,0,0,0,0,0,0,0,0,0,0,0,0,0,0,0,0,0,0,0,0,0,0,0,0,0,0,0,0,0,0,0,0,0,0,0,0,0,0,0,0,0,0,0,0,0,0,0,0,0,0,0,0,0,0,0,0,0,0,0,0,0,0,0,0,0,0,0,0,0,0,0,0,0,0,0,0,0,0,0,0,0,0,0,0,0,0,0,0,0,0,0,0,0,0,0,0,0,0,0,0,0,0,0,0,0,0,0,0,0,0,0,0,0,0,0,0,0,0,0,0,33,158,300,452,612,780,954,1133,1318,1507,1701,1899,2100,2306,2515,2728,2944,3163,3385,3610,3838,4069,4303,4540,4779,5020,5264,5511,5760,6011,6264,6520,6778,7039,7301,7565,7832,8101,8371
703,0,0,0,0,0,0,0,0,0,0,0,0,0,0,0,0,0,0,0,0,0,0,0,0,0,0,0,0,0,0,0,0,0,0,0,0,0,0,0,0,0,0,0,0,0,0,0,0,0,0,0,0,0,0,0,0,0,0,0,0,0,0,0,0,0,0,0,0,0,0,0,0,0,0,0,0,0,0,0,0,0,0,0,0,0,0,0,0,0,0,0,0,0,0,0,0,0,0,0,0,0,0,0,0,0,0,0,0,0,0,0,0,0,0,0,0,0,0,0,0,0,0,0,0,0,0,0,0,0,0,0,0,0,0,0,0,0,0,0,0,0,0,0,0,0,0,0,0,0,0,0,0,0,0,0,0,0,0,0,0,0,0,0,0,0,0,0,0,0,0,0,0,0,0,0,0,0,0,0,0,0,0,0,0,0,0,0,0,0,0,0,0,0,0,0,0,0,0,0,0,0,0,0,0,0,0,0,0,0,0,0,0,0,0,0,0,0,0,0,0,0,0,0,0,0,0,0,0,0,0,0,0,0,0,0,0,0,0,0,0,0,0,0,0,0,0,0,0,0,0,0,0,0,0,0,0,0,0,28,152,293,445,605,773,947,1126,1311,1500,1694,1892,2095,2301,2510,2723,2939,3159,3382,3607,3836,4068,4302,4539,4778,5020,5265,5512,5762,6014,6268,6524,6783,7044,7307,7572,7840,8109,8380,8654,8929,9206
704,0,0,0,0,0,0,0,0,0,0,0,0,0,0,0,0,0,0,0,0,0,0,0,0,0,0,0,0,0,0,0,0,0,0,0,0,0,0,0,0,0,0,0,0,0,0,0,0,0,0,0,0,0,0,0,0,0,0,0,0,0,0,0,0,0,0,0,0,0,0,0,0,0,0,0,0,0,0,0,0,0,0,0,0,0,0,0,0,0,0,0,0,0,0,0,0,0,0,0,0,0,0,0,0,0,0,0,0,0,0,0,0,0,0,0,0,0,0,0,0,0,0,0,0,0,0,0,0,0,0,0,0,0,0,0,0,0,0,0,0,0,0,0,0,0,0,0,0,0,0,0,0,0,0,0,0,0,0,0,0,0,0,0,0,0,0,0,0,0,0,0,0,0,0,0,0,0,0,0,0,0,0,0,0,0,0,0,0,0,0,0,0,0,0,0,0,0,0,0,0,0,0,0,0,0,0,0,0,0,0,0,0,0,0,0,0,0,0,0,0,0,0,0,0,0,0,0,0,0,0,0,0,0,0,0,0,0,0,0,0,0,0,0,0,0,0,0,0,0,0,0,0,0,0,0,22,145,285,437,598,765,939,1119,1304,1494,1688,1886,2089,2295,2505,2718,2935,3155,3378,3604,3834,4066,4300,4538,4778,5021,5266,5514,5764,6017,6271,6529,6788,7050,7314,7579,7848,8118,8390,8664,8940,9218,9498,9780,10064
705,0,0,0,0,0,0,0,0,0,0,0,0,0,0,0,0,0,0,0,0,0,0,0,0,0,0,0,0,0,0,0,0,0,0,0,0,0,0,0,0,0,0,0,0,0,0,0,0,0,0,0,0,0,0,0,0,0,0,0,0,0,0,0,0,0,0,0,0,0,0,0,0,0,0,0,0,0,0,0,0,0,0,0,0,0,0,0,0,0,0,0,0,0,0,0,0,0,0,0,0,0,0,0,0,0,0,0,0,0,0,0,0,0,0,0,0,0,0,0,0,0,0,0,0,0,0,0,0,0,0,0,0,0,0,0,0,0,0,0,0,0,0,0,0,0,0,0,0,0,0,0,0,0,0,0,0,0,0,0,0,0,0,0,0,0,0,0,0,0,0,0,0,0,0,0,0,0,0,0,0,0,0,0,0,0,0,0,0,0,0,0,0,0,0,0,0,0,0,0,0,0,0,0,0,0,0,0,0,0,0,0,0,0,0,0,0,0,0,0,0,0,0,0,0,0,0,0,0,0,0,0,0,0,0,0,0,0,0,0,0,0,0,0,0,0,0,0,0,0,0,0,0,17,138,278,430,590,758,932,1112,1297,1487,1681,1880,2083,2290,2500,2714,2931,3151,3375,3602,3831,4064,4299,4537,4778,5021,5267,5516,5767,6020,6275,6533,6793,7056,7320,7587,7856,8127,8400,8674,8951,9230,9511,9794,10078,10365,10653,10943
706,0,0,0,0,0,0,0,0,0,0,0,0,0,0,0,0,0,0,0,0,0,0,0,0,0,0,0,0,0,0,0,0,0,0,0,0,0,0,0,0,0,0,0,0,0,0,0,0,0,0,0,0,0,0,0,0,0,0,0,0,0,0,0,0,0,0,0,0,0,0,0,0,0,0,0,0,0,0,0,0,0,0,0,0,0,0,0,0,0,0,0,0,0,0,0,0,0,0,0,0,0,0,0,0,0,0,0,0,0,0,0,0,0,0,0,0,0,0,0,0,0,0,0,0,0,0,0,0,0,0,0,0,0,0,0,0,0,0,0,0,0,0,0,0,0,0,0,0,0,0,0,0,0,0,0,0,0,0,0,0,0,0,0,0,0,0,0,0,0,0,0,0,0,0,0,0,0,0,0,0,0,0,0,0,0,0,0,0,0,0,0,0,0,0,0,0,0,0,0,0,0,0,0,0,0,0,0,0,0,0,0,0,0,0,0,0,0,0,0,0,0,0,0,0,0,0,0,0,0,0,0,0,0,0,0,0,0,0,0,0,0,0,0,0,0,0,0,0,0,5,123,261,412,572,739,913,1092,1277,1467,1662,1860,2063,2270,2480,2694,2912,3132,3356,3583,3813,4046,4282,4520,4761,5005,5251,5500,5752,6005,6261,6520,6780,7043,7309,7576,7845,8117,8390,8666,8943,9223,9504,9788,10073,10360,10649,10940,11233,11527,11824
707,0,0,0,0,0,0,0,0,0,0,0,0,0,0,0,0,0,0,0,0,0,0,0,0,0,0,0,0,0,0,0,0,0,0,0,0,0,0,0,0,0,0,0,0,0,0,0,0,0,0,0,0,0,0,0,0,0,0,0,0,0,0,0,0,0,0,0,0,0,0,0,0,0,0,0,0,0,0,0,0,0,0,0,0,0,0,0,0,0,0,0,0,0,0,0,0,0,0,0,0,0,0,0,0,0,0,0,0,0,0,0,0,0,0,0,0,0,0,0,0,0,0,0,0,0,0,0,0,0,0,0,0,0,0,0,0,0,0,0,0,0,0,0,0,0,0,0,0,0,0,0,0,0,0,0,0,0,0,0,0,0,0,0,0,0,0,0,0,0,0,0,0,0,0,0,0,0,0,0,0,0,0,0,0,0,0,0,0,0,0,0,0,0,0,0,0,0,0,0,0,0,0,0,0,0,0,0,0,0,0,0,0,0,0,0,0,0,0,0,0,0,0,0,0,0,0,0,0,0,0,0,0,0,0,0,0,0,0,0,0,0,0,0,0,0,0,0,116,254,405,564,732,905,1085,1270,1460,1655,1854,2057,2265,2475,2690,2908,3129,3353,3581,3811,4045,4281,4520,4762,5006,5253,5502,5754,6009,6266,6525,6786,7050,7316,7584,7854,8126,8401,8677,8955,9236,9518,9802,10089,10377,10667,10958,11252,11547,11844,12143,12444,12746
708,0,0,0,0,0,0,0,0,0,0,0,0,0,0,0,0,0,0,0,0,0,0,0,0,0,0,0,0,0,0,0,0,0,0,0,0,0,0,0,0,0,0,0,0,0,0,0,0,0,0,0,0,0,0,0,0,0,0,0,0,0,0,0,0,0,0,0,0,0,0,0,0,0,0,0,0,0,0,0,0,0,0,0,0,0,0,0,0,0,0,0,0,0,0,0,0,0,0,0,0,0,0,0,0,0,0,0,0,0,0,0,0,0,0,0,0,0,0,0,0,0,0,0,0,0,0,0,0,0,0,0,0,0,0,0,0,0,0,0,0,0,0,0,0,0,0,0,0,0,0,0,0,0,0,0,0,0,0,0,0,0,0,0,0,0,0,0,0,0,0,0,0,0,0,0,0,0,0,0,0,0,0,0,0,0,0,0,0,0,0,0,0,0,0,0,0,0,0,0,0,0,0,0,0,0,0,0,0,0,0,0,0,0,0,0,0,0,0,0,0,0,0,0,0,0,0,0,0,0,0,0,0,0,0,0,0,0,0,0,0,0,0,0,0,110,247,398,557,724,898,1078,1263,1454,1649,1848,2052,2259,2470,2685,2904,3125,3350,3578,3809,4043,4280,4520,4762,5007,5255,5505,5758,6013,6270,6530,6792,7057,7323,7592,7863,8136,8411,8688,8968,9249,9532,9817,10105,10393,10684,10977,11272,11568,11866,12166,12467,12771,13076,13382,13691
709,0,0,0,0,0,0,0,0,0,0,0,0,0,0,0,0,0,0,0,0,0,0,0,0,0,0,0,0,0,0,0,0,0,0,0,0,0,0,0,0,0,0,0,0,0,0,0,0,0,0,0,0,0,0,0,0,0,0,0,0,0,0,0,0,0,0,0,0,0,0,0,0,0,0,0,0,0,0,0,0,0,0,0,0,0,0,0,0,0,0,0,0,0,0,0,0,0,0,0,0,0,0,0,0,0,0,0,0,0,0,0,0,0,0,0,0,0,0,0,0,0,0,0,0,0,0,0,0,0,0,0,0,0,0,0,0,0,0,0,0,0,0,0,0,0,0,0,0,0,0,0,0,0,0,0,0,0,0,0,0,0,0,0,0,0,0,0,0,0,0,0,0,0,0,0,0,0,0,0,0,0,0,0,0,0,0,0,0,0,0,0,0,0,0,0,0,0,0,0,0,0,0,0,0,0,0,0,0,0,0,0,0,0,0,0,0,0,0,0,0,0,0,0,0,0,0,0,0,0,0,0,0,0,0,0,0,0,0,0,0,0,103,240,390,550,717,891,1071,1257,1447,1642,1842,2046,2254,2466,2681,2900,3122,3347,3576,3807,4042,4279,4520,4763,5008,5257,5507,5761,6017,6275,6535,6798,7063,7331,7601,7872,8146,8422,8700,8980,9263,9547,9833,10121,10411,10702,10996,11292,11589,11888,12189,12491,12796,13102,13409,13719,14030,14342,14657
710,0,0,0,0,0,0,0,0,0,0,0,0,0,0,0,0,0,0,0,0,0,0,0,0,0,0,0,0,0,0,0,0,0,0,0,0,0,0,0,0,0,0,0,0,0,0,0,0,0,0,0,0,0,0,0,0,0,0,0,0,0,0,0,0,0,0,0,0,0,0,0,0,0,0,0,0,0,0,0,0,0,0,0,0,0,0,0,0,0,0,0,0,0,0,0,0,0,0,0,0,0,0,0,0,0,0,0,0,0,0,0,0,0,0,0,0,0,0,0,0,0,0,0,0,0,0,0,0,0,0,0,0,0,0,0,0,0,0,0,0,0,0,0,0,0,0,0,0,0,0,0,0,0,0,0,0,0,0,0,0,0,0,0,0,0,0,0,0,0,0,0,0,0,0,0,0,0,0,0,0,0,0,0,0,0,0,0,0,0,0,0,0,0,0,0,0,0,0,0,0,0,0,0,0,0,0,0,0,0,0,0,0,0,0,0,0,0,0,0,0,0,0,0,0,0,0,0,0,0,0,0,0,0,0,0,0,0,0,88,223,372,531,698,872,1051,1237,1427,1623,1822,2026,2234,2446,2661,2880,3103,3328,3557,3789,4024,4262,4503,4746,4992,5241,5492,5746,6003,6261,6523,6786,7052,7320,7590,7863,8137,8414,8693,8974,9256,9541,9828,10117,10408,10700,10995,11291,11589,11889,12190,12494,12799,13106,13415,13725,14037,14350,14666,14982,15301,15621
711,0,0,0,0,0,0,0,0,0,0,0,0,0,0,0,0,0,0,0,0,0,0,0,0,0,0,0,0,0,0,0,0,0,0,0,0,0,0,0,0,0,0,0,0,0,0,0,0,0,0,0,0,0,0,0,0,0,0,0,0,0,0,0,0,0,0,0,0,0,0,0,0,0,0,0,0,0,0,0,0,0,0,0,0,0,0,0,0,0,0,0,0,0,0,0,0,0,0,0,0,0,0,0,0,0,0,0,0,0,0,0,0,0,0,0,0,0,0,0,0,0,0,0,0,0,0,0,0,0,0,0,0,0,0,0,0,0,0,0,0,0,0,0,0,0,0,0,0,0,0,0,0,0,0,0,0,0,0,0,0,0,0,0,0,0,0,0,0,0,0,0,0,0,0,0,0,0,0,0,0,0,0,0,0,0,0,0,0,0,0,0,0,0,0,0,0,0,0,0,0,0,0,0,0,0,0,0,0,0,0,0,0,0,0,0,0,0,0,0,0,0,0,0,0,0,0,0,0,0,0,0,0,0,0,0,99,236,386,546,714,889,1070,1256,1447,1644,1844,2049,2258,2471,2687,2907,3131,3357,3587,3820,4056,4295,4537,4781,5028,5278,5531,5786,6043,6303,6565,6830,7097,7366,7638,7911,8187,8465,8745,9027,9311,9597,9885,10175,10467,10761,11057,11354,11654,11955,12258,12563,12869,13178,13487,13799,14112,14427,14744,15062,15382,15703,16026,16351,16677
712,0,0,0,0,0,0,0,0,0,0,0,0,0,0,0,0,0,0,0,0,0,0,0,0,0,0,0,0,0,0,0,0,0,0,0,0,0,0,0,0,0,0,0,0,0,0,0,0,0,0,0,0,0,0,0,0,0,0,0,0,0,0,0,0,0,0,0,0,0,0,0,0,0,0,0,0,0,0,0,0,0,0,0,0,0,0,0,0,0,0,0,0,0,0,0,0,0,0,0,0,0,0,0,0,0,0,0,0,0,0,0,0,0,0,0,0,0,0,0,0,0,0,0,0,0,0,0,0,0,0,0,0,0,0,0,0,0,0,0,0,0,0,0,0,0,0,0,0,0,0,0,0,0,0,0,0,0,0,0,0,0,0,0,0,0,0,0,0,0,0,0,0,0,0,0,0,0,0,0,0,0,0,0,0,0,0,0,0,0,0,0,0,0,0,0,0,0,0,0,0,0,0,0,0,0,0,0,0,0,0,0,0,0,0,0,0,0,0,0,0,0,0,0,0,0,0,0,0,0,0,0,0,110,249,401,562,731,906,1088,1275,1468,1665,1867,2072,2282,2496,2713,2934,3159,3387,3617,3852,4089,4328,4571,4817,5065,5316,5570,5826,6084,6345,6609,6875,7143,7413,7686,7961,8238,8517,8798,9081,9367,9654,9944,10235,10528,10823,11120,11419,11720,12022,12327,12633,12941,13250,13561,13874,14189,14505,14823,15143,15464,15787,16111,16437,16765,17094,17424,17756
713,0,0,0,0,0,0,0,0,0,0,0,0,0,0,0,0,0,0,0,0,0,0,0,0,0,0,0,0,0,0,0,0,0,0,0,0,0,0,0,0,0,0,0,0,0,0,0,0,0,0,0,0,0,0,0,0,0,0,0,0,0,0,0,0,0,0,0,0,0,0,0,0,0,0,0,0,0,0,0,0,0,0,0,0,0,0,0,0,0,0,0,0,0,0,0,0,0,0,0,0,0,0,0,0,0,0,0,0,0,0,0,0,0,0,0,0,0,0,0,0,0,0,0,0,0,0,0,0,0,0,0,0,0,0,0,0,0,0,0,0,0,0,0,0,0,0,0,0,0,0,0,0,0,0,0,0,0,0,0,0,0,0,0,0,0,0,0,0,0,0,0,0,0,0,0,0,0,0,0,0,0,0,0,0,0,0,0,0,0,0,0,0,0,0,0,0,0,0,0,0,0,0,0,0,0,0,0,0,0,0,0,0,0,0,0,0,0,0,0,0,0,0,0,0,0,0,0,0,0,113,252,404,566,735,911,1094,1282,1475,1672,1875,2081,2292,2506,2725,2946,3172,3400,3632,3867,4105,4345,4589,4836,5085,5337,5591,5848,6108,6370,6634,6901,7170,7442,7715,7991,8269,8550,8832,9116,9403,9691,9982,10274,10568,10865,11163,11463,11765,12069,12374,12682,12991,13301,13614,13928,14244,14562,14881,15202,15524,15848,16174,16501,16830,17161,17492,17826,18161,18497,18835
714,0,0,0,0,0,0,0,0,0,0,0,0,0,0,0,0,0,0,0,0,0,0,0,0,0,0,0,0,0,0,0,0,0,0,0,0,0,0,0,0,0,0,0,0,0,0,0,0,0,0,0,0,0,0,0,0,0,0,0,0,0,0,0,0,0,0,0,0,0,0,0,0,0,0,0,0,0,0,0,0,0,0,0,0,0,0,0,0,0,0,0,0,0,0,0,0,0,0,0,0,0,0,0,0,0,0,0,0,0,0,0,0,0,0,0,0,0,0,0,0,0,0,0,0,0,0,0,0,0,0,0,0,0,0,0,0,0,0,0,0,0,0,0,0,0,0,0,0,0,0,0,0,0,0,0,0,0,0,0,0,0,0,0,0,0,0,0,0,0,0,0,0,0,0,0,0,0,0,0,0,0,0,0,0,0,0,0,0,0,0,0,0,0,0,0,0,0,0,0,0,0,0,0,0,0,0,0,0,0,0,0,0,0,0,0,0,0,0,0,0,0,0,0,0,0,5,124,265,418,581,752,929,1112,1301,1495,1694,1897,2105,2317,2532,2751,2974,3200,3430,3663,3899,4138,4379,4624,4872,5122,5375,5631,5889,6150,6413,6679,6947,7217,7490,7765,8042,8321,8603,8886,9172,9460,9749,10041,10335,10631,10928,11228,11529,11833,12138,12445,12753,13064,13376,13690,14006,14323,14642,14963,15285,15609,15935,16262,16591,16921,17253,17586,17921,18257,18595,18935,19276,19618,19962
715,0,0,0,0,0,0,0,0,0,0,0,0,0,0,0,0,0,0,0,0,0,0,0,0,0,0,0,0,0,0,0,0,0,0,0,0,0,0,0,0,0,0,0,0,0,0,0,0,0,0,0,0,0,0,0,0,0,0,0,0,0,0,0,0,0,0,0,0,0,0,0,0,0,0,0,0,0,0,0,0,0,0,0,0,0,0,0,0,0,0,0,0,0,0,0,0,0,0,0,0,0,0,0,0,0,0,0,0,0,0,0,0,0,0,0,0,0,0,0,0,0,0,0,0,0,0,0,0,0,0,0,0,0,0,0,0,0,0,0,0,0,0,0,0,0,0,0,0,0,0,0,0,0,0,0,0,0,0,0,0,0,0,0,0,0,0,0,0,0,0,0,0,0,0,0,0,0,0,0,0,0,0,0,0,0,0,0,0,0,0,0,0,0,0,0,0,0,0,0,0,0,0,0,0,0,0,0,0,0,0,0,0,0,0,0,0,0,0,0,0,0,0,7,127,268,422,585,756,934,1118,1308,1502,1702,1906,2114,2327,2543,2763,2987,3214,3444,3678,3914,4154,4397,4643,4891,5143,5397,5653,5912,6174,6438,6705,6974,7246,7519,7795,8074,8354,8637,8921,9208,9497,9788,10081,10376,10673,10972,11272,11575,11880,12186,12494,12804,13116,13429,13745,14062,14380,14701,15023,15346,15672,15999,16327,16657,16989,17322,17657,17993,18331,18670,19011,19354,19697,20042,20389,20737,21087
716,0,0,0,0,0,0,0,0,0,0,0,0,0,0,0,0,0,0,0,0,0,0,0,0,0,0,0,0,0,0,0,0,0,0,0,0,0,0,0,0,0,0,0,0,0,0,0,0,0,0,0,0,0,0,0,0,0,0,0,0,0,0,0,0,0,0,0,0,0,0,0,0,0,0,0,0,0,0,0,0,0,0,0,0,0,0,0,0,0,0,0,0,0,0,0,0,0,0,0,0,0,0,0,0,0,0,0,0,0,0,0,0,0,0,0,0,0,0,0,0,0,0,0,0,0,0,0,0,0,0,0,0,0,0,0,0,0,0,0,0,0,0,0,0,0,0,0,0,0,0,0,0,0,0,0,0,0,0,0,0,0,0,0,0,0,0,0,0,0,0,0,0,0,0,0,0,0,0,0,0,0,0,0,0,0,0,0,0,0,0,0,0,0,0,0,0,0,0,0,0,0,0,0,0,0,0,0,0,0,0,0,0,0,0,0,0,0,0,0,15,138,282,437,601,773,952,1137,1328,1523,1724,1929,2138,2352,2569,2790,3015,3243,3474,3709,3947,4188,4432,4679,4928,5181,5436,5694,5954,6217,6483,6751,7021,7294,7569,7846,8126,8407,8691,8977,9265,9556,9848,10142,10439,10737,11037,11339,11643,11949,12257,12567,12878,13191,13506,13823,14141,14462,14784,15107,15432,15759,16088,16418,16749,17082,17417,17754,18091,18431,18772,19114,19458,19803,20150,20498,20848,21199,21552,21905,22261
717,0,0,0,0,0,0,0,0,0,0,0,0,0,0,0,0,0,0,0,0,0,0,0,0,0,0,0,0,0,0,0,0,0,0,0,0,0,0,0,0,0,0,0,0,0,0,0,0,0,0,0,0,0,0,0,0,0,0,0,0,0,0,0,0,0,0,0,0,0,0,0,0,0,0,0,0,0,0,0,0,0,0,0,0,0,0,0,0,0,0,0,0,0,0,0,0,0,0,0,0,0,0,0,0,0,0,0,0,0,0,0,0,0,0,0,0,0,0,0,0,0,0,0,0,0,0,0,0,0,0,0,0,0,0,0,0,0,0,0,0,0,0,0,0,0,0,0,0,0,0,0,0,0,0,0,0,0,0,0,0,0,0,0,0,0,0,0,0,0,0,0,0,0,0,0,0,0,0,0,0,0,0,0,0,0,0,0,0,0,0,0,0,0,0,0,0,0,0,0,0,0,0,0,0,0,0,0,0,0,0,0,0,0,0,0,0,24,150,295,452,617,790,970,1156,1348,1545,1746,1952,2163,2377,2596,2818,3043,3273,3505,3741,3980,4222,4467,4715,4966,5220,5476,5735,5997,6261,6528,6797,7069,7343,7619,7898,8178,8461,8747,9034,9324,9615,9909,10205,10502,10802,11104,11407,11713,12020,12329,12641,12953,13268,13585,13903,14223,14544,14868,15193,15520,15848,16178,16510,16843,17178,17514,17852,18191,18532,18875,19219,19564,19911,20260,20610,20961,21314,21668,22023,22380,22739,23098,23459
718,0,0,0,0,0,0,0,0,0,0,0,0,0,0,0,0,0,0,0,0,0,0,0,0,0,0,0,0,0,0,0,0,0,0,0,0,0,0,0,0,0,0,0,0,0,0,0,0,0,0,0,0,0,0,0,0,0,0,0,0,0,0,0,0,0,0,0,0,0,0,0,0,0,0,0,0,0,0,0,0,0,0,0,0,0,0,0,0,0,0,0,0,0,0,0,0,0,0,0,0,0,0,0,0,0,0,0,0,0,0,0,0,0,0,0,0,0,0,0,0,0,0,0,0,0,0,0,0,0,0,0,0,0,0,0,0,0,0,0,0,0,0,0,0,0,0,0,0,0,0,0,0,0,0,0,0,0,0,0,0,0,0,0,0,0,0,0,0,0,0,0,0,0,0,0,0,0,0,0,0,0,0,0,0,0,0,0,0,0,0,0,0,0,0,0,0,0,0,0,0,0,0,0,0,0,0,0,0,0,0,0,0,0,26,153,298,455,621,795,976,1163,1355,1552,1754,1961,2172,2388,2607,2830,3056,3287,3520,3757,3997,4240,4486,4735,4987,5241,5499,5759,6022,6287,6555,6825,7098,7373,7650,7930,8212,8496,8783,9071,9362,9655,9950,10247,10546,10847,11150,11454,11761,12070,12381,12693,13007,13323,13641,13961,14282,14605,14930,15256,15584,15914,16246,16579,16913,17250,17588,17927,18268,18610,18954,19300,19647,19995,20345,20697,21050,21404,21760,22117,22475,22835,23196,23559,23923,24288,24655
719,0,0,0,0,0,0,0,0,0,0,0,0,0,0,0,0,0,0,0,0,0,0,0,0,0,0,0,0,0,0,0,0,0,0,0,0,0,0,0,0,0,0,0,0,0,0,0,0,0,0,0,0,0,0,0,0,0,0,0,0,0,0,0,0,0,0,0,0,0,0,0,0,0,0,0,0,0,0,0,0,0,0,0,0,0,0,0,0,0,0,0,0,0,0,0,0,0,0,0,0,0,0,0,0,0,0,0,0,0,0,0,0,0,0,0,0,0,0,0,0,0,0,0,0,0,0,0,0,0,0,0,0,0,0,0,0,0,0,0,0,0,0,0,0,0,0,0,0,0,0,0,0,0,0,0,0,0,0,0,0,0,0,0,0,0,0,0,0,0,0,0,0,0,0,0,0,0,0,0,0,0,0,0,0,0,0,0,0,0,0,0,0,0,0,0,0,0,0,0,0,0,0,0,0,0,0,0,0,0,0,36,165,312,470,638,813,994,1182,1375,1574,1777,1985,2197,2414,2634,2858,3086,3317,3552,3790,4031,4275,4522,4772,5025,5281,5540,5801,6065,6332,6601,6873,7147,7423,7702,7983,8266,8552,8840,9130,9422,9716,10013,10311,10611,10914,11218,11525,11833,12143,12455,12769,13085,13402,13722,14043,14366,14691,15017,15345,15675,16006,16339,16674,17010,17348,17688,18029,18371,18715,19061,19408,19757,20107,20459,20812,21166,21522,21880,22239,22599,22961,23324,23688,24054,24421,24789,25159,25530,25902
720,0,0,0,0,0,0,0,0,0,0,0,0,0,0,0,0,0,0,0,0,0,0,0,0,0,0,0,0,0,0,0,0,0,0,0,0,0,0,0,0,0,0,0,0,0,0,0,0,0,0,0,0,0,0,0,0,0,0,0,0,0,0,0,0,0,0,0,0,0,0,0,0,0,0,0,0,0,0,0,0,0,0,0,0,0,0,0,0,0,0,0,0,0,0,0,0,0,0,0,0,0,0,0,0,0,0,0,0,0,0,0,0,0,0,0,0,0,0,0,0,0,0,0,0,0,0,0,0,0,0,0,0,0,0,0,0,0,0,0,0,0,0,0,0,0,0,0,0,0,0,0,0,0,0,0,0,0,0,0,0,0,0,0,0,0,0,0,0,0,0,0,0,0,0,0,0,0,0,0,0,0,0,0,0,0,0,0,0,0,0,0,0,0,0,0,0,0,0,0,0,0,0,0,0,0,0,0,38,168,315,474,642,818,1000,1188,1382,1582,1786,1994,2207,2425,2646,2871,3099,3331,3567,3806,4048,4293,4541,4793,5047,5304,5563,5826,6091,6359,6629,6902,7177,7454,7734,8017,8301,8588,8877,9168,9462,9757,10055,10355,10656,10960,11266,11574,11883,12195,12508,12824,13141,13460,13781,14103,14428,14754,15081,15411,15742,16075,16410,16746,17084,17423,17764,18107,18451,18797,19144,19493,19843,20195,20548,20903,21259,21616,21975,22336,22698,23061,23426,23792,24159,24528,24898,25269,25642,26016,26391,26768,27146
721,0,0,0,0,0,0,0,0,0,0,0,0,0,0,0,0,0,0,0,0,0,0,0,0,0,0,0,0,0,0,0,0,0,0,0,0,0,0,0,0,0,0,0,0,0,0,0,0,0,0,0,0,0,0,0,0,0,0,0,0,0,0,0,0,0,0,0,0,0,0,0,0,0,0,0,0,0,0,0,0,0,0,0,0,0,0,0,0,0,0,0,0,0,0,0,0,0,0,0,0,0,0,0,0,0,0,0,0,0,0,0,0,0,0,0,0,0,0,0,0,0,0,0,0,0,0,0,0,0,0,0,0,0,0,0,0,0,0,0,0,0,0,0,0,0,0,0,0,0,0,0,0,0,0,0,0,0,0,0,0,0,0,0,0,0,0,0,0,0,0,0,0,0,0,0,0,0,0,0,0,0,0,0,0,0,0,0,0,0,0,0,0,0,0,0,0,0,0,0,0,0,0,0,0,65,200,351,512,682,860,1044,1235,1431,1632,1838,2048,2263,2482,2704,2931,3161,3395,3633,3873,4117,4364,4614,4867,5123,5381,5643,5907,6174,6443,6715,6989,7266,7546,7828,8112,8398,8687,8978,9271,9566,9863,10163,10464,10768,11073,11381,11691,12002,12316,12631,12948,13267,13588,13911,14235,14562,14890,15219,15551,15884,16219,16555,16894,17233,17575,17918,18262,18609,18956,19306,19656,20009,20362,20718,21075,21433,21792,22154,22516,22880,23245,23612,23980,24350,24720,25093,25466,25841,26217,26595,26973,27353,27735,28117,28501
722,0,0,0,0,0,0,0,0,0,0,0,0,0,0,0,0,0,0,0,0,0,0,0,0,0,0,0,0,0,0,0,0,0,0,0,0,0,0,0,0,0,0,0,0,0,0,0,0,0,0,0,0,0,0,0,0,0,0,0,0,0,0,0,0,0,0,0,0,0,0,0,0,0,0,0,0,0,0,0,0,0,0,0,0,0,0,0,0,0,0,0,0,0,0,0,0,0,0,0,0,0,0,0,0,0,0,0,0,0,0,0,0,0,0,0,0,0,0,0,0,0,0,0,0,0,0,0,0,0,0,0,0,0,0,0,0,0,0,0,0,0,0,0,0,0,0,0,0,0,0,0,0,0,0,0,0,0,0,0,0,0,0,0,0,0,0,0,0,0,0,0,0,0,0,0,0,0,0,0,0,0,0,0,0,0,0,0,0,0,0,0,0,0,0,0,0,0,0,0,0,0,85,223,376,539,711,891,1076,1268,1466,1668,1876,2087,2304,2524,2748,2976,3208,3443,3682,3924,4170,4418,4669,4924,5181,5441,5704,5970,6238,6509,6783,7059,7338,7619,7902,8188,8476,8766,9059,9353,9650,9949,10250,10554,10859,11166,11476,11787,12100,12415,12733,13052,13372,13695,14020,14346,14674,15004,15335,15669,16004,16341,16679,17019,17361,17704,18049,18395,18743,19093,19444,19797,20151,20507,20864,21223,21583,21945,22308,22672,23038,23405,23774,24144,24516,24888,25263,25638,26015,26393,26773,27154,27536,27919,28304,28690,29077,29465,29855
723,0,0,0,0,0,0,0,0,0,0,0,0,0,0,0,0,0,0,0,0,0,0,0,0,0,0,0,0,0,0,0,0,0,0,0,0,0,0,0,0,0,0,0,0,0,0,0,0,0,0,0,0,0,0,0,0,0,0,0,0,0,0,0,0,0,0,0,0,0,0,0,0,0,0,0,0,0,0,0,0,0,0,0,0,0,0,0,0,0,0,0,0,0,0,0,0,0,0,0,0,0,0,0,0,0,0,0,0,0,0,0,0,0,0,0,0,0,0,0,0,0,0,0,0,0,0,0,0,0,0,0,0,0,0,0,0,0,0,0,0,0,0,0,0,0,0,0,0,0,0,0,0,0,0,0,0,0,0,0,0,0,0,0,0,0,0,0,0,0,0,0,0,0,0,0,0,0,0,0,0,0,0,0,0,0,0,0,0,0,0,0,0,0,0,0,0,0,0,114,257,413,578,753,934,1122,1316,1515,1720,1929,2142,2360,2583,2809,3038,3272,3509,3749,3993,4240,4490,4744,5000,5259,5521,5786,6053,6323,6596,6872,7150,7430,7713,7998,8286,8575,8868,9162,9459,9757,10058,10361,10667,10974,11283,11594,11908,12223,12540,12859,13180,13503,13828,14154,14482,14813,15144,15478,15813,16150,16489,16830,17172,17515,17861,18208,18556,18906,19258,19611,19966,20323,20680,21040,21401,21763,22127,22492,22859,23227,23596,23967,24339,24713,25088,25464,25842,26221,26601,26983,27366,27750,28136,28523,28911,29300,29691,30083,30476,30870,31266
724,0,0,0,0,0,0,0,0,0,0,0,0,0,0,0,0,0,0,0,0,0,0,0,0,0,0,0,0,0,0,0,0,0,0,0,0,0,0,0,0,0,0,0,0,0,0,0,0,0,0,0,0,0,0,0,0,0,0,0,0,0,0,0,0,0,0,0,0,0,0,0,0,0,0,0,0,0,0,0,0,0,0,0,0,0,0,0,0,0,0,0,0,0,0,0,0,0,0,0,0,0,0,0,0,0,0,0,0,0,0,0,0,0,0,0,0,0,0,0,0,0,0,0,0,0,0,0,0,0,0,0,0,0,0,0,0,0,0,0,0,0,0,0,0,0,0,0,0,0,0,0,0,0,0,0,0,0,0,0,0,0,0,0,0,0,0,0,0,0,0,0,0,0,0,0,0,0,0,0,0,0,0,0,0,0,0,0,0,0,0,0,0,0,0,11,135,281,439,606,782,966,1155,1350,1551,1757,1968,2183,2403,2626,2854,3085,3320,3559,3801,4046,4295,4546,4801,5059,5320,5583,5850,6119,6390,6665,6942,7221,7503,7788,8075,8364,8656,8950,9246,9544,9845,10147,10452,10759,11068,11379,11692,12007,12324,12643,12964,13287,13612,13938,14267,14597,14929,15263,15598,15936,16275,16615,16958,17302,17647,17995,18344,18694,19046,19400,19755,20112,20470,20830,21192,21554,21919,22285,22652,23020,23391,23762,24135,24509,24885,25262,25641,26021,26402,26784,27168,27553,27940,28327,28716,29106,29498,29891,30285,30680,31077,31474,31873,32273,32675
725,0,0,0,0,0,0,0,0,0,0,0,0,0,0,0,0,0,0,0,0,0,0,0,0,0,0,0,0,0,0,0,0,0,0,0,0,0,0,0,0,0,0,0,0,0,0,0,0,0,0,0,0,0,0,0,0,0,0,0,0,0,0,0,0,0,0,0,0,0,0,0,0,0,0,0,0,0,0,0,0,0,0,0,0,0,0,0,0,0,0,0,0,0,0,0,0,0,0,0,0,0,0,0,0,0,0,0,0,0,0,0,0,0,0,0,0,0,0,0,0,0,0,0,0,0,0,0,0,0,0,0,0,0,0,0,0,0,0,0,0,0,0,0,0,0,0,0,0,0,0,0,0,0,0,0,0,0,0,0,0,0,0,0,0,0,0,0,0,0,0,0,0,0,0,0,0,0,0,0,0,0,0,0,0,0,0,0,0,0,0,0,28,157,305,465,635,813,997,1189,1385,1588,1795,2007,2224,2445,2670,2899,3132,3369,3609,3852,4099,4350,4603,4859,5119,5381,5646,5914,6185,6458,6734,7013,7294,7578,7864,8153,8444,8737,9033,9331,9631,9933,10238,10545,10853,11164,11477,11792,12109,12428,12749,13071,13396,13723,14051,14381,14714,15048,15383,15721,16060,16401,16743,17088,17434,17782,18131,18482,18834,19188,19544,19902,20260,20621,20983,21346,21711,22077,22445,22815,23185,23558,23931,24306,24683,25061,25440,25821,26202,26586,26970,27356,27744,28132,28522,28913,29306,29699,30094,30491,30888,31287,31687,32088,32490,32894,33298,33704,34111
726,0,0,0,0,0,0,0,0,0,0,0,0,0,0,0,0,0,0,0,0,0,0,0,0,0,0,0,0,0,0,0,0,0,0,0,0,0,0,0,0,0,0,0,0,0,0,0,0,0,0,0,0,0,0,0,0,0,0,0,0,0,0,0,0,0,0,0,0,0,0,0,0,0,0,0,0,0,0,0,0,0,0,0,0,0,0,0,0,0,0,0,0,0,0,0,0,0,0,0,0,0,0,0,0,0,0,0,0,0,0,0,0,0,0,0,0,0,0,0,0,0,0,0,0,0,0,0,0,0,0,0,0,0,0,0,0,0,0,0,0,0,0,0,0,0,0,0,0,0,0,0,0,0,0,0,0,0,0,0,0,0,0,0,0,0,0,0,0,0,0,0,0,0,0,0,0,0,0,0,0,0,0,0,0,0,0,0,0,54,189,341,504,676,856,1043,1236,1435,1639,1848,2063,2281,2504,2731,2962,3197,3435,3677,3922,4171,4423,4678,4936,5198,5462,5729,5999,6272,6547,6825,7106,7389,7674,7963,8253,8546,8841,9139,9439,9741,10045,10352,10661,10971,11284,11599,11916,12235,12556,12879,13204,13531,13860,14190,14522,14857,15193,15531,15870,16212,16555,16900,17246,17594,17944,18296,18649,19003,19360,19718,20077,20438,20801,21165,21531,21898,22267,22637,23009,23382,23756,24132,24509,24888,25268,25650,26033,26417,26803,27190,27578,27967,28358,28751,29144,29539,29935,30332,30731,31131,31532,31934,32338,32742,33148,33555,33964,34373,34784,35196,35608
727,0,0,0,0,0,0,0,0,0,0,0,0,0,0,0,0,0,0,0,0,0,0,0,0,0,0,0,0,0,0,0,0,0,0,0,0,0,0,0,0,0,0,0,0,0,0,0,0,0,0,0,0,0,0,0,0,0,0,0,0,0,0,0,0,0,0,0,0,0,0,0,0,0,0,0,0,0,0,0,0,0,0,0,0,0,0,0,0,0,0,0,0,0,0,0,0,0,0,0,0,0,0,0,0,0,0,0,0,0,0,0,0,0,0,0,0,0,0,0,0,0,0,0,0,0,0,0,0,0,0,0,0,0,0,0,0,0,0,0,0,0,0,0,0,0,0,0,0,0,0,0,0,0,0,0,0,0,0,0,0,0,0,0,0,0,0,0,0,0,0,0,0,0,0,0,0,0,0,0,0,0,0,0,0,0,74,212,366,531,705,887,1075,1270,1471,1677,1888,2103,2323,2548,2776,3009,3245,3485,3729,3976,4226,4480,4737,4997,5259,5525,5794,6066,6340,6617,6897,7179,7464,7752,8042,8334,8629,8926,9225,9527,9831,10137,10446,10756,11069,11384,11701,12020,12340,12663,12988,13315,13644,13975,14307,14642,14978,15316,15656,15997,16341,16686,17033,17381,17732,18084,18437,18792,19149,19508,19868,20229,20593,20957,21324,21692,22061,22432,22804,23178,23553,23930,24308,24688,25068,25451,25835,26220,26606,26994,27383,27774,28166,28559,28953,29349,29746,30145,30544,30945,31347,31750,32155,32561,32968,33376,33786,34196,34608,35021,35435,35850,36267,36684,37103
728,0,0,0,0,0,0,0,0,0,0,0,0,0,0,0,0,0,0,0,0,0,0,0,0,0,0,0,0,0,0,0,0,0,0,0,0,0,0,0,0,0,0,0,0,0,0,0,0,0,0,0,0,0,0,0,0,0,0,0,0,0,0,0,0,0,0,0,0,0,0,0,0,0,0,0,0,0,0,0,0,0,0,0,0,0,0,0,0,0,0,0,0,0,0,0,0,0,0,0,0,0,0,0,0,0,0,0,0,0,0,0,0,0,0,0,0,0,0,0,0,0,0,0,0,0,0,0,0,0,0,0,0,0,0,0,0,0,0,0,0,0,0,0,0,0,0,0,0,0,0,0,0,0,0,0,0,0,0,0,0,0,0,0,0,0,0,0,0,0,0,0,0,0,0,0,0,0,0,0,0,0,0,94,236,392,559,735,918,1109,1305,1507,1715,1927,2145,2366,2592,2823,3057,3295,3536,3781,4030,4282,4537,4796,5058,5322,5590,5860,6134,6410,6689,6970,7254,7541,7830,8122,8416,8713,9012,9313,9617,9923,10231,10541,10854,11168,11485,11804,12125,12448,12773,13099,13428,13759,14092,14426,14763,15101,15441,15783,16127,16472,16820,17169,17519,17872,18226,18581,18939,19298,19659,20021,20385,20750,21117,21485,21855,22227,22600,22975,23351,23728,24107,24487,24869,25252,25637,26023,26410,26799,27189,27581,27974,28368,28763,29160,29558,29958,30358,30760,31163,31568,31974,32380,32789,33198,33609,34020,34433,34847,35263,35679,36097,36516,36936,37357,37779,38203,38627
729,0,0,0,0,0,0,0,0,0,0,0,0,0,0,0,0,0,0,0,0,0,0,0,0,0,0,0,0,0,0,0,0,0,0,0,0,0,0,0,0,0,0,0,0,0,0,0,0,0,0,0,0,0,0,0,0,0,0,0,0,0,0,0,0,0,0,0,0,0,0,0,0,0,0,0,0,0,0,0,0,0,0,0,0,0,0,0,0,0,0,0,0,0,0,0,0,0,0,0,0,0,0,0,0,0,0,0,0,0,0,0,0,0,0,0,0,0,0,0,0,0,0,0,0,0,0,0,0,0,0,0,0,0,0,0,0,0,0,0,0,0,0,0,0,0,0,0,0,0,0,0,0,0,0,0,0,0,0,0,0,0,0,0,0,0,0,0,0,0,0,0,0,0,0,0,0,0,0,2,124,270,430,599,778,963,1156,1354,1559,1768,1983,2202,2426,2654,2886,3122,3362,3605,3852,4103,4357,4614,4875,5138,5405,5674,5947,6222,6500,6781,7065,7351,7640,7931,8225,8521,8820,9121,9424,9730,10038,10348,10661,10976,11292,11611,11932,12255,12580,12908,13237,13568,13901,14236,14573,14911,15252,15594,15938,16284,16632,16982,17333,17686,18041,18397,18755,19115,19476,19839,20204,20570,20938,21307,21678,22051,22424,22800,23177,23555,23935,24317,24699,25084,25469,25856,26245,26635,27026,27419,27813,28208,28604,29002,29402,29802,30204,30607,31012,31418,31824,32233,32642,33053,33465,33878,34292,34708,35124,35542,35961,36382,36803,37226,37649,38074,38500,38927,39355,39785,40215
730,0,0,0,0,0,0,0,0,0,0,0,0,0,0,0,0,0,0,0,0,0,0,0,0,0,0,0,0,0,0,0,0,0,0,0,0,0,0,0,0,0,0,0,0,0,0,0,0,0,0,0,0,0,0,0,0,0,0,0,0,0,0,0,0,0,0,0,0,0,0,0,0,0,0,0,0,0,0,0,0,0,0,0,0,0,0,0,0,0,0,0,0,0,0,0,0,0,0,0,0,0,0,0,0,0,0,0,0,0,0,0,0,0,0,0,0,0,0,0,0,0,0,0,0,0,0,0,0,0,0,0,0,0,0,0,0,0,0,0,0,0,0,0,0,0,0,0,0,0,0,0,0,0,0,0,0,0,0,0,0,0,0,0,0,0,0,0,0,0,0,0,0,0,0,0,18,146,295,457,628,808,996,1190,1390,1596,1807,2024,2244,2470,2699,2933,3171,3413,3658,3907,4159,4415,4674,4936,5201,5470,5741,6015,6293,6573,6855,7141,7429,7719,8013,8308,8607,8907,9210,9516,9823,10133,10446,10760,11077,11396,11717,12040,12365,12692,13021,13352,13685,14021,14358,14697,15037,15380,15725,16071,16419,16769,17121,17474,17830,18187,18545,18906,19268,19631,19996,20363,20732,21102,21473,21847,22221,22597,22975,23355,23735,24118,24501,24886,25273,25661,26050,26441,26833,27227,27622,28018,28416,28815,29216,29617,30020,30425,30830,31237,31645,32055,32465,32877,33290,33705,34120,34537,34955,35374,35795,36216,36639,37063,37488,37914,38341,38770,39199,39630,40062,40495,40929,41364,41800
731,0,0,0,0,0,0,0,0,0,0,0,0,0,0,0,0,0,0,0,0,0,0,0,0,0,0,0,0,0,0,0,0,0,0,0,0,0,0,0,0,0,0,0,0,0,0,0,0,0,0,0,0,0,0,0,0,0,0,0,0,0,0,0,0,0,0,0,0,0,0,0,0,0,0,0,0,0,0,0,0,0,0,0,0,0,0,0,0,0,0,0,0,0,0,0,0,0,0,0,0,0,0,0,0,0,0,0,0,0,0,0,0,0,0,0,0,0,0,0,0,0,0,0,0,0,0,0,0,0,0,0,0,0,0,0,0,0,0,0,0,0,0,0,0,0,0,0,0,0,0,0,0,0,0,0,0,0,0,0,0,0,0,0,0,0,0,0,0,0,0,0,0,52,188,342,507,682,865,1056,1252,1455,1664,1877,2096,2319,2547,2779,3015,3255,3499,3746,3997,4252,4510,4771,5036,5303,5574,5848,6124,6404,6686,6971,7259,7550,7843,8138,8436,8737,9040,9345,9653,9963,10276,10590,10907,11226,11548,11871,12196,12524,12854,13185,13519,13855,14192,14532,14873,15217,15562,15909,16258,16609,16961,17316,17672,18029,18389,18750,19113,19478,19844,20212,20581,20952,21325,21699,22075,22453,22831,23212,23594,23977,24362,24749,25136,25526,25916,26309,26702,27097,27493,27891,28290,28691,29092,29495,29900,30306,30713,31121,31531,31942,32354,32767,33182,33598,34015,34433,34853,35274,35696,36119,36543,36969,37395,37823,38252,38682,39114,39546,39980,40414,40850,41287,41725,42164,42604,43045,43487
732,0,0,0,0,0,0,0,0,0,0,0,0,0,0,0,0,0,0,0,0,0,0,0,0,0,0,0,0,0,0,0,0,0,0,0,0,0,0,0,0,0,0,0,0,0,0,0,0,0,0,0,0,0,0,0,0,0,0,0,0,0,0,0,0,0,0,0,0,0,0,0,0,0,0,0,0,0,0,0,0,0,0,0,0,0,0,0,0,0,0,0,0,0,0,0,0,0,0,0,0,0,0,0,0,0,0,0,0,0,0,0,0,0,0,0,0,0,0,0,0,0,0,0,0,0,0,0,0,0,0,0,0,0,0,0,0,0,0,0,0,0,0,0,0,0,0,0,0,0,0,0,0,0,0,0,0,0,0,0,0,0,0,0,0,0,0,0,0,0,99,243,401,571,750,936,1130,1330,1536,1747,1963,2185,2411,2641,2876,3114,3357,3603,3854,4107,4365,4625,4889,5156,5426,5700,5976,6255,6537,6822,7110,7400,7693,7989,8287,8588,8891,9197,9505,9815,10128,10443,10761,11080,11402,11726,12052,12380,12710,13043,13377,13714,14052,14392,14735,15079,15425,15773,16123,16475,16828,17184,17541,17900,18260,18622,18986,19352,19720,20089,20459,20832,21206,21581,21958,22337,22717,23099,23482,23867,24253,24641,25031,25421,25813,26207,26602,26999,27397,27796,28196,28598,29002,29407,29813,30220,30629,31039,31450,31863,32276,32692,33108,33526,33945,34365,34786,35209,35632,36057,36484,36911,37339,37769,38200,38632,39065,39499,39935,40371,40809,41248,41687,42128,42570,43014,43458,43903,44349,44797,45245
733,0,0,0,0,0,0,0,0,0,0,0,0,0,0,0,0,0,0,0,0,0,0,0,0,0,0,0,0,0,0,0,0,0,0,0,0,0,0,0,0,0,0,0,0,0,0,0,0,0,0,0,0,0,0,0,0,0,0,0,0,0,0,0,0,0,0,0,0,0,0,0,0,0,0,0,0,0,0,0,0,0,0,0,0,0,0,0,0,0,0,0,0,0,0,0,0,0,0,0,0,0,0,0,0,0,0,0,0,0,0,0,0,0,0,0,0,0,0,0,0,0,0,0,0,0,0,0,0,0,0,0,0,0,0,0,0,0,0,0,0,0,0,0,0,0,0,0,0,0,0,0,0,0,0,0,0,0,0,0,0,0,0,0,0,0,12,139,289,451,624,806,996,1192,1395,1603,1817,2036,2259,2488,2721,2958,3199,3444,3693,3945,4201,4461,4724,4990,5260,5532,5808,6087,6368,6653,6940,7230,7523,7819,8117,8417,8721,9026,9334,9645,9958,10273,10591,10911,11233,11557,11884,12212,12543,12876,13211,13548,13887,14228,14571,14916,15263,15612,15962,16315,16669,17026,17384,17743,18105,18468,18833,19200,19568,19939,20310,20684,21059,21436,21814,22194,22575,22958,23343,23729,24117,24506,24896,25288,25682,26077,26473,26871,27271,27671,28073,28477,28882,29288,29696,30105,30515,30926,31339,31753,32169,32586,33004,33423,33844,34265,34688,35113,35538,35965,36393,36822,37252,37684,38116,38550,38985,39421,39858,40297,40736,41177,41618,42061,42505,42950,43396,43843,44291,44741,45191,45642,46095,46548,47003
734,0,0,0,0,0,0,0,0,0,0,0,0,0,0,0,0,0,0,0,0,0,0,0,0,0,0,0,0,0,0,0,0,0,0,0,0,0,0,0,0,0,0,0,0,0,0,0,0,0,0,0,0,0,0,0,0,0,0,0,0,0,0,0,0,0,0,0,0,0,0,0,0,0,0,0,0,0,0,0,0,0,0,0,0,0,0,0,0,0,0,0,0,0,0,0,0,0,0,0,0,0,0,0,0,0,0,0,0,0,0,0,0,0,0,0,0,0,0,0,0,0,0,0,0,0,0,0,0,0,0,0,0,0,0,0,0,0,0,0,0,0,0,0,0,0,0,0,0,0,0,0,0,0,0,0,0,0,0,0,0,0,0,45,182,336,503,679,864,1056,1255,1461,1672,1888,2109,2336,2566,2802,3041,3285,3532,3783,4038,4297,4559,4824,5093,5365,5640,5918,6199,6483,6770,7060,7353,7648,7946,8247,8550,8856,9164,9475,9788,10103,10421,10742,11064,11389,11716,12045,12376,12710,13045,13383,13722,14064,14408,14754,15101,15451,15802,16156,16511,16868,17227,17588,17950,18315,18681,19049,19418,19789,20162,20537,20913,21291,21671,22052,22434,22819,23205,23592,23981,24371,24763,25157,25552,25948,26346,26746,27146,27549,27952,28357,28764,29171,29581,29991,30403,30816,31231,31646,32064,32482,32902,33323,33745,34169,34593,35019,35447,35875,36305,36736,37168,37601,38035,38471,38908,39346,39785,40225,40666,41109,41553,41997,42443,42890,43338,43787,44237,44688,45141,45594,46049,46504,46960,47418,47876,48336,48797
735,0,0,0,0,0,0,0,0,0,0,0,0,0,0,0,0,0,0,0,0,0,0,0,0,0,0,0,0,0,0,0,0,0,0,0,0,0,0,0,0,0,0,0,0,0,0,0,0,0,0,0,0,0,0,0,0,0,0,0,0,0,0,0,0,0,0,0,0,0,0,0,0,0,0,0,0,0,0,0,0,0,0,0,0,0,0,0,0,0,0,0,0,0,0,0,0,0,0,0,0,0,0,0,0,0,0,0,0,0,0,0,0,0,0,0,0,0,0,0,0,0,0,0,0,0,0,0,0,0,0,0,0,0,0,0,0,0,0,0,0,0,0,0,0,0,0,0,0,0,0,0,0,0,0,0,0,0,0,0,83,226,385,555,735,923,1118,1320,1528,1741,1960,2184,2413,2646,2884,3126,3372,3622,3876,4133,4394,4659,4927,5198,5472,5750,6031,6314,6601,6890,7183,7478,7776,8076,8380,8685,8994,9305,9618,9934,10252,10572,10895,11220,11548,11877,12209,12543,12879,13218,13558,13900,14245,14591,14940,15290,15643,15997,16353,16711,17071,17433,17796,18162,18529,18898,19268,19641,20015,20391,20768,21147,21528,21911,22295,22680,23067,23456,23847,24238,24632,25027,25423,25821,26221,26621,27024,27427,27833,28239,28647,29057,29467,29880,30293,30708,31124,31542,31960,32381,32802,33225,33649,34074,34501,34929,35358,35788,36219,36652,37086,37521,37958,38395,38834,39274,39715,40157,40600,41045,41490,41937,42385,42834,43284,43735,44187,44640,45094,45550,46006,46464,46922,47382,47843,48304,48767,49231,49695,50161,50628
736,0,0,0,0,0,0,0,0,0,0,0,0,0,0,0,0,0,0,0,0,0,0,0,0,0,0,0,0,0,0,0,0,0,0,0,0,0,0,0,0,0,0,0,0,0,0,0,0,0,0,0,0,0,0,0,0,0,0,0,0,0,0,0,0,0,0,0,0,0,0,0,0,0,0,0,0,0,0,0,0,0,0,0,0,0,0,0,0,0,0,0,0,0,0,0,0,0,0,0,0,0,0,0,0,0,0,0,0,0,0,0,0,0,0,0,0,0,0,0,0,0,0,0,0,0,0,0,0,0,0,0,0,0,0,0,0,0,0,0,0,0,0,0,0,0,0,0,0,0,0,0,0,0,0,0,0,123,271,435,609,792,983,1181,1386,1596,1812,2034,2261,2492,2728,2968,3213,3461,3714,3970,4230,4493,4760,5031,5305,5582,5862,6145,6431,6720,7013,7307,7605,7906,8209,8515,8823,9134,9448,9764,10082,10403,10726,11052,11380,11710,12042,12377,12714,13053,13394,13737,14082,14429,14779,15130,15483,15838,16195,16554,16915,17278,17643,18009,18378,18748,19119,19493,19868,20245,20624,21005,21387,21770,22156,22543,22931,23322,23713,24107,24502,24898,25296,25695,26096,26499,26903,27308,27715,28123,28533,28944,29356,29770,30185,30602,31020,31439,31860,32281,32705,33129,33555,33982,34411,34840,35271,35703,36137,36571,37007,37444,37883,38322,38763,39205,39648,40092,40537,40984,41431,41880,42330,42781,43233,43686,44140,44596,45052,45510,45968,46428,46888,47350,47813,48277,48742,49207,49674,50142,50611,51081,51552,52024,52497
737,0,0,0,0,0,0,0,0,0,0,0,0,0,0,0,0,0,0,0,0,0,0,0,0,0,0,0,0,0,0,0,0,0,0,0,0,0,0,0,0,0,0,0,0,0,0,0,0,0,0,0,0,0,0,0,0,0,0,0,0,0,0,0,0,0,0,0,0,0,0,0,0,0,0,0,0,0,0,0,0,0,0,0,0,0,0,0,0,0,0,0,0,0,0,0,0,0,0,0,0,0,0,0,0,0,0,0,0,0,0,0,0,0,0,0,0,0,0,0,0,0,0,0,0,0,0,0,0,0,0,0,0,0,0,0,0,0,0,0,0,0,0,0,0,0,0,0,0,0,0,0,0,31,165,319,486,664,850,1044,1245,1453,1666,1885,2109,2338,2572,2811,3054,3301,3552,3807,4066,4328,4594,4864,5137,5413,5693,5976,6262,6551,6842,7137,7435,7735,8038,8344,8653,8964,9278,9594,9913,10234,10558,10884,11212,11543,11876,12211,12548,12888,13230,13574,13920,14268,14618,14970,15324,15680,16039,16399,16761,17124,17490,17858,18227,18598,18971,19346,19723,20101,20481,20863,21246,21632,22018,22407,22797,23188,23582,23976,24373,24771,25170,25571,25974,26378,26783,27190,27599,28009,28420,28833,29247,29663,30080,30498,30918,31339,31761,32185,32610,33037,33464,33893,34324,34755,35188,35622,36057,36494,36932,37371,37811,38253,38695,39139,39584,40031,40478,40926,41376,41827,42279,42732,43186,43642,44098,44555,45014,45474,45935,46396,46859,47323,47788,48254,48721,49189,49659,50129,50600,51072,51545,52019,52494,52970,53448,53926,54405
738,0,0,0,0,0,0,0,0,0,0,0,0,0,0,0,0,0,0,0,0,0,0,0,0,0,0,0,0,0,0,0,0,0,0,0,0,0,0,0,0,0,0,0,0,0,0,0,0,0,0,0,0,0,0,0,0,0,0,0,0,0,0,0,0,0,0,0,0,0,0,0,0,0,0,0,0,0,0,0,0,0,0,0,0,0,0,0,0,0,0,0,0,0,0,0,0,0,0,0,0,0,0,0,0,0,0,0,0,0,0,0,0,0,0,0,0,0,0,0,0,0,0,0,0,0,0,0,0,0,0,0,0,0,0,0,0,0,0,0,0,0,0,0,0,0,0,0,0,0,76,219,379,551,733,923,1121,1325,1536,1752,1974,2202,2434,2671,2912,3158,3408,3662,3920,4182,4447,4716,4989,5265,5544,5827,6113,6401,6693,6988,7286,7586,7890,8196,8505,8816,9131,9447,9767,10089,10413,10739,11069,11400,11734,12070,12408,12749,13091,13436,13783,14132,14484,14837,15192,15550,15909,16270,16633,16999,17366,17735,18105,18478,18852,19229,19607,19987,20368,20751,21137,21523,21912,22302,22693,23087,23482,23878,24276,24676,25077,25480,25884,26290,26698,27106,27517,27929,28342,28757,29173,29590,30009,30430,30851,31274,31699,32125,32552,32980,33410,33841,34274,34707,35142,35579,36016,36455,36895,37336,37779,38222,38667,39113,39561,40009,40459,40910,41362,41815,42269,42724,43181,43639,44097,44557,45018,45480,45944,46408,46873,47339,47807,48275,48745,49215,49687,50160,50633,51108,51583,52060,52538,53016,53496,53976,54458,54940,55424,55908,56394
739,0,0,0,0,0,0,0,0,0,0,0,0,0,0,0,0,0,0,0,0,0,0,0,0,0,0,0,0,0,0,0,0,0,0,0,0,0,0,0,0,0,0,0,0,0,0,0,0,0,0,0,0,0,0,0,0,0,0,0,0,0,0,0,0,0,0,0,0,0,0,0,0,0,0,0,0,0,0,0,0,0,0,0,0,0,0,0,0,0,0,0,0,0,0,0,0,0,0,0,0,0,0,0,0,0,0,0,0,0,0,0,0,0,0,0,0,0,0,0,0,0,0,0,0,0,0,0,0,0,0,0,0,0,0,0,0,0,0,0,0,0,0,0,0,0,0,116,265,430,605,791,984,1185,1392,1606,1825,2050,2280,2515,2754,2999,3247,3500,3757,4017,4282,4550,4822,5097,5376,5658,5943,6231,6523,6818,7115,7416,7719,8026,8335,8646,8961,9278,9597,9920,10244,10572,10901,11233,11568,11904,12243,12584,12928,13274,13622,13972,14324,14678,15034,15393,15753,16116,16480,16846,17214,17585,17957,18331,18706,19084,19463,19845,20228,20612,20999,21387,21777,22168,22562,22957,23353,23751,24151,24552,24955,25360,25766,26173,26583,26993,27405,27819,28234,28650,29068,29488,29909,30331,30755,31180,31606,32034,32463,32893,33325,33758,34193,34629,35066,35504,35944,36384,36827,37270,37715,38160,38608,39056,39505,39956,40408,40861,41315,41770,42227,42685,43143,43603,44064,44527,44990,45454,45920,46386,46854,47323,47792,48263,48735,49208,49682,50157,50633,51110,51588,52067,52547,53028,53510,53993,54477,54962,55448,55935,56423,56912,57401,57892,58384
740,0,0,0,0,0,0,0,0,0,0,0,0,0,0,0,0,0,0,0,0,0,0,0,0,0,0,0,0,0,0,0,0,0,0,0,0,0,0,0,0,0,0,0,0,0,0,0,0,0,0,0,0,0,0,0,0,0,0,0,0,0,0,0,0,0,0,0,0,0,0,0,0,0,0,0,0,0,0,0,0,0,0,0,0,0,0,0,0,0,0,0,0,0,0,0,0,0,0,0,0,0,0,0,0,0,0,0,0,0,0,0,0,0,0,0,0,0,0,0,0,0,0,0,0,0,0,0,0,0,0,0,0,0,0,0,0,0,0,0,0,0,0,24,158,313,482,661,850,1046,1250,1460,1677,1899,2127,2360,2597,2840,3087,3338,3593,3853,4116,4384,4655,4929,5207,5489,5774,6062,6353,6647,6945,7245,7549,7855,8164,8476,8791,9108,9428,9751,10076,10404,10734,11066,11401,11739,12079,12421,12765,13111,13460,13811,14164,14520,14877,15236,15598,15961,16327,16694,17064,17435,17809,18184,18561,18940,19321,19704,20088,20474,20862,21252,21643,22036,22431,22828,23226,23626,24027,24430,24835,25241,25649,26058,26469,26882,27296,27711,28128,28547,28967,29388,29811,30235,30660,31088,31516,31946,32377,32809,33243,33679,34115,34553,34992,35433,35874,36317,36762,37207,37654,38102,38552,39002,39454,39907,40361,40816,41273,41730,42189,42649,43110,43573,44036,44500,44966,45433,45901,46370,46840,47311,47783,48256,48731,49206,49682,50160,50638,51118,51599,52080,52563,53046,53531,54016,54503,54990,55479,55968,56459,56950,57442,57936,58430,58925,59421,59918,60416
741,0,0,0,0,0,0,0,0,0,0,0,0,0,0,0,0,0,0,0,0,0,0,0,0,0,0,0,0,0,0,0,0,0,0,0,0,0,0,0,0,0,0,0,0,0,0,0,0,0,0,0,0,0,0,0,0,0,0,0,0,0,0,0,0,0,0,0,0,0,0,0,0,0,0,0,0,0,0,0,0,0,0,0,0,0,0,0,0,0,0,0,0,0,0,0,0,0,0,0,0,0,0,0,0,0,0,0,0,0,0,0,0,0,0,0,0,0,0,0,0,0,0,0,0,0,0,0,0,0,0,0,0,0,0,0,0,0,0,0,78,223,385,560,744,937,1138,1346,1560,1781,2006,2238,2474,2716,2961,3212,3467,3726,3989,4255,4526,4800,5078,5360,5645,5933,6225,6519,6817,7118,7422,7729,8039,8351,8667,8985,9306,9629,9955,10284,10615,10949,11285,11623,11964,12308,12653,13001,13351,13704,14058,14415,14774,15135,15498,15863,16230,16599,16970,17343,17718,18095,18474,18855,19238,19622,20009,20397,20787,21178,21572,21967,22364,22762,23163,23564,23968,24373,24780,25188,25598,26010,26423,26838,27254,27672,28091,28512,28934,29358,29783,30209,30637,31067,31497,31930,32363,32798,33235,33672,34111,34552,34993,35436,35881,36326,36773,37221,37671,38121,38573,39026,39481,39936,40393,40851,41310,41771,42232,42695,43159,43624,44090,44557,45025,45495,45966,46437,46910,47384,47859,48335,48812,49290,49770,50250,50731,51214,51697,52182,52667,53153,53641,54129,54619,55109,55600,56093,56586,57080,57576,58072,58569,59067,59566,60066,60567,61069,61571,62075,62579
742,0,0,0,0,0,0,0,0,0,0,0,0,0,0,0,0,0,0,0,0,0,0,0,0,0,0,0,0,0,0,0,0,0,0,0,0,0,0,0,0,0,0,0,0,0,0,0,0,0,0,0,0,0,0,0,0,0,0,0,0,0,0,0,0,0,0,0,0,0,0,0,0,0,0,0,0,0,0,0,0,0,0,0,0,0,0,0,0,0,0,0,0,0,0,0,0,0,0,0,0,0,0,0,0,0,0,0,0,0,0,0,0,0,0,0,0,0,0,0,0,0,0,0,0,0,0,0,0,0,0,0,0,0,0,0,16,148,303,473,653,843,1041,1247,1459,1678,1902,2133,2368,2608,2854,3104,3358,3616,3879,4146,4417,4691,4969,5251,5536,5825,6117,6412,6711,7013,7317,7625,7936,8249,8566,8885,9207,9531,9859,10189,10521,10856,11194,11534,11876,12221,12568,12917,13269,13623,13979,14338,14698,15061,15426,15793,16162,16533,16906,17281,17658,18037,18418,18801,19186,19572,19961,20351,20743,21137,21533,21930,22329,22730,23133,23537,23943,24350,24759,25170,25583,25997,26412,26829,27248,27668,28090,28513,28938,29365,29792,30221,30652,31084,31518,31952,32389,32826,33266,33706,34148,34591,35035,35481,35928,36376,36826,37277,37729,38183,38638,39094,39551,40009,40469,40930,41392,41855,42320,42785,43252,43720,44189,44659,45131,45603,46077,46552,47027,47504,47982,48461,48942,49423,49905,50388,50873,51358,51845,52332,52821,53310,53801,54293,54785,55279,55773,56269,56765,57263,57761,58260,58761,59262,59764,60267,60771,61276,61782,62289,62796,63305,63815,64325,64836
743,0,0,0,0,0,0,0,0,0,0,0,0,0,0,0,0,0,0,0,0,0,0,0,0,0,0,0,0,0,0,0,0,0,0,0,0,0,0,0,0,0,0,0,0,0,0,0,0,0,0,0,0,0,0,0,0,0,0,0,0,0,0,0,0,0,0,0,0,0,0,0,0,0,0,0,0,0,0,0,0,0,0,0,0,0,0,0,0,0,0,0,0,0,0,0,0,0,0,0,0,0,0,0,0,0,0,0,0,0,0,0,0,0,0,0,0,0,0,0,0,0,0,0,0,0,0,0,0,0,0,0,0,69,213,376,551,737,932,1134,1344,1561,1783,2012,2245,2485,2729,2978,3231,3489,3751,4018,4288,4563,4841,5122,5408,5697,5989,6285,6583,6886,7191,7499,7810,8125,8442,8762,9085,9410,9739,10070,10403,10740,11078,11420,11763,12109,12458,12809,13162,13517,13875,14235,14597,14962,15328,15697,16068,16441,16816,17193,17571,17952,18335,18720,19107,19495,19886,20278,20672,21068,21466,21866,22267,22670,23075,23481,23889,24299,24711,25124,25539,25955,26373,26793,27214,27636,28061,28486,28914,29342,29773,30204,30638,31072,31508,31946,32385,32825,33267,33710,34154,34600,35047,35496,35945,36397,36849,37303,37758,38214,38672,39130,39590,40052,40514,40978,41443,41909,42376,42845,43314,43785,44257,44730,45205,45680,46157,46634,47113,47593,48074,48556,49039,49524,50009,50495,50983,51471,51961,52451,52943,53436,53929,54424,54919,55416,55914,56412,56912,57412,57914,58416,58920,59424,59929,60436,60943,61451,61960,62470,62981,63493,64005,64519,65033,65549,66065,66582,67100
744,0,0,0,0,0,0,0,0,0,0,0,0,0,0,0,0,0,0,0,0,0,0,0,0,0,0,0,0,0,0,0,0,0,0,0,0,0,0,0,0,0,0,0,0,0,0,0,0,0,0,0,0,0,0,0,0,0,0,0,0,0,0,0,0,0,0,0,0,0,0,0,0,0,0,0,0,0,0,0,0,0,0,0,0,0,0,0,0,0,0,0,0,0,0,0,0,0,0,0,0,0,0,0,0,0,0,0,0,0,0,0,0,0,0,0,0,0,0,0,0,0,0,0,0,0,0,0,0,1,128,283,452,633,824,1023,1230,1444,1664,1891,2123,2361,2604,2852,3105,3362,3624,3890,4160,4434,4712,4994,5279,5568,5861,6157,6456,6759,7064,7373,7685,8000,8319,8639,8963,9290,9619,9951,10286,10624,10964,11306,11651,11999,12349,12701,13056,13413,13772,14134,14498,14864,15232,15603,15975,16350,16727,17106,17486,17869,18254,18641,19030,19421,19813,20208,20604,21002,21402,21804,22208,22613,23020,23429,23839,24252,24665,25081,25498,25917,26337,26760,27183,27608,28035,28463,28893,29325,29758,30192,30628,31065,31504,31944,32386,32829,33273,33719,34166,34615,35065,35516,35968,36422,36878,37334,37792,38251,38712,39173,39636,40101,40566,41033,41501,41970,42440,42911,43384,43858,44333,44809,45286,45765,46245,46725,47207,47690,48174,48659,49146,49633,50121,50611,51102,51593,52086,52580,53074,53570,54067,54565,55063,55563,56064,56566,57069,57572,58077,58583,59089,59597,60106,60615,61126,61637,62149,62662,63177,63692,64208,64724,65242,65761,66280,66801,67322,67844,68367,68891,69416
745,0,0,0,0,0,0,0,0,0,0,0,0,0,0,0,0,0,0,0,0,0,0,0,0,0,0,0,0,0,0,0,0,0,0,0,0,0,0,0,0,0,0,0,0,0,0,0,0,0,0,0,0,0,0,0,0,0,0,0,0,0,0,0,0,0,0,0,0,0,0,0,0,0,0,0,0,0,0,0,0,0,0,0,0,0,0,0,0,0,0,0,0,0,0,0,0,0,0,0,0,0,0,0,0,0,0,0,0,0,0,0,0,0,0,0,0,0,0,0,0,0,0,0,0,0,51,193,355,531,717,913,1117,1328,1546,1771,2002,2238,2480,2726,2978,3235,3496,3761,4031,4305,4583,4865,5150,5439,5732,6029,6328,6632,6938,7248,7561,7876,8195,8517,8842,9170,9500,9834,10170,10508,10850,11193,11540,11889,12240,12594,12951,13309,13670,14034,14399,14767,15138,15510,15884,16261,16640,17021,17404,17788,18175,18564,18955,19348,19743,20140,20538,20939,21341,21745,22151,22559,22968,23380,23793,24207,24624,25042,25461,25883,26306,26731,27157,27585,28014,28445,28878,29312,29747,30184,30623,31063,31504,31947,32392,32838,33285,33734,34184,34635,35088,35542,35998,36455,36913,37372,37833,38295,38759,39223,39689,40157,40625,41095,41566,42038,42511,42986,43462,43939,44417,44896,45377,45858,46341,46825,47310,47796,48283,48772,49261,49752,50243,50736,51230,51725,52221,52718,53216,53715,54215,54716,55218,55721,56225,56730,57236,57743,58251,58760,59270,59781,60293,60806,61320,61835,62350,62867,63384,63903,64422,64942,65463,65986,66508,67032,67557,68082,68609,69136,69664,70193,70723,71254,71785
746,0,0,0,0,0,0,0,0,0,0,0,0,0,0,0,0,0,0,0,0,0,0,0,0,0,0,0,0,0,0,0,0,0,0,0,0,0,0,0,0,0,0,0,0,0,0,0,0,0,0,0,0,0,0,0,0,0,0,0,0,0,0,0,0,0,0,0,0,0,0,0,0,0,0,0,0,0,0,0,0,0,0,0,0,0,0,0,0,0,0,0,0,0,0,0,0,0,0,0,0,0,0,0,0,0,0,0,0,0,0,0,0,0,0,0,0,0,0,0,0,0,0,119,273,443,625,818,1019,1228,1444,1667,1896,2132,2372,2619,2870,3126,3387,3652,3922,4196,4474,4756,5042,5332,5625,5922,6223,6527,6834,7145,7459,7776,8096,8419,8745,9074,9406,9741,10078,10419,10762,11107,11455,11806,12159,12515,12873,13234,13597,13963,14330,14700,15073,15447,15824,16203,16584,16967,17352,17739,18129,18520,18913,19309,19706,20105,20507,20910,21314,21721,22130,22540,22952,23366,23782,24200,24619,25040,25462,25886,26312,26740,27169,27600,28032,28466,28902,29339,29777,30217,30659,31102,31547,31993,32440,32889,33339,33791,34245,34699,35155,35613,36071,36531,36993,37456,37920,38385,38852,39320,39789,40260,40731,41204,41679,42154,42631,43109,43588,44068,44550,45033,45516,46001,46488,46975,47463,47953,48444,48936,49429,49923,50418,50914,51411,51910,52409,52910,53411,53914,54417,54922,55428,55934,56442,56951,57460,57971,58482,58995,59509,60023,60539,61055,61573,62091,62610,63130,63652,64174,64697,65220,65745,66271,66797,67325,67853,68382,68913,69443,69975,70508,71041,71576,72111,72647,73184,73722,74260
747,0,0,0,0,0,0,0,0,0,0,0,0,0,0,0,0,0,0,0,0,0,0,0,0,0,0,0,0,0,0,0,0,0,0,0,0,0,0,0,0,0,0,0,0,0,0,0,0,0,0,0,0,0,0,0,0,0,0,0,0,0,0,0,0,0,0,0,0,0,0,0,0,0,0,0,0,0,0,0,0,0,0,0,0,0,0,0,0,0,0,0,0,0,0,0,0,0,0,0,0,0,0,0,0,0,0,0,0,0,0,0,0,0,0,0,0,0,0,41,183,346,522,710,908,1114,1327,1548,1776,2009,2248,2493,2744,2999,3259,3524,3793,4067,4345,4627,4913,5203,5497,5794,6096,6400,6708,7020,7334,7652,7973,8298,8625,8955,9288,9624,9963,10305,10649,10996,11346,11698,12053,12411,12771,13133,13498,13866,14235,14607,14981,15358,15737,16118,16501,16886,17274,17663,18055,18449,18844,19242,19642,20043,20447,20853,21260,21669,22080,22493,22908,23325,23743,24163,24585,25009,25434,25861,26290,26720,27152,27586,28021,28458,28896,29336,29778,30221,30665,31111,31559,32008,32459,32911,33364,33819,34275,34733,35192,35653,36115,36578,37043,37508,37976,38444,38914,39385,39858,40332,40807,41283,41761,42240,42720,43201,43683,44167,44652,45138,45625,46114,46603,47094,47586,48079,48573,49068,49565,50062,50561,51060,51561,52063,52566,53070,53575,54081,54588,55096,55605,56116,56627,57139,57652,58166,58682,59198,59715,60233,60752,61272,61793,62315,62838,63362,63887,64412,64939,65466,65995,66524,67054,67585,68117,68650,69184,69718,70254,70790,71327,71865,72404,72944,73485,74026,74568,75111,75655,76200,76745
748,0,0,0,0,0,0,0,0,0,0,0,0,0,0,0,0,0,0,0,0,0,0,0,0,0,0,0,0,0,0,0,0,0,0,0,0,0,0,0,0,0,0,0,0,0,0,0,0,0,0,0,0,0,0,0,0,0,0,0,0,0,0,0,0,0,0,0,0,0,0,0,0,0,0,0,0,0,0,0,0,0,0,0,0,0,0,0,0,0,0,0,0,0,0,0,0,0,0,0,0,0,0,0,0,0,0,0,0,0,0,0,0,0,0,0,99,252,422,605,798,1001,1212,1430,1655,1887,2125,2369,2618,2872,3132,3396,3665,3938,4216,4498,4785,5075,5369,5667,5969,6274,6582,6895,7210,7529,7851,8177,8505,8836,9171,9508,9849,10192,10538,10887,11238,11592,11949,12308,12670,13034,13401,13770,14142,14516,14892,15271,15652,16035,16421,16808,17198,17590,17984,18380,18778,19179,19581,19985,20391,20799,21209,21621,22035,22451,22868,23288,23709,24132,24556,24983,25411,25841,26273,26706,27141,27577,28015,28455,28897,29340,29784,30230,30678,31127,31578,32030,32484,32939,33396,33854,34314,34774,35237,35701,36166,36632,37100,37570,38040,38512,38985,39460,39936,40413,40891,41371,41852,42334,42818,43303,43789,44276,44764,45254,45744,46236,46729,47224,47719,48216,48713,49212,49712,50213,50715,51219,51723,52228,52735,53242,53751,54261,54772,55283,55796,56310,56825,57341,57858,58375,58894,59414,59935,60457,60980,61503,62028,62554,63080,63608,64136,64666,65196,65727,66260,66793,67327,67861,68397,68934,69471,70010,70549,71089,71630,72172,72714,73258,73802,74347,74893,75440,75988,76536,77086,77636,78187,78738,79291
749,0,0,0,0,0,0,0,0,0,0,0,0,0,0,0,0,0,0,0,0,0,0,0,0,0,0,0,0,0,0,0,0,0,0,0,0,0,0,0,0,0,0,0,0,0,0,0,0,0,0,0,0,0,0,0,0,0,0,0,0,0,0,0,0,0,0,0,0,0,0,0,0,0,0,0,0,0,0,0,0,0,0,0,0,0,0,0,0,0,0,0,0,0,0,0,0,0,0,0,0,0,0,0,0,0,0,0,0,0,0,0,24,163,325,502,690,889,1097,1313,1536,1765,2002,2244,2492,2745,3004,3268,3536,3810,4087,4370,4656,4946,5241,5539,5841,6147,6457,6770,7086,7406,7730,8056,8386,8718,9054,9393,9735,10080,10427,10778,11131,11487,11845,12206,12570,12936,13305,13677,14050,14427,14805,15186,15569,15955,16343,16733,17125,17519,17916,18314,18715,19118,19523,19930,20339,20749,21162,21577,21994,22412,22832,23255,23679,24105,24532,24962,25393,25826,26260,26697,27135,27574,28016,28459,28903,29349,29797,30246,30697,31150,31604,32059,32516,32975,33435,33896,34359,34823,35289,35756,36225,36695,37166,37639,38113,38588,39065,39543,40023,40503,40985,41469,41953,42439,42926,43414,43904,44395,44887,45380,45874,46370,46866,47364,47863,48364,48865,49367,49871,50376,50882,51389,51897,52406,52916,53428,53940,54453,54968,55484,56000,56518,57036,57556,58077,58598,59121,59645,60169,60695,61222,61749,62278,62807,63338,63869,64402,64935,65469,66004,66540,67077,67615,68154,68693,69234,69775,70318,70861,71405,71950,72495,73042,73589,74138,74687,75237,75787,76339,76891,77445,77999,78554,79109,79666,80223,80781,81340,81899
750,0,0,0,0,0,0,0,0,0,0,0,0,0,0,0,0,0,0,0,0,0,0,0,0,0,0,0,0,0,0,0,0,0,0,0,0,0,0,0,0,0,0,0,0,0,0,0,0,0,0,0,0,0,0,0,0,0,0,0,0,0,0,0,0,0,0,0,0,0,0,0,0,0,0,0,0,0,0,0,0,0,0,0,0,0,0,0,0,0,0,0,0,0,0,0,0,0,0,0,0,0,0,0,0,0,0,0,0,90,242,413,598,793,998,1211,1432,1660,1895,2137,2384,2637,2895,3159,3427,3701,3979,4261,4548,4839,5134,5433,5736,6043,6354,6668,6986,7307,7632,7960,8291,8626,8963,9304,9647,9994,10344,10696,11051,11409,11770,12133,12500,12868,13239,13613,13989,14368,14749,15133,15519,15907,16297,16690,17085,17482,17882,18283,18687,19093,19500,19910,20322,20736,21152,21570,21989,22411,22835,23260,23687,24117,24547,24980,25415,25851,26289,26729,27170,27613,28058,28504,28952,29402,29853,30306,30761,31217,31674,32133,32594,33056,33520,33985,34451,34919,35389,35860,36332,36806,37281,37757,38235,38715,39195,39677,40160,40645,41131,41618,42106,42596,43087,43579,44072,44567,45063,45560,46058,46558,47059,47560,48063,48568,49073,49580,50087,50596,51106,51617,52129,52642,53157,53672,54188,54706,55224,55744,56265,56787,57309,57833,58358,58884,59410,59938,60467,60997,61528,62059,62592,63126,63660,64196,64732,65270,65808,66347,66888,67429,67971,68514,69057,69602,70148,70694,71242,71790,72339,72889,73440,73991,74544,75097,75651,76206,76762,77319,77876,78434,78993,79553,80114,80676,81238,81801,82365,82929,83495,84061,84628
751,0,0,0,0,0,0,0,0,0,0,0,0,0,0,0,0,0,0,0,0,0,0,0,0,0,0,0,0,0,0,0,0,0,0,0,0,0,0,0,0,0,0,0,0,0,0,0,0,0,0,0,0,0,0,0,0,0,0,0,0,0,0,0,0,0,0,0,0,0,0,0,0,0,0,0,0,0,0,0,0,0,0,0,0,0,0,0,0,0,0,0,0,0,0,0,0,0,0,0,0,0,0,0,0,32,174,339,519,711,914,1125,1345,1572,1806,2046,2293,2546,2804,3068,3337,3611,3889,4173,4460,4752,5049,5349,5654,5962,6274,6590,6909,7232,7559,7889,8222,8558,8898,9241,9587,9936,10288,10642,11000,11361,11724,12090,12459,12830,13204,13581,13960,14341,14725,15112,15501,15892,16286,16681,17080,17480,17882,18287,18694,19103,19514,19928,20343,20760,21180,21601,22024,22449,22876,23305,23736,24169,24604,25040,25478,25918,26360,26803,27249,27695,28144,28594,29046,29500,29955,30412,30870,31330,31791,32255,32719,33185,33653,34122,34593,35065,35538,36013,36490,36967,37447,37927,38409,38892,39377,39863,40351,40839,41329,41821,42313,42807,43302,43799,44296,44795,45296,45797,46300,46803,47308,47815,48322,48830,49340,49851,50363,50876,51390,51906,52422,52940,53458,53978,54499,55021,55544,56068,56593,57119,57646,58175,58704,59234,59765,60297,60831,61365,61900,62436,62973,63512,64051,64591,65132,65674,66216,66760,67305,67850,68397,68944,69493,70042,70592,71143,71695,72247,72801,73356,73911,74467,75024,75582,76141,76700,77260,77822,78384,78946,79510,80074,80640,81206,81772,82340,82908,83477,84047,84618,85190,85762,86335,86908,87483
752,0,0,0,0,0,0,0,0,0,0,0,0,0,0,0,0,0,0,0,0,0,0,0,0,0,0,0,0,0,0,0,0,0,0,0,0,0,0,0,0,0,0,0,0,0,0,0,0,0,0,0,0,0,0,0,0,0,0,0,0,0,0,0,0,0,0,0,0,0,0,0,0,0,0,0,0,0,0,0,0,0,0,0,0,0,0,0,0,0,0,0,0,0,0,0,0,0,0,0,0,0,119,279,455,644,845,1054,1273,1499,1733,1973,2220,2473,2732,2996,3266,3541,3820,4105,4394,4687,4985,5287,5593,5904,6218,6535,6857,7182,7511,7843,8179,8518,8860,9205,9554,9905,10260,10618,10978,11342,11708,12077,12449,12823,13200,13580,13962,14347,14735,15125,15517,15912,16309,16708,17110,17514,17920,18328,18739,19152,19566,19983,20403,20824,21247,21672,22099,22528,22959,23392,23827,24264,24703,25143,25585,26029,26475,26923,27372,27823,28276,28730,29187,29644,30104,30565,31027,31492,31958,32425,32894,33364,33836,34310,34785,35261,35739,36219,36700,37182,37666,38151,38637,39125,39614,40105,40597,41090,41584,42080,42578,43076,43576,44077,44579,45083,45587,46093,46601,47109,47619,48130,48642,49155,49669,50185,50701,51219,51738,52258,52779,53302,53825,54350,54875,55402,55930,56458,56988,57519,58051,58584,59118,59653,60189,60726,61264,61803,62343,62884,63426,63969,64513,65058,65603,66150,66698,67246,67796,68346,68898,69450,70003,70557,71112,71668,72224,72782,73340,73900,74460,75021,75583,76145,76709,77273,77838,78404,78971,79539,80107,80677,81247,81818,82389,82962,83535,84109,84684,85259,85835,86412,86990,87569,88148,88728,89309,89891,90473
753,0,0,0,0,0,0,0,0,0,0,0,0,0,0,0,0,0,0,0,0,0,0,0,0,0,0,0,0,0,0,0,0,0,0,0,0,0,0,0,0,0,0,0,0,0,0,0,0,0,0,0,0,0,0,0,0,0,0,0,0,0,0,0,0,0,0,0,0,0,0,0,0,0,0,0,0,0,0,0,0,0,0,0,0,0,0,0,0,0,0,0,0,0,0,0,0,0,68,219,391,578,776,984,1201,1427,1660,1900,2147,2401,2660,2925,3195,3471,3752,4037,4328,4623,4922,5226,5534,5846,6162,6482,6806,7133,7464,7799,8137,8479,8824,9172,9523,9878,10235,10596,10959,11326,11695,12068,12443,12820,13201,13584,13970,14358,14749,15142,15538,15937,16337,16740,17146,17554,17964,18376,18790,19207,19626,20047,20470,20895,21322,21751,22183,22616,23051,23488,23927,24368,24811,25256,25702,26151,26601,27053,27506,27962,28419,28878,29338,29801,30265,30730,31197,31666,32136,32608,33082,33557,34033,34512,34991,35472,35955,36439,36924,37411,37900,38389,38881,39373,39867,40362,40859,41357,41856,42357,42859,43362,43867,44373,44880,45388,45898,46409,46921,47434,47948,48464,48981,49499,50018,50539,51060,51583,52107,52632,53158,53685,54213,54743,55273,55805,56338,56871,57406,57942,58479,59017,59556,60096,60637,61179,61722,62266,62811,63357,63903,64451,65000,65550,66101,66653,67205,67759,68313,68869,69425,69982,70540,71099,71659,72220,72782,73345,73908,74472,75037,75603,76170,76738,77307,77876,78446,79017,79589,80162,80735,81310,81885,82461,83037,83615,84193,84772,85352,85932,86514,87096,87679,88262,88847,89432,90018,90604,91191,91779,92368,92958,93548
754,0,0,0,0,0,0,0,0,0,0,0,0,0,0,0,0,0,0,0,0,0,0,0,0,0,0,0,0,0,0,0,0,0,0,0,0,0,0,0,0,0,0,0,0,0,0,0,0,0,0,0,0,0,0,0,0,0,0,0,0,0,0,0,0,0,0,0,0,0,0,0,0,0,0,0,0,0,0,0,0,0,0,0,0,0,0,0,0,0,0,0,0,0,13,151,317,498,693,899,1114,1339,1571,1810,2057,2310,2569,2834,3105,3382,3663,3950,4241,4538,4838,5144,5453,5767,6085,6407,6733,7062,7395,7732,8073,8417,8764,9115,9469,9826,10186,10550,10916,11286,11658,12034,12412,12793,13177,13563,13952,14344,14738,15135,15534,15936,16341,16747,17156,17568,17982,18398,18816,19236,19659,20084,20511,20940,21371,21805,22240,22677,23117,23558,24001,24446,24893,25342,25793,26246,26700,27157,27615,28074,28536,28999,29464,29931,30399,30869,31341,31814,32289,32766,33244,33723,34204,34687,35171,35657,36144,36633,37123,37615,38108,38602,39098,39595,40094,40594,41095,41598,42102,42608,43115,43623,44132,44643,45155,45668,46182,46698,47215,47733,48252,48773,49295,49818,50342,50867,51394,51921,52450,52980,53511,54043,54576,55111,55646,56183,56720,57259,57799,58340,58881,59424,59968,60513,61059,61606,62154,62703,63253,63804,64356,64909,65463,66018,66573,67130,67688,68247,68806,69367,69928,70490,71053,71617,72182,72748,73315,73883,74451,75021,75591,76162,76734,77307,77880,78455,79030,79606,80183,80761,81339,81919,82499,83080,83662,84244,84827,85411,85996,86582,87168,87756,88343,88932,89522,90112,90703,91294,91887,92480,93074,93668,94263,94859,95456,96053,96651
755,0,0,0,0,0,0,0,0,0,0,0,0,0,0,0,0,0,0,0,0,0,0,0,0,0,0,0,0,0,0,0,0,0,0,0,0,0,0,0,0,0,0,0,0,0,0,0,0,0,0,0,0,0,0,0,0,0,0,0,0,0,0,0,0,0,0,0,0,0,0,0,0,0,0,0,0,0,0,0,0,0,0,0,0,0,0,0,0,0,0,97,256,433,625,829,1043,1266,1498,1737,1984,2237,2497,2763,3035,3312,3595,3883,4176,4474,4777,5084,5396,5712,6032,6356,6684,7016,7352,7692,8035,8382,8733,9086,9443,9804,10167,10534,10904,11277,11653,12032,12414,12798,13186,13576,13969,14365,14763,15164,15567,15973,16381,16792,17205,17621,18039,18459,18882,19307,19734,20163,20594,21028,21464,21902,22341,22783,23227,23673,24121,24571,25022,25476,25932,26389,26848,27309,27772,28237,28703,29171,29641,30113,30586,31061,31537,32016,32495,32977,33460,33945,34431,34919,35408,35899,36391,36885,37380,37877,38375,38874,39375,39878,40382,40887,41393,41901,42411,42921,43433,43947,44461,44977,45494,46013,46532,47053,47576,48099,48624,49150,49677,50205,50734,51265,51797,52330,52864,53399,53935,54473,55011,55551,56092,56634,57177,57721,58266,58812,59359,59908,60457,61007,61559,62111,62665,63219,63774,64331,64888,65446,66006,66566,67127,67689,68252,68816,69381,69947,70514,71082,71650,72220,72790,73361,73934,74507,75081,75655,76231,76808,77385,77963,78542,79122,79703,80284,80867,81450,82034,82619,83204,83791,84378,84966,85554,86144,86734,87325,87917,88510,89103,89697,90292,90888,91484,92081,92679,93277,93877,94476,95077,95679,96281,96883,97487,98091,98696,99302,99908
756,0,0,0,0,0,0,0,0,0,0,0,0,0,0,0,0,0,0,0,0,0,0,0,0,0,0,0,0,0,0,0,0,0,0,0,0,0,0,0,0,0,0,0,0,0,0,0,0,0,0,0,0,0,0,0,0,0,0,0,0,0,0,0,0,0,0,0,0,0,0,0,0,0,0,0,0,0,0,0,0,0,0,0,0,0,0,37,185,357,544,745,957,1178,1409,1647,1893,2146,2406,2672,2945,3223,3507,3796,4090,4390,4694,5003,5316,5634,5956,6283,6613,6948,7286,7629,7975,8324,8678,9034,9394,9758,10125,10495,10868,11244,11624,12006,12391,12780,13171,13565,13961,14361,14763,15168,15575,15985,16397,16812,17229,17649,18071,18496,18923,19352,19783,20217,20653,21091,21531,21973,22418,22864,23312,23763,24215,24670,25126,25585,26045,26507,26971,27437,27905,28374,28845,29318,29793,30269,30748,31227,31709,32192,32677,33164,33652,34141,34633,35125,35620,36116,36613,37112,37612,38114,38617,39122,39628,40136,40645,41155,41667,42180,42695,43211,43728,44247,44766,45288,45810,46334,46859,47385,47913,48441,48971,49503,50035,50569,51103,51639,52177,52715,53254,53795,54337,54880,55424,55969,56515,57062,57611,58160,58711,59262,59815,60369,60923,61479,62036,62594,63153,63712,64273,64835,65398,65962,66526,67092,67659,68226,68795,69364,69935,70506,71078,71652,72226,72801,73377,73953,74531,75109,75689,76269,76850,77432,78015,78599,79183,79769,80355,80942,81530,82118,82708,83298,83889,84481,85074,85667,86261,86856,87452,88049,88646,89244,89843,90442,91043,91644,92246,92848,93451,94055,94660,95265,95872,96478,97086,97694,98303,98913,99523,100134,100746,101358,101971,102585,103200
757,0,0,0,0,0,0,0,0,0,0,0,0,0,0,0,0,0,0,0,0,0,0,0,0,0,0,0,0,0,0,0,0,0,0,0,0,0,0,0,0,0,0,0,0,0,0,0,0,0,0,0,0,0,0,0,0,0,0,0,0,0,0,0,0,0,0,0,0,0,0,0,0,0,0,0,0,0,0,0,0,0,0,0,128,294,478,676,886,1106,1336,1574,1820,2074,2334,2601,2875,3154,3439,3730,4026,4328,4634,4945,5261,5581,5906,6235,6569,6906,7248,7593,7942,8295,8652,9012,9376,9743,10113,10487,10864,11244,11628,12014,12404,12796,13191,13589,13990,14394,14801,15210,15621,16036,16453,16872,17294,17719,18146,18575,19007,19441,19877,20315,20756,21199,21644,22091,22541,22992,23446,23902,24359,24819,25280,25744,26209,26677,27146,27617,28090,28565,29042,29520,30000,30482,30966,31451,31938,32426,32917,33409,33902,34398,34894,35393,35893,36394,36897,37402,37908,38415,38924,39434,39946,40459,40974,41490,42008,42527,43047,43569,44091,44616,45141,45668,46196,46726,47257,47789,48322,48857,49392,49929,50468,51007,51548,52089,52632,53177,53722,54268,54816,55365,55914,56465,57017,57571,58125,58680,59237,59794,60352,60912,61473,62034,62597,63161,63725,64291,64858,65425,65994,66564,67134,67706,68279,68852,69427,70002,70578,71155,71734,72313,72893,73474,74055,74638,75221,75806,76391,76977,77564,78152,78741,79331,79921,80512,81104,81697,82291,82885,83481,84077,84674,85272,85870,86469,87070,87670,88272,88875,89478,90082,90686,91292,91898,92505,93112,93721,94330,94940,95550,96162,96774,97386,98000,98614,99229,99844,100460,101077,101695,102313,102932,103551,104172,104793,105414,106036,106659
758,0,0,0,0,0,0,0,0,0,0,0,0,0,0,0,0,0,0,0,0,0,0,0,0,0,0,0,0,0,0,0,0,0,0,0,0,0,0,0,0,0,0,0,0,0,0,0,0,0,0,0,0,0,0,0,0,0,0,0,0,0,0,0,0,0,0,0,0,0,0,0,0,0,0,0,0,0,0,0,74,233,412,607,815,1034,1263,1501,1747,2001,2262,2530,2805,3085,3372,3665,3963,4266,4575,4889,5207,5530,5858,6190,6526,6867,7211,7560,7913,8269,8630,8993,9361,9732,10106,10484,10865,11250,11637,12028,12422,12818,13218,13621,14026,14435,14846,15260,15676,16095,16517,16942,17368,17798,18230,18664,19101,19540,19981,20425,20871,21319,21770,22222,22677,23134,23593,24054,24517,24982,25449,25918,26389,26862,27337,27813,28292,28772,29255,29739,30225,30712,31201,31692,32185,32680,33176,33673,34173,34674,35177,35681,36186,36694,37203,37713,38225,38738,39253,39770,40287,40807,41327,41849,42373,42898,43424,43952,44480,45011,45542,46075,46610,47145,47682,48220,48759,49300,49842,50385,50929,51475,52021,52569,53118,53669,54220,54773,55326,55881,56437,56994,57552,58112,58672,59233,59796,60360,60924,61490,62057,62624,63193,63763,64334,64906,65479,66052,66627,67203,67780,68358,68936,69516,70097,70678,71261,71844,72428,73013,73600,74187,74775,75363,75953,76544,77135,77727,78321,78915,79509,80105,80702,81299,81897,82496,83096,83697,84298,84901,85504,86108,86712,87318,87924,88531,89139,89747,90357,90967,91577,92189,92801,93414,94028,94642,95258,95874,96490,97108,97726,98345,98964,99584,100205,100827,101449,102072,102695,103320,103945,104570,105197,105824,106451,107079,107708,108338,108968,109599,110231
759,0,0,0,0,0,0,0,0,0,0,0,0,0,0,0,0,0,0,0,0,0,0,0,0,0,0,0,0,0,0,0,0,0,0,0,0,0,0,0,0,0,0,0,0,0,0,0,0,0,0,0,0,0,0,0,0,0,0,0,0,0,0,0,0,0,0,0,0,0,0,0,0,0,0,0,17,162,335,526,730,947,1174,1411,1656,1910,2171,2440,2715,2997,3285,3579,3879,4184,4495,4810,5131,5457,5787,6122,6461,6805,7152,7504,7860,8220,8584,8951,9323,9697,10076,10457,10842,11231,11623,12018,12416,12817,13221,13628,14038,14451,14867,15285,15707,16131,16557,16987,17419,17853,18290,18729,19171,19615,20062,20511,20962,21416,21871,22329,22789,23252,23716,24182,24651,25122,25594,26069,26545,27024,27504,27987,28471,28957,29445,29935,30427,30920,31415,31912,32410,32911,33413,33916,34422,34928,35437,35947,36459,36972,37487,38003,38521,39041,39562,40084,40608,41133,41660,42188,42717,43248,43781,44314,44849,45386,45924,46463,47003,47545,48088,48632,49177,49724,50272,50821,51372,51923,52476,53030,53586,54142,54700,55259,55818,56379,56942,57505,58069,58635,59201,59769,60338,60908,61479,62050,62623,63197,63773,64349,64926,65504,66083,66663,67244,67826,68409,68993,69578,70164,70751,71339,71927,72517,73107,73699,74291,74885,75479,76074,76670,77267,77864,78463,79062,79662,80264,80865,81468,82072,82676,83282,83888,84495,85102,85711,86320,86930,87541,88153,88765,89378,89992,90607,91223,91839,92456,93074,93692,94311,94931,95552,96173,96795,97418,98042,98666,99291,99917,100543,101170,101798,102426,103055,103685,104316,104947,105579,106211,106844,107478,108112,108747,109383,110019,110656,111294,111932,112571,113211,113851
760,0,0,0,0,0,0,0,0,0,0,0,0,0,0,0,0,0,0,0,0,0,0,0,0,0,0,0,0,0,0,0,0,0,0,0,0,0,0,0,0,0,0,0,0,0,0,0,0,0,0,0,0,0,0,0,0,0,0,0,0,0,0,0,0,0,0,0,0,0,0,0,0,105,272,458,660,875,1102,1338,1583,1837,2099,2369,2646,2929,3219,3515,3817,4125,4438,4756,5080,5409,5742,6080,6423,6770,7122,7478,7838,8202,8569,8941,9317,9696,10079,10465,10855,11248,11645,12044,12447,12854,13263,13675,14090,14509,14930,15354,15780,16210,16642,17077,17514,17954,18397,18842,19289,19739,20192,20647,21104,21563,22025,22489,22955,23423,23893,24366,24841,25317,25796,26277,26760,27245,27731,28220,28710,29203,29697,30193,30691,31191,31692,32196,32701,33207,33716,34226,34738,35251,35766,36283,36801,37321,37842,38365,38889,39415,39943,40472,41002,41534,42068,42602,43138,43676,44215,44755,45297,45840,46385,46930,47477,48026,48575,49126,49679,50232,50787,51343,51900,52458,53018,53579,54141,54704,55268,55834,56400,56968,57537,58107,58678,59250,59824,60398,60974,61550,62128,62706,63286,63867,64449,65032,65615,66200,66786,67373,67961,68550,69139,69730,70322,70914,71508,72103,72698,73294,73892,74490,75089,75689,76290,76892,77494,78098,78702,79308,79914,80521,81129,81737,82347,82957,83568,84180,84793,85407,86021,86636,87252,87869,88486,89105,89724,90344,90965,91586,92208,92831,93455,94079,94704,95330,95957,96584,97212,97841,98470,99101,99731,100363,100995,101628,102262,102896,103531,104167,104803,105441,106078,106717,107356,107995,108636,109277,109918,110561,111203,111847,112491,113136,113781,114427,115074,115721,116369,117018,117667
761,0,0,0,0,0,0,0,0,0,0,0,0,0,0,0,0,0,0,0,0,0,0,0,0,0,0,0,0,0,0,0,0,0,0,0,0,0,0,0,0,0,0,0,0,0,0,0,0,0,0,0,0,0,0,0,0,0,0,0,0,0,0,0,0,0,0,0,0,72,234,418,619,834,1061,1298,1545,1801,2065,2337,2617,2903,3196,3495,3800,4112,4429,4751,5079,5412,5750,6093,6440,6792,7148,7509,7874,8243,8616,8994,9374,9759,10148,10540,10935,11334,11737,12142,12551,12963,13379,13797,14219,14643,15071,15501,15934,16370,16809,17250,17694,18141,18590,19042,19496,19953,20412,20874,21338,21804,22273,22744,23217,23692,24169,24649,25131,25615,26100,26588,27078,27570,28064,28560,29058,29557,30059,30562,31068,31575,32083,32594,33106,33620,34136,34654,35173,35694,36216,36740,37266,37793,38322,38852,39384,39917,40452,40989,41527,42066,42607,43149,43693,44238,44784,45332,45881,46432,46984,47537,48092,48648,49205,49763,50323,50884,51446,52010,52575,53140,53708,54276,54845,55416,55988,56561,57135,57711,58287,58865,59443,60023,60604,61186,61769,62353,62938,63524,64112,64700,65289,65880,66471,67063,67657,68251,68846,69443,70040,70638,71238,71838,72439,73041,73644,74248,74852,75458,76065,76672,77280,77890,78500,79111,79723,80335,80949,81563,82179,82795,83412,84030,84648,85268,85888,86509,87131,87753,88377,89001,89626,90252,90878,91505,92133,92762,93392,94022,94653,95285,95917,96550,97184,97819,98454,99091,99727,100365,101003,101642,102282,102922,103563,104204,104847,105490,106133,106778,107423,108068,108715,109362,110009,110657,111306,111956,112606,113257,113908,114560,115213,115866,116520,117174,117829,118485,119141,119798,120455,121113,121772
762,0,0,0,0,0,0,0,0,0,0,0,0,0,0,0,0,0,0,0,0,0,0,0,0,0,0,0,0,0,0,0,0,0,0,0,0,0,0,0,0,0,0,0,0,0,0,0,0,0,0,0,0,0,0,0,0,0,0,0,0,0,0,0,0,50,208,392,593,809,1037,1276,1526,1784,2051,2326,2609,2899,3196,3499,3809,4125,4446,4774,5106,5444,5787,6135,6488,6846,7208,7575,7946,8321,8700,9083,9470,9862,10256,10655,11057,11463,11872,12284,12700,13119,13542,13967,14396,14827,15262,15699,16140,16583,17029,17478,17929,18383,18840,19299,19761,20225,20692,21161,21633,22107,22583,23062,23543,24026,24511,24999,25488,25980,26474,26969,27467,27967,28469,28973,29479,29986,30496,31007,31521,32036,32552,33071,33592,34114,34638,35163,35690,36219,36750,37282,37816,38351,38888,39427,39967,40508,41051,41596,42142,42690,43239,43789,44341,44894,45449,46005,46563,47121,47681,48243,48806,49370,49935,50502,51070,51639,52209,52781,53354,53928,54504,55080,55658,56237,56817,57398,57981,58564,59149,59734,60321,60909,61498,62088,62680,63272,63865,64460,65055,65652,66249,66848,67447,68048,68649,69252,69855,70460,71065,71671,72279,72887,73496,74106,74717,75329,75942,76556,77171,77786,78403,79020,79638,80257,80877,81498,82120,82742,83365,83989,84614,85240,85867,86494,87122,87751,88381,89012,89643,90275,90908,91542,92176,92812,93448,94084,94722,95360,95999,96639,97279,97920,98562,99205,99848,100492,101137,101782,102428,103075,103722,104370,105019,105669,106319,106970,107621,108273,108926,109579,110233,110888,111543,112199,112856,113513,114171,114830,115489,116149,116809,117470,118131,118794,119456,120120,120784,121448,122113,122779,123445,124112,124779,125447,126116
763,0,0,0,0,0,0,0,0,0,0,0,0,0,0,0,0,0,0,0,0,0,0,0,0,0,0,0,0,0,0,0,0,0,0,0,0,0,0,0,0,0,0,0,0,0,0,0,0,0,0,0,0,0,0,0,0,0,0,0,0,20,171,352,552,768,997,1237,1488,1749,2019,2297,2583,2876,3177,3484,3798,4118,4444,4776,5114,5457,5805,6159,6517,6880,7248,7621,7997,8379,8764,9154,9547,9945,10346,10751,11160,11573,11989,12408,12831,13257,13687,14119,14555,14994,15436,15881,16329,16779,17233,17689,18148,18610,19075,19542,20011,20483,20958,21435,21915,22397,22881,23367,23856,24347,24841,25336,25834,26334,26836,27340,27846,28354,28864,29376,29890,30406,30924,31443,31965,32488,33013,33540,34069,34600,35132,35666,36201,36739,37278,37818,38360,38904,39450,39997,40545,41095,41647,42200,42754,43310,43868,44426,44987,45549,46112,46676,47242,47809,48378,48948,49519,50092,50665,51241,51817,52395,52974,53554,54135,54718,55302,55887,56473,57060,57649,58238,58829,59421,60014,60608,61204,61800,62398,62996,63596,64196,64798,65401,66005,66610,67216,67822,68430,69039,69649,70260,70872,71485,72098,72713,73329,73945,74563,75181,75801,76421,77042,77664,78287,78911,79536,80162,80788,81415,82044,82673,83303,83933,84565,85197,85830,86464,87099,87735,88371,89009,89647,90285,90925,91565,92206,92848,93491,94134,94778,95423,96069,96715,97362,98010,98659,99308,99958,100609,101260,101912,102565,103218,103872,104527,105183,105839,106496,107153,107811,108470,109130,109790,110450,111112,111774,112437,113100,113764,114428,115094,115759,116426,117093,117761,118429,119098,119767,120437,121108,121779,122451,123123,123796,124470,125144,125819,126494,127170,127846,128523,129201,129879,130557
764,0,0,0,0,0,0,0,0,0,0,0,0,0,0,0,0,0,0,0,0,0,0,0,0,0,0,0,0,0,0,0,0,0,0,0,0,0,0,0,0,0,0,0,0,0,0,0,0,0,0,0,0,0,0,0,0,1,146,325,526,743,973,1216,1470,1734,2007,2289,2579,2877,3182,3494,3813,4139,4470,4808,5152,5501,5855,6215,6580,6950,7325,7704,8088,8476,8869,9266,9667,10072,10481,10893,11310,11730,12154,12582,13012,13447,13884,14325,14769,15216,15667,16120,16576,17035,17497,17962,18430,18900,19373,19849,20328,20808,21292,21778,22266,22757,23250,23746,24243,24743,25246,25750,26257,26766,27277,27790,28305,28822,29341,29862,30386,30911,31438,31966,32497,33030,33564,34100,34638,35178,35719,36263,36807,37354,37902,38452,39003,39556,40111,40667,41225,41784,42345,42907,43471,44037,44603,45171,45741,46312,46884,47458,48033,48610,49188,49767,50347,50929,51512,52097,52682,53269,53858,54447,55038,55629,56222,56817,57412,58009,58606,59205,59805,60406,61009,61612,62217,62822,63429,64037,64645,65255,65866,66478,67091,67705,68320,68936,69553,70171,70790,71410,72031,72653,73276,73900,74524,75150,75777,76404,77032,77662,78292,78923,79555,80188,80822,81456,82092,82728,83365,84003,84642,85282,85922,86564,87206,87849,88492,89137,89782,90428,91075,91723,92371,93020,93670,94321,94973,95625,96278,96931,97586,98241,98897,99553,100211,100869,101527,102187,102847,103508,104169,104831,105494,106158,106822,107487,108152,108818,109485,110153,110821,111489,112159,112829,113499,114171,114843,115515,116188,116862,117537,118211,118887,119563,120240,120917,121595,122274,122953,123633,124313,124994,125675,126357,127040,127723,128407,129091,129776,130461,131147,131834,132521,133208,133896,134585,135274
765,0,0,0,0,0,0,0,0,0,0,0,0,0,0,0,0,0,0,0,0,0,0,0,0,0,0,0,0,0,0,0,0,0,0,0,0,0,0,0,0,0,0,0,0,0,0,0,0,0,0,0,0,0,109,286,485,702,934,1178,1434,1701,1977,2262,2556,2858,3168,3485,3809,4140,4478,4821,5171,5526,5887,6253,6625,7001,7383,7769,8160,8556,8956,9361,9769,10182,10599,11019,11444,11872,12304,12740,13179,13622,14068,14517,14970,15426,15885,16347,16812,17280,17751,18224,18701,19180,19662,20147,20635,21125,21617,22112,22610,23110,23612,24117,24624,25134,25645,26159,26675,27194,27714,28236,28761,29288,29816,30347,30880,31414,31951,32489,33029,33571,34115,34661,35209,35758,36309,36862,37416,37972,38530,39090,39651,40213,40778,41343,41911,42480,43050,43622,44196,44770,45347,45925,46504,47084,47666,48250,48835,49421,50008,50597,51187,51779,52371,52965,53561,54157,54755,55354,55954,56555,57158,57762,58367,58973,59580,60189,60798,61409,62021,62634,63248,63863,64479,65096,65714,66334,66954,67576,68198,68821,69446,70071,70698,71325,71954,72583,73213,73845,74477,75110,75744,76379,77015,77652,78290,78928,79568,80208,80850,81492,82135,82779,83424,84069,84716,85363,86011,86660,87310,87960,88611,89264,89916,90570,91225,91880,92536,93193,93850,94509,95168,95828,96488,97150,97812,98474,99138,99802,100467,101133,101799,102466,103134,103802,104471,105141,105811,106483,107154,107827,108500,109174,109848,110523,111199,111875,112552,113230,113908,114587,115267,115947,116628,117309,117991,118674,119357,120041,120725,121410,122096,122782,123468,124156,124844,125532,126221,126911,127601,128292,128983,129675,130367,131060,131753,132447,133142,133837,134533,135229,135926,136623,137320,138019,138717,139417,140117
766,0,0,0,0,0,0,0,0,0,0,0,0,0,0,0,0,0,0,0,0,0,0,0,0,0,0,0,0,0,0,0,0,0,0,0,0,0,0,0,0,0,0,0,0,0,0,0,0,0,85,259,459,677,911,1158,1417,1688,1969,2259,2558,2865,3181,3504,3835,4172,4516,4867,5223,5586,5955,6329,6708,7093,7482,7877,8277,8681,9090,9503,9920,10342,10768,11198,11632,12069,12511,12956,13405,13857,14312,14772,15234,15700,16168,16640,17115,17593,18074,18558,19045,19535,20027,20522,21020,21520,22023,22528,23036,23547,24059,24575,25092,25612,26134,26659,27185,27714,28245,28778,29313,29850,30389,30931,31474,32019,32566,33115,33666,34219,34773,35330,35888,36448,37010,37573,38138,38705,39273,39844,40415,40989,41563,42140,42718,43298,43879,44461,45045,45631,46218,46806,47396,47987,48580,49174,49769,50366,50964,51563,52164,52766,53369,53974,54580,55187,55795,56405,57015,57627,58240,58855,59470,60087,60704,61323,61943,62564,63187,63810,64434,65060,65687,66314,66943,67573,68203,68835,69468,70102,70736,71372,72009,72647,73285,73925,74566,75207,75850,76493,77138,77783,78429,79076,79724,80373,81022,81673,82324,82977,83630,84284,84939,85595,86251,86908,87567,88225,88885,89546,90207,90869,91532,92196,92860,93526,94192,94858,95526,96194,96863,97533,98203,98875,99547,100219,100892,101567,102241,102917,103593,104270,104947,105625,106304,106984,107664,108345,109026,109709,110391,111075,111759,112444,113129,113815,114502,115189,115877,116566,117255,117944,118635,119326,120017,120709,121402,122096,122789,123484,124179,124875,125571,126268,126965,127663,128361,129060,129760,130460,131161,131862,132564,133266,133969,134672,135376,136080,136785,137491,138197,138903,139610,140318,141026,141734,142443,143153,143863,144573,145284
767,0,0,0,0,0,0,0,0,0,0,0,0,0,0,0,0,0,0,0,0,0,0,0,0,0,0,0,0,0,0,0,0,0,0,0,0,0,0,0,0,0,0,0,0,0,51,220,418,636,871,1121,1383,1657,1942,2237,2541,2854,3175,3505,3842,4186,4537,4894,5259,5629,6005,6387,6775,7168,7566,7970,8378,8791,9209,9632,10058,10490,10925,11365,11808,12256,12707,13162,13621,14083,14549,15018,15491,15967,16446,16929,17414,17903,18394,18889,19386,19886,20389,20895,21404,21915,22429,22945,23464,23985,24509,25035,25564,26095,26628,27163,27701,28241,28783,29327,29873,30421,30972,31524,32079,32635,33193,33753,34315,34879,35445,36013,36582,37153,37726,38300,38877,39455,40034,40616,41199,41783,42369,42957,43546,44137,44729,45323,45918,46514,47112,47712,48313,48915,49519,50124,50731,51338,51948,52558,53170,53783,54397,55013,55630,56248,56867,57487,58109,58732,59356,59981,60608,61235,61864,62494,63125,63757,64390,65024,65660,66296,66933,67572,68211,68852,69493,70136,70780,71424,72070,72716,73364,74012,74662,75312,75963,76616,77269,77923,78578,79234,79891,80548,81207,81866,82526,83188,83850,84513,85176,85841,86506,87172,87839,88507,89176,89845,90515,91186,91858,92531,93204,93878,94553,95229,95905,96582,97260,97939,98618,99298,99979,100660,101342,102025,102709,103393,104078,104764,105450,106137,106825,107513,108202,108892,109582,110273,110965,111657,112350,113043,113738,114432,115128,115824,116520,117218,117916,118614,119313,120013,120713,121414,122116,122818,123520,124223,124927,125632,126336,127042,127748,128455,129162,129869,130578,131286,131996,132706,133416,134127,134838,135550,136263,136976,137690,138404,139118,139833,140549,141265,141982,142699,143416,144134,144853,145572,146292,147012,147732,148453,149175,149897,150619
768,0,0,0,0,0,0,0,0,0,0,0,0,0,0,0,0,0,0,0,0,0,0,0,0,0,0,0,0,0,0,0,0,0,0,0,0,0,0,0,0,0,29,194,391,611,849,1103,1369,1648,1939,2240,2550,2870,3199,3536,3881,4233,4593,4959,5332,5712,6098,6489,6887,7290,7699,8112,8531,8955,9383,9817,10254,10697,11143,11594,12049,12508,12970,13437,13907,14381,14859,15340,15825,16312,16804,17298,17796,18296,18800,19307,19816,20329,20844,21362,21883,22406,22932,23461,23992,24526,25062,25601,26142,26685,27231,27779,28329,28881,29436,29992,30551,31112,31675,32240,32806,33375,33946,34519,35093,35670,36248,36828,37410,37993,38579,39166,39755,40345,40937,41531,42126,42723,43322,43922,44523,45126,45731,46337,46945,47554,48164,48776,49389,50004,50620,51237,51856,52476,53098,53720,54344,54970,55596,56224,56853,57483,58115,58748,59381,60016,60653,61290,61928,62568,63209,63851,64494,65138,65783,66429,67076,67725,68374,69025,69676,70329,70982,71636,72292,72948,73606,74264,74923,75584,76245,76907,77570,78234,78899,79565,80231,80899,81567,82237,82907,83578,84250,84923,85596,86271,86946,87622,88299,88977,89655,90334,91015,91695,92377,93060,93743,94427,95111,95797,96483,97170,97858,98546,99235,99925,100616,101307,101999,102692,103385,104079,104774,105469,106165,106862,107560,108258,108956,109656,110356,111057,111758,112460,113163,113866,114570,115274,115979,116685,117392,118099,118806,119514,120223,120932,121642,122353,123064,123776,124488,125201,125914,126628,127343,128058,128773,129489,130206,130923,131641,132360,133078,133798,134518,135238,135959,136681,137403,138125,138848,139572,140296,141021,141746,142471,143197,143924,144651,145378,146106,146835,147564,148293,149023,149754,150485,151216,151948,152680,153413,154146,154880,155614,156348
769,0,0,0,0,0,0,0,0,0,0,0,0,0,0,0,0,0,0,0,0,0,0,0,0,0,0,0,0,0,0,0,0,0,0,0,0,0,1,155,351,571,811,1067,1338,1622,1918,2225,2542,2869,3206,3550,3904,4265,4633,5009,5392,5781,6177,6579,6987,7401,7820,8245,8675,9110,9550,9995,10444,10899,11357,11820,12287,12758,13233,13712,14195,14681,15171,15665,16162,16663,17167,17674,18185,18698,19215,19735,20257,20783,21311,21842,22376,22913,23452,23994,24538,25085,25635,26187,26741,27298,27856,28418,28981,29547,30114,30684,31256,31831,32407,32985,33565,34147,34731,35317,35905,36495,37086,37680,38275,38872,39470,40071,40673,41276,41882,42489,43097,43707,44319,44932,45547,46163,46781,47400,48021,48643,49267,49892,50518,51146,51775,52405,53037,53670,54304,54940,55577,56215,56855,57495,58137,58780,59425,60070,60717,61365,62014,62664,63315,63968,64621,65276,65931,66588,67246,67905,68565,69226,69888,70551,71215,71880,72546,73213,73881,74550,75219,75890,76562,77235,77908,78583,79258,79935,80612,81290,81969,82649,83330,84011,84694,85377,86061,86746,87432,88118,88806,89494,90183,90873,91563,92255,92947,93640,94333,95028,95723,96419,97115,97813,98511,99210,99909,100610,101311,102012,102715,103418,104121,104826,105531,106237,106943,107650,108358,109067,109776,110486,111196,111907,112619,113331,114044,114757,115472,116186,116902,117618,118334,119052,119769,120488,121207,121926,122646,123367,124088,124810,125533,126256,126979,127703,128428,129153,129879,130605,131332,132059,132787,133516,134245,134974,135704,136435,137166,137897,138629,139362,140095,140829,141563,142297,143032,143768,144504,145240,145977,146715,147453,148191,148930,149669,150409,151150,151890,152632,153373,154115,154858,155601,156344,157088,157833,158577,159323,160068,160814,161561,162308
770,0,0,0,0,0,0,0,0,0,0,0,0,0,0,0,0,0,0,0,0,0,0,0,0,0,0,0,0,0,0,0,0,0,0,129,324,547,790,1052,1328,1619,1922,2238,2564,2900,3246,3601,3965,4336,4716,5104,5498,5899,6308,6722,7143,7569,8002,8440,8883,9332,9785,10244,10707,11175,11648,12125,12606,13091,13581,14074,14572,15073,15578,16086,16598,17114,17632,18155,18680,19208,19740,20275,20812,21353,21897,22443,22992,23544,24098,24655,25215,25777,26341,26908,27478,28049,28623,29200,29778,30359,30942,31527,32114,32703,33295,33888,34483,35081,35680,36281,36884,37488,38095,38703,39313,39925,40539,41154,41771,42389,43010,43631,44255,44880,45506,46134,46764,47395,48027,48661,49297,49934,50572,51212,51853,52495,53139,53784,54430,55078,55726,56377,57028,57681,58335,58990,59646,60303,60962,61622,62283,62945,63608,64273,64938,65605,66273,66941,67611,68282,68954,69627,70301,70976,71652,72329,73007,73686,74366,75046,75728,76411,77095,77779,78465,79151,79839,80527,81216,81906,82597,83289,83981,84675,85369,86064,86760,87457,88155,88853,89552,90252,90953,91655,92357,93060,93764,94469,95174,95880,96587,97295,98003,98712,99422,100133,100844,101556,102269,102982,103696,104411,105126,105842,106559,107276,107994,108713,109433,110153,110873,111595,112316,113039,113762,114486,115210,115935,116661,117387,118114,118842,119570,120298,121028,121757,122488,123219,123950,124682,125415,126148,126882,127616,128351,129086,129822,130559,131296,132033,132771,133510,134249,134989,135729,136470,137211,137953,138695,139437,140181,140924,141669,142413,143158,143904,144650,145397,146144,146891,147639,148388,149137,149886,150636,151386,152137,152889,153640,154392,155145,155898,156651,157405,158160,158914,159670,160425,161181,161938,162695,163452,164210,164968,165727,166486,167245,168005,168765
771,0,0,0,0,0,0,0,0,0,0,0,0,0,0,0,0,0,0,0,0,0,0,0,0,0,0,0,0,0,0,128,328,557,808,1078,1364,1665,1980,2306,2645,2994,3353,3722,4099,4486,4880,5282,5692,6109,6533,6963,7400,7843,8292,8746,9207,9672,10143,10618,11099,11584,12074,12569,13067,13570,14078,14589,15104,15623,16145,16672,17202,17735,18272,18812,19355,19902,20451,21004,21559,22118,22679,23244,23811,24380,24953,25528,26105,26685,27268,27853,28440,29030,29622,30216,30812,31411,32012,32615,33219,33826,34435,35046,35659,36274,36891,37510,38130,38752,39377,40002,40630,41259,41890,42523,43157,43793,44431,45070,45710,46353,46996,47641,48288,48936,49586,50237,50889,51543,52198,52855,53513,54172,54833,55494,56157,56822,57487,58154,58822,59492,60162,60834,61507,62181,62856,63532,64210,64888,65568,66249,66930,67613,68297,68982,69668,70355,71043,71732,72422,73113,73805,74498,75192,75887,76583,77280,77977,78676,79375,80076,80777,81479,82182,82886,83591,84297,85003,85710,86418,87127,87837,88548,89259,89971,90684,91398,92113,92828,93544,94261,94978,95697,96416,97135,97856,98577,99299,100022,100745,101469,102194,102919,103646,104372,105100,105828,106557,107286,108017,108747,109479,110211,110944,111677,112411,113146,113881,114617,115353,116090,116828,117566,118305,119044,119784,120525,121266,122008,122750,123493,124237,124981,125725,126470,127216,127962,128709,129456,130204,130952,131701,132451,133201,133951,134702,135453,136205,136958,137711,138464,139218,139973,140728,141483,142239,142996,143752,144510,145268,146026,146785,147544,148304,149064,149824,150586,151347,152109,152871,153634,154398,155161,155926,156690,157455,158221,158987,159753,160520,161287,162054,162822,163591,164360,165129,165899,166669,167439,168210,168981,169753,170525,171297,172070,172843,173617,174391,175165,175940
772,0,0,0,0,0,0,0,0,0,0,0,0,0,0,0,0,0,0,0,0,0,0,0,0,0,0,140,348,587,849,1131,1430,1745,2074,2416,2770,3136,3512,3898,4293,4697,5110,5531,5960,6396,6839,7289,7746,8209,8678,9152,9633,10119,10610,11106,11608,12114,12624,13140,13660,14184,14712,15244,15780,16320,16864,17411,17962,18517,19075,19636,20200,20768,21339,21913,22489,23069,23651,24237,24825,25416,26009,26605,27203,27804,28408,29013,29621,30232,30845,31459,32076,32696,33317,33941,34566,35193,35823,36454,37088,37723,38360,38999,39640,40282,40926,41572,42220,42869,43520,44173,44827,45483,46140,46799,47459,48121,48784,49449,50115,50783,51452,52123,52794,53468,54142,54818,55495,56174,56853,57534,58216,58900,59584,60270,60957,61645,62335,63025,63717,64410,65103,65798,66494,67192,67890,68589,69289,69990,70693,71396,72100,72806,73512,74219,74927,75637,76347,77058,77770,78482,79196,79911,80626,81343,82060,82778,83497,84217,84938,85659,86382,87105,87829,88554,89279,90006,90733,91461,92189,92919,93649,94380,95112,95844,96577,97311,98046,98781,99517,100254,100991,101730,102468,103208,103948,104689,105430,106173,106915,107659,108403,109148,109893,110639,111386,112133,112881,113630,114379,115128,115879,116630,117381,118133,118886,119639,120393,121147,121902,122658,123414,124171,124928,125685,126444,127203,127962,128722,129482,130243,131005,131767,132529,133292,134056,134820,135584,136349,137115,137881,138647,139414,140182,140950,141718,142487,143256,144026,144796,145567,146338,147110,147882,148655,149428,150201,150975,151750,152524,153300,154075,154851,155628,156405,157182,157960,158738,159517,160296,161076,161855,162636,163416,164198,164979,165761,166543,167326,168109,168893,169676,170461,171245,172030,172816,173601,174388,175174,175961,176748,177536,178324,179112,179901,180690,181479,182269,183059,183850
773,0,0,0,0,0,0,0,0,0,0,0,0,0,0,0,0,0,0,0,0,0,0,139,355,604,878,1173,1487,1817,2163,2523,2895,3280,3675,4081,4497,4922,5357,5799,6250,6708,7174,7646,8126,8612,9104,9602,10106,10615,11130,11650,12175,12705,13240,13779,14322,14870,15423,15979,16539,17103,17671,18242,18817,19396,19977,20563,21151,21742,22337,22935,23535,24139,24745,25354,25965,26580,27197,27816,28438,29062,29689,30318,30950,31583,32219,32857,33497,34140,34784,35430,36079,36729,37381,38035,38691,39349,40009,40670,41333,41998,42665,43333,44003,44675,45348,46022,46699,47376,48056,48736,49419,50102,50787,51474,52162,52851,53541,54233,54927,55621,56317,57014,57712,58412,59113,59815,60518,61222,61928,62635,63343,64051,64762,65473,66185,66898,67613,68328,69045,69762,70481,71200,71921,72642,73364,74088,74812,75538,76264,76991,77719,78448,79178,79909,80640,81373,82106,82841,83576,84312,85048,85786,86524,87263,88003,88744,89486,90228,90971,91715,92460,93205,93951,94698,95446,96194,96943,97693,98443,99194,99946,100699,101452,102206,102960,103716,104472,105228,105985,106743,107502,108261,109021,109781,110542,111304,112066,112829,113592,114356,115121,115886,116652,117418,118185,118952,119720,120489,121258,122028,122798,123569,124341,125112,125885,126658,127431,128205,128980,129755,130531,131307,132083,132860,133638,134416,135195,135974,136753,137533,138314,139095,139876,140658,141441,142224,143007,143791,144575,145360,146145,146930,147716,148503,149290,150077,150865,151653,152442,153231,154020,154810,155601,156391,157183,157974,158766,159559,160351,161145,161938,162732,163527,164321,165116,165912,166708,167504,168301,169098,169895,170693,171492,172290,173089,173888,174688,175488,176288,177089,177890,178692,179494,180296,181098,181901,182704,183508,184312,185116,185921,186725,187531,188336,189142,189948,190755,191562,192369
774,0,0,0,0,0,0,0,0,0,0,0,0,0,0,0,0,0,0,154,383,647,938,1252,1587,1939,2308,2691,3088,3498,3920,4352,4795,5248,5710,6180,6659,7146,7641,8142,8651,9166,9687,10215,10748,11287,11831,12381,12936,13495,14059,14628,15201,15779,16361,16946,17536,18129,18727,19327,19932,20539,21150,21765,22382,23002,23626,24252,24882,25514,26148,26786,27426,28069,28714,29362,30012,30664,31319,31976,32635,33297,33960,34626,35293,35963,36635,37308,37984,38661,39341,40022,40705,41389,42076,42764,43453,44145,44838,45532,46228,46926,47625,48326,49028,49732,50437,51143,51851,52560,53271,53983,54696,55410,56126,56843,57562,58281,59002,59724,60447,61171,61897,62623,63351,64080,64810,65541,66273,67006,67740,68476,69212,69949,70687,71426,72167,72908,73650,74393,75137,75882,76628,77375,78122,78871,79620,80370,81122,81874,82626,83380,84135,84890,85646,86403,87160,87919,88678,89438,90199,90960,91723,92486,93249,94014,94779,95545,96312,97079,97847,98616,99385,100155,100926,101697,102469,103242,104015,104789,105564,106339,107115,107891,108669,109446,110225,111003,111783,112563,113344,114125,114907,115689,116472,117256,118040,118825,119610,120396,121182,121969,122756,123544,124332,125121,125911,126701,127491,128282,129074,129866,130658,131451,132245,133039,133833,134628,135423,136219,137016,137812,138610,139407,140206,141004,141803,142603,143403,144203,145004,145805,146607,147409,148212,149015,149818,150622,151426,152231,153036,153842,154648,155454,156261,157068,157875,158683,159491,160300,161109,161918,162728,163538,164349,165160,165971,166783,167595,168407,169220,170033,170847,171661,172475,173289,174104,174920,175735,176551,177368,178184,179001,179819,180636,181454,182273,183091,183910,184729,185549,186369,187189,188010,188831,189652,190474,191296,192118,192940,193763,194586,195410,196233,197057,197882,198706,199531,200356,201182,202008
775,0,0,0,0,0,0,0,0,0,0,0,0,0,0,173,418,703,1018,1359,1721,2103,2503,2918,3348,3792,4247,4715,5193,5682,6180,6687,7202,7726,8257,8795,9341,9893,10452,11016,11587,12163,12744,13331,13923,14519,15120,15726,16336,16950,17568,18190,18816,19445,20079,20715,21355,21999,22645,23295,23948,24603,25262,25923,26587,27254,27924,28595,29270,29947,30626,31308,31992,32678,33366,34056,34749,35444,36140,36839,37539,38242,38946,39652,40360,41070,41781,42494,43209,43925,44643,45363,46084,46807,47531,48257,48984,49712,50442,51174,51906,52641,53376,54113,54851,55590,56331,57072,57815,58560,59305,60052,60799,61548,62298,63049,63802,64555,65309,66064,66821,67578,68337,69096,69857,70618,71380,72144,72908,73673,74439,75206,75974,76743,77513,78283,79054,79827,80600,81374,82148,82924,83700,84477,85255,86034,86813,87593,88374,89156,89939,90722,91506,92290,93076,93862,94648,95436,96224,97012,97802,98592,99383,100174,100966,101759,102552,103346,104141,104936,105731,106528,107325,108122,108921,109719,110519,111318,112119,112920,113722,114524,115326,116130,116933,117738,118542,119348,120154,120960,121767,122574,123382,124191,125000,125809,126619,127429,128240,129052,129864,130676,131489,132302,133116,133930,134744,135559,136375,137191,138007,138824,139641,140459,141277,142096,142915,143734,144554,145374,146195,147016,147838,148660,149482,150304,151128,151951,152775,153599,154424,155249,156074,156900,157726,158553,159380,160207,161034,161862,162691,163519,164348,165178,166008,166838,167668,168499,169330,170162,170994,171826,172658,173491,174324,175158,175992,176826,177660,178495,179330,180166,181001,181837,182674,183511,184348,185185,186022,186860,187699,188537,189376,190215,191055,191894,192734,193575,194415,195256,196097,196939,197780,198622,199465,200307,201150,201993,202836,203680,204524,205368,206213,207058,207903,208748,209593,210439,211285,212131,212978
776,0,0,0,0,0,0,0,0,0,0,180,448,761,1109,1485,1887,2310,2752,3211,3686,4175,4678,5192,5718,6254,6800,7355,7919,8491,9070,9657,10251,10851,11458,12070,12688,13312,13941,14574,15213,15856,16504,17156,17812,18472,19136,19804,20475,21150,21828,22510,23194,23882,24573,25266,25963,26662,27364,28068,28775,29485,30196,30911,31627,32346,33067,33790,34515,35242,35971,36702,37435,38170,38907,39646,40386,41128,41872,42617,43364,44113,44863,45614,46368,47122,47878,48636,49395,50155,50917,51680,52444,53210,53977,54745,55514,56285,57057,57830,58604,59379,60156,60933,61712,62491,63272,64054,64836,65620,66405,67190,67977,68765,69553,70343,71133,71925,72717,73510,74304,75099,75895,76691,77489,78287,79086,79886,80686,81488,82290,83093,83897,84701,85506,86312,87119,87926,88734,89543,90353,91163,91973,92785,93597,94410,95223,96037,96852,97667,98483,99300,100117,100935,101753,102572,103392,104212,105033,105854,106676,107498,108321,109145,109969,110793,111619,112444,113270,114097,114924,115752,116580,117409,118238,119068,119898,120729,121560,122392,123224,124056,124889,125723,126557,127391,128226,129061,129897,130733,131570,132407,133245,134082,134921,135760,136599,137438,138278,139119,139959,140801,141642,142484,143327,144169,145012,145856,146700,147544,148389,149234,150079,150925,151771,152617,153464,154312,155159,156007,156855,157704,158553,159402,160252,161102,161952,162802,163653,164505,165356,166208,167060,167913,168766,169619,170472,171326,172180,173035,173890,174745,175600,176456,177312,178168,179024,179881,180738,181596,182453,183311,184170,185028,185887,186746,187605,188465,189325,190185,191046,191906,192767,193629,194490,195352,196214,197076,197939,198802,199665,200528,201392,202255,203120,203984,204848,205713,206578,207444,208309,209175,210041,210907,211774,212641,213508,214375,215242,216110,216978,217846,218714,219583,220452,221321,222190,223060,223929,224799,225669
777,0,0,0,0,0,0,215,529,897,1307,1749,2220,2714,3229,3762,4312,4876,5453,6043,6644,7255,7875,8504,9142,9787,10440,11099,11764,12436,13113,13796,14484,15177,15875,16577,17284,17994,18709,19427,20149,20874,21603,22335,23070,23809,24550,25294,26041,26790,27542,28296,29053,29813,30574,31338,32104,32872,33642,34414,35188,35964,36741,37521,38302,39085,39870,40656,41444,42233,43024,43817,44611,45406,46203,47001,47801,48602,49404,50207,51012,51818,52625,53433,54242,55053,55865,56678,57491,58306,59122,59939,60757,61576,62396,63217,64039,64862,65685,66510,67336,68162,68989,69817,70646,71476,72307,73138,73970,74803,75637,76471,77306,78142,78979,79816,80654,81493,82333,83173,84014,84855,85697,86540,87384,88228,89072,89918,90764,91610,92457,93305,94153,95002,95852,96702,97552,98403,99255,100107,100960,101813,102667,103521,104376,105231,106087,106943,107800,108657,109515,110373,111232,112091,112951,113811,114671,115532,116394,117256,118118,118981,119844,120707,121571,122436,123301,124166,125031,125897,126764,127631,128498,129365,130233,131102,131971,132840,133709,134579,135449,136320,137191,138062,138934,139806,140678,141551,142424,143297,144171,145045,145919,146794,147669,148544,149420,150296,151172,152049,152925,153803,154680,155558,156436,157314,158193,159072,159952,160831,161711,162591,163472,164352,165233,166115,166996,167878,168760,169643,170525,171408,172291,173175,174058,174942,175827,176711,177596,178481,179366,180252,181137,182023,182910,183796,184683,185570,186457,187344,188232,189120,190008,190896,191785,192674,193563,194452,195342,196231,197121,198012,198902,199793,200683,201574,202466,203357,204249,205141,206033,206925,207818,208710,209603,210496,211390,212283,213177,214071,214965,215859,216754,217648,218543,219438,220334,221229,222125,223021,223917,224813,225709,226606,227503,228400,229297,230194,231092,231989,232887,233785,234683,235582,236480,237379,238278,239177,240076,240976,241875
778,0,1,309,754,1271,1837,2440,3071,3725,4399,5089,5793,6509,7236,7972,8718,9471,10232,10999,11772,12551,13336,14125,14918,15716,16518,17324,18133,18946,19762,20581,21403,22228,23055,23885,24717,25552,26389,27228,28069,28912,29757,30604,31452,32303,33155,34008,34863,35720,36578,37438,38299,39161,40024,40889,41755,42622,43491,44360,45231,46102,46975,47849,48723,49599,50476,51353,52232,53111,53992,54873,55755,56638,57521,58406,59291,60177,61063,61951,62839,63727,64617,65507,66398,67289,68181,69074,69967,70861,71756,72651,73547,74443,75340,76237,77135,78033,78932,79832,80732,81632,82533,83435,84337,85239,86142,87045,87949,88853,89758,90663,91568,92474,93381,94288,95195,96102,97010,97919,98827,99736,100646,101556,102466,103377,104288,105199,106111,107023,107935,108848,109761,110674,111588,112502,113416,114330,115245,116161,117076,117992,118908,119825,120741,121658,122576,123493,124411,125329,126248,127166,128085,129004,129924,130844,131764,132684,133604,134525,135446,136368,137289,138211,139133,140055,140977,141900,142823,143746,144670,145593,146517,147441,148365,149290,150215,151139,152065,152990,153916,154841,155767,156693,157620,158546,159473,160400,161327,162255,163182,164110,165038,165966,166894,167823,168751,169680,170609,171538,172468,173397,174327,175257,176187,177117,178048,178978,179909,180840,181771,182702,183634,184565,185497,186429,187361,188293,189226,190158,191091,192024,192957,193890,194823,195756,196690,197624,198558,199492,200426,201360,202295,203229,204164,205099,206034,206969,207904,208840,209775,210711,211647,212583,213519,214455,215391,216328,217264,218201,219138,220075,221012,221949,222887,223824,224762,225699,226637,227575,228513,229452,230390,231328,232267,233206,234144,235083,236022,236961,237901,238840,239779,240719,241659,242599,243538,244478,245419,246359,247299,248240,249180,250121,251062,252003,252943,253885,254826,255767,256708,257650,258591,259533,260475,261417,262359,263301,264243,265185,266128
