{"type":"FeatureCollection","features":[{"type":"Feature","geometry":{"type":"Point","coordinates":[-122.93051544695156,46.09413878091092]},"id":"globalwatershedpoint","properties":{}},{"type":"Feature","geometry":{"type":"MultiPolygon","coordinates":[[[[-123.13477611265536,46.35698088885533],[-123.1344030366943,46.357057096732234],[-123.1348411043635,46.358095535145544],[-123.13446802218886,46.35817174345016],[-123.13468705850593,46.35869096403548],[-123.13431397279449,46.3587671720529],[-123.13475205039366,46.35980561598151],[-123.13437895846836,46.359881824426594],[-123.13470752168149,46.36066065960771],[-123.13433442488065,46.36073686812311],[-123.13444394633306,46.360996480429094],[-123.13556323817127,46.3607678508041],[-123.13643947287582,46.36284474465873],[-123.13606636574785,46.36292095839593],[-123.13650449838691,46.363959409411784],[-123.13687761086936,46.36388319424443],[-123.13742530271371,46.365181258719694],[-123.13705218353797,46.365257475674845],[-123.1373808049503,46.366036316762866],[-123.13700768089831,46.36611253378858],[-123.13711722175071,46.366372148063846],[-123.13674409549982,46.36644836444499],[-123.13696317710766,46.366967594043416],[-123.13659004731912,46.36704381013749],[-123.13702821550204,46.36808227209563],[-123.1374013506457,46.36800605457105],[-123.13772998983157,46.36878490113146],[-123.1373568506715,46.36886111972894],[-123.13746639744845,46.369120735828545],[-123.13709325608932,46.369196953781405],[-123.13731234954632,46.36971618702885],[-123.13693920464918,46.36979240469473],[-123.13704875132926,46.37005202184259],[-123.13667560423298,46.370128238863884],[-123.1368946974961,46.37064747420784],[-123.13652154686179,46.37072369094214],[-123.13663109344483,46.37098330913829],[-123.13625794061132,46.371059525227935],[-123.13636748671574,46.37131914389274],[-123.13599433168301,46.371395359337875],[-123.13632297114114,46.37217421707153],[-123.1359498112312,46.37225043258729],[-123.13616890582679,46.372769672347026],[-123.13579574237858,46.37284588757583],[-123.13601483773743,46.37336512849527],[-123.13564167075083,46.37344134343716],[-123.1358607668729,46.373960585516336],[-123.13212902290893,46.37472268696069],[-123.13201948780876,46.374463062288854],[-123.13127313137097,46.37461546983427],[-123.13116359980935,46.374355844558266],[-123.13041724260898,46.37450824737901],[-123.13052677149226,46.37476787337026],[-123.1301535902626,46.37484407363471],[-123.1300440627185,46.37458444728584],[-123.12817815036341,46.37496543178427],[-123.12828767121142,46.37522505992123],[-123.12754129756979,46.37537744741918],[-123.12765081659941,46.37563707638256],[-123.12690443683864,46.375789460586105],[-123.12701395404986,46.37604909037599],[-123.12552117884951,46.376353848184515],[-123.12563069156357,46.37661347951607],[-123.124884296124,46.37676585312092],[-123.12499380701944,46.377025485279056],[-123.12387420339115,46.37725403924083],[-123.12398371112849,46.37751367258297],[-123.12361050685945,46.377589855589605],[-123.1237200141175,46.37784948940072],[-123.12334680764894,46.37792567176248],[-123.12345631442763,46.378185306042504],[-123.12308310575953,46.378261487759396],[-123.12319261205884,46.378521122508346],[-123.12244618946343,46.37867348364988],[-123.12255569394388,46.37893311922544],[-123.11956995844328,46.37954252655226],[-123.11967945306748,46.379802165099946],[-123.1193062309201,46.379878336862056],[-123.1195252200694,46.380397615006835],[-123.11915199438279,46.38047378648152],[-123.11969947560878,46.38177198558179],[-123.11932624236387,46.381848157841944],[-123.11954523819546,46.3823674389776],[-123.1191720014111,46.38244361095047],[-123.11960999803664,46.383482175990174],[-123.11923675503328,46.38355834839098],[-123.11934625500022,46.383817990287376],[-123.118973009797,46.38389416204321],[-123.1190825092843,46.384153804408754],[-123.11870926188116,46.38422997551967],[-123.11881876088881,46.38448961835439],[-123.11844551128577,46.38456578882031],[-123.11855500981375,46.3848254321243],[-123.11818175801076,46.38490160194525],[-123.11840075496748,46.38542088960317],[-123.11466816283465,46.38618253982045],[-123.1147776492043,46.386442187393264],[-123.11440438392059,46.38651834725796],[-123.11451386981037,46.38677799530003],[-123.11414060232664,46.3868541545197],[-123.11425008773651,46.38711380303105],[-123.11387681805274,46.38718996160567],[-123.11398630298268,46.38744961058638],[-123.11323975835495,46.38760192544281],[-123.11313027610501,46.387342275746896],[-123.11275700384108,46.38741843131349],[-123.11264752379118,46.38715878137166],[-123.11227425200724,46.387234935577894],[-123.11216477415739,46.38697528539016],[-123.11179150285346,46.387051438236135],[-123.11168202720366,46.38679178780245],[-123.10906911337686,46.38732482714506],[-123.1091785796463,46.38758448008179],[-123.10880530146257,46.38766062490601],[-123.10891476725186,46.3879202783121],[-123.1081682056244,46.3880725656675],[-123.10805874251535,46.38781291154622],[-123.10768546175187,46.38788905336229],[-123.10735708160455,46.38711009059644],[-123.10661052553866,46.38726236907487],[-123.10650106988952,46.38700271432796],[-123.1061277919069,46.387078851705574],[-123.10601833845777,46.38681919671282],[-123.10564506095544,46.386895332730184],[-123.10553560970624,46.38663567749169],[-123.10478905480237,46.38678794580294],[-123.10467960709325,46.38652828996122],[-123.10393305143046,46.38668055354647],[-123.10382360726143,46.38642089710145],[-123.10270377133949,46.38664928388618],[-123.10259433205066,46.38638962648044],[-123.10222105303072,46.38646575304567],[-123.10211161594177,46.38620609539413],[-123.10061849662566,46.38651059019755],[-123.10050906575714,46.38625093122798],[-123.10013578511911,46.386327052064416],[-123.10002635645044,46.386067392849135],[-123.09965307629298,46.38614351232539],[-123.09976250362145,46.38640317189814],[-123.09938922126412,46.38647929072902],[-123.099498648112,46.38673895077099],[-123.09688563815956,46.38727175701115],[-123.0969950564852,46.38753141966697],[-123.09400869709893,46.38814028377447],[-123.09378988275274,46.38762095285595],[-123.09341658664226,46.387697055641794],[-123.09330718209881,46.38743738999293],[-123.09293388646924,46.38751349141845],[-123.09282448412566,46.38725382552411],[-123.09207789296882,46.387406024651995],[-123.09196849416546,46.387146358154666],[-123.09047530690003,46.38745074294667],[-123.09036591431774,46.38719107513171],[-123.08999261669327,46.38726716846521],[-123.08988322631079,46.38700750040487],[-123.08950992916733,46.38708359237806],[-123.08940054098467,46.38682392407221],[-123.08865394680053,46.38697610429552],[-123.08854456215808,46.3867164353868],[-123.08705136883955,46.38702078236955],[-123.08694199041824,46.38676111214347],[-123.08656869128077,46.38683719602465],[-123.0864593150592,46.386577525553186],[-123.08496611527866,46.386881849619705],[-123.08485674527826,46.38662217783096],[-123.08336353711194,46.38692648442208],[-123.08347290175027,46.387186157639874],[-123.08309959622014,46.38726223213765],[-123.08320896037712,46.38752190582467],[-123.08283565264725,46.38759797967676],[-123.08294501632285,46.38785765383299],[-123.08219839560432,46.38800979924292],[-123.08230775745797,46.388269474225645],[-123.0819344444693,46.38834554578353],[-123.0822625311636,46.38912457247521],[-123.08263584817414,46.38904849984556],[-123.08362016672217,46.39138558275272],[-123.08324683764555,46.39146165859822],[-123.08368432953475,46.39250036645454],[-123.08405766397429,46.39242428917979],[-123.08427641775646,46.39294364306565],[-123.08464975401813,46.39286756407314],[-123.08497789515906,46.39364659467049],[-123.08535123458364,46.393570513602846],[-123.0861169367114,46.39538825308528],[-123.08574358790122,46.39546433665472],[-123.0861811455195,46.3965030488271],[-123.0858077904864,46.39657913282321],[-123.08602657177084,46.3970984902973],[-123.08565321319644,46.397174574005305],[-123.08576260378707,46.39743425326812],[-123.08538924301223,46.39751033633041],[-123.08549863312146,46.397770016062886],[-123.08400517606303,46.39807433971138],[-123.08411456166797,46.3983340209858],[-123.08336782529973,46.39848617750641],[-123.08347720908219,46.398745859608034],[-123.08273046659394,46.398898012831104],[-123.08305861505221,46.3996770619541],[-123.08268523849569,46.39975313813333],[-123.08301339066642,46.400532189339366],[-123.08264000922713,46.400608265587806],[-123.08274939366201,46.40086794990524],[-123.08200262552265,46.401020100107615],[-123.0821120081348,46.40127978525238],[-123.0817386214347,46.40135585920629],[-123.08184800356523,46.40161554482081],[-123.08147461466443,46.40169161812905],[-123.08158399631336,46.4019513042134],[-123.08121060521188,46.402027376875914],[-123.08131998637914,46.40228706343014],[-123.08057319891518,46.40243920646067],[-123.08068257825957,46.40269889384217],[-123.07956238659355,46.402927101936456],[-123.07978113981348,46.403446479181476],[-123.0794077381899,46.40352254725476],[-123.07973587044238,46.40430161503803],[-123.07936246393542,46.404377683180485],[-123.07958122038549,46.40489706297989],[-123.07920781033633,46.404973130834165],[-123.07931718850934,46.40523282126008],[-123.0785703631497,46.40538495467387],[-123.07867973949955,46.405644645927254],[-123.07830632418903,46.405720711486744],[-123.07841570005705,46.405980403210144],[-123.07729544494404,46.40620859494159],[-123.07740481764738,46.4064682878499],[-123.07703139621586,46.40654435011131],[-123.07714076843729,46.40680404348976],[-123.07602049496127,46.407032225326866],[-123.07591112676425,46.406772530876054],[-123.07479084957711,46.40700070261117],[-123.07490021374964,46.40726039813439],[-123.07377992480266,46.40748856191223],[-123.07388928581013,46.4077482586205],[-123.0731424195317,46.40790036350406],[-123.07325177871549,46.40816006103983],[-123.07250490631608,46.40831216262505],[-123.07239554981547,46.408052464374435],[-123.0720221136682,46.40812851330467],[-123.0719127593686,46.4078688148092],[-123.0715393237035,46.40794486237858],[-123.07132062036573,46.40742546501072],[-123.0709471865244,46.40750151086196],[-123.07061914198786,46.40672241458249],[-123.07024571131193,46.40679845835815],[-123.07002702193414,46.40627906068677],[-123.07040044992695,46.40620301762591],[-123.0695257160557,46.404125434302614],[-123.06616492977778,46.40480976000031],[-123.06627425643042,46.4050694607379],[-123.06515397484756,46.40529755231609],[-123.0653726226808,46.405816956273],[-123.06499919108495,46.405892985506995],[-123.06521783967165,46.4064123906291],[-123.0648444045333,46.4064884195744],[-123.06506305387343,46.40700782586164],[-123.06468961519255,46.407083854518355],[-123.06490826528609,46.407603261970934],[-123.06453482306263,46.407679290338905],[-123.06464414805652,46.40793899459157],[-123.06427070363212,46.40801502231349],[-123.06459867974381,46.408794136819694],[-123.06422523043497,46.40887016461032],[-123.06444388278872,46.40938957555942],[-123.06407042993706,46.409465603061385],[-123.06450773958836,46.41050442774182],[-123.0641342805102,46.410580455669965],[-123.06424360872936,46.410840162479346],[-123.06461706914935,46.410764134193855],[-123.06560107386733,46.413101497337635],[-123.0663480162831,46.412949431322716],[-123.06667604137567,46.413728552256714],[-123.0670495153202,46.413652516671746],[-123.06737755217337,46.414431637548944],[-123.06700407420307,46.41450767420635],[-123.06798821909662,46.41684504615073],[-123.06836170914478,46.41676900627582],[-123.068471064217,46.41702871447669],[-123.06809757282682,46.41710475470916],[-123.06853499634316,46.41814359007216],[-123.06928198900026,46.417991505743345],[-123.06939134971243,46.41825121415142],[-123.07088533007943,46.41794703202146],[-123.07099469701939,46.418206739112215],[-123.07174168472906,46.418054641311116],[-123.07185105521269,46.418314347799594],[-123.07297153435557,46.418086192498976],[-123.07373717999555,46.41990413357138],[-123.07336367841347,46.41998018884511],[-123.07380120375444,46.42101901623106],[-123.07342769594429,46.42109507193183],[-123.07353707808696,46.42135477941852],[-123.07279005720301,46.42150688852476],[-123.07289943752124,46.42176659683976],[-123.07252592444742,46.42184265024521],[-123.0726353042833,46.422102359030916],[-123.07226178900754,46.4221784117905],[-123.07237116836107,46.42243812104693],[-123.07199765088333,46.4225141731606],[-123.0725445538373,46.42381272292729],[-123.07217102878872,46.42388877582572],[-123.0722804106168,46.42414848647606],[-123.07190688336613,46.4242245387286],[-123.07201626471178,46.42448424984976],[-123.07164273525899,46.42456030145642],[-123.07208026387114,46.42559914850307],[-123.07245379869306,46.42552309546569],[-123.0725631843381,46.42578280715254],[-123.07331025408685,46.425630697351394],[-123.07341964327635,46.42589040843601],[-123.07379317820313,46.425814351672315],[-123.07390256959489,46.4260740625124],[-123.07352903332581,46.42615011963378],[-123.07374781600457,46.42666954236887],[-123.0733742761909,46.42674559920216],[-123.07392124122549,46.4280441598094],[-123.0735476938401,46.428120217427804],[-123.07376648318906,46.42863964317879],[-123.0733929322589,46.428715700509045],[-123.07372111870524,46.429494841058286],[-123.07334756288778,46.42957089845823],[-123.07367575304701,46.43035004110019],[-123.07330219234214,46.430426098569846],[-123.07341158943949,46.43068581336825],[-123.07303802653209,46.43076187019194],[-123.073147423147,46.4310215854615],[-123.07277385803707,46.43109764163935],[-123.07299265116201,46.431617073233866],[-123.07261908250695,46.43169312912368],[-123.07272847901696,46.431952845448755],[-123.0723549081593,46.432028900692586],[-123.0725737010744,46.43254833439855],[-123.07220012667155,46.43262438935425],[-123.07230952307661,46.43288410673511],[-123.07156236900543,46.43303621435107],[-123.07167176358537,46.43329593256093],[-123.07129818391705,46.43337198522115],[-123.07140757801443,46.43363170390218],[-123.07103399614341,46.43370775591652],[-123.07114338975819,46.43396747506878],[-123.07076980568444,46.434043526437094],[-123.07087919881661,46.434303246060644],[-123.07013202540357,46.43445534650172],[-123.07024141671043,46.43471506695436],[-123.06986782737108,46.43479111602708],[-123.06997721819533,46.43505083695097],[-123.06923003425099,46.43520293280069],[-123.06944881310866,46.43572237642019],[-123.06795442415722,46.43602655893677],[-123.068063809505,46.436286282348064],[-123.06769020877421,46.43636232582549],[-123.06779959363921,46.43662204970811],[-123.06742599070556,46.43669809253958],[-123.06753537508776,46.43695781689348],[-123.06716176995123,46.437033859078966],[-123.06727115385061,46.43729358390427],[-123.06689754651114,46.43736962544375],[-123.06700692992773,46.43762935074038],[-123.06663332038531,46.43770539163388],[-123.06696147176669,46.43848456927888],[-123.06658785733548,46.438560610241936],[-123.06669724150649,46.43882033670865],[-123.06632362487227,46.438896377025706],[-123.06654239310859,46.43941583101564],[-123.06616877292839,46.43949187104451],[-123.06638754191908,46.440011326204655],[-123.06601391819282,46.44008736594533],[-123.06612330263529,46.44034709405369],[-123.06574967670592,46.440423133148386],[-123.0660778311649,46.44120231922906],[-123.06570420034633,46.441278358393404],[-123.0667980910212,46.44387565629892],[-123.06642444591147,46.44395169803812],[-123.06653383836677,46.44421142881223],[-123.06616019105364,46.444287469905454],[-123.06637897585858,46.44480693251071],[-123.06600532499888,46.444882973315856],[-123.06666169200001,46.446441366010575],[-123.06628803222071,46.44651740795931],[-123.06650682541661,46.4470368738175],[-123.06688048788247,46.446960831152865],[-123.06731808997098,46.44799976280371],[-123.06544974217275,46.44837997324628],[-123.06555913812902,46.448639708233586],[-123.06443811509641,46.44886782352486],[-123.06454750788285,46.44912755969992],[-123.06380015220626,46.44927963225658],[-123.06390954316613,46.44953936926153],[-123.063535862694,46.449615404391736],[-123.06364525317072,46.449875141868645],[-123.06327157049489,46.44995117635272],[-123.06349035134222,46.45047065236437],[-123.06311666511918,46.45054668656036],[-123.0632260554898,46.45080642509514],[-123.06285236706299,46.45088245864504],[-123.0629617569504,46.45114219765172],[-123.06258806631976,46.45121823055556],[-123.06280684598842,46.45173770962699],[-123.06243315181045,46.45181374224266],[-123.06254254159167,46.45207348230746],[-123.06216884520987,46.452149514277025],[-123.06227823450783,46.452409254813816],[-123.06190453592214,46.45248528613725],[-123.06201392473683,46.45274502714608],[-123.06164022394725,46.45282105782339],[-123.06174961227866,46.45308079930433],[-123.0610022054314,46.45323285836254],[-123.06111159193583,46.45349260067347],[-123.06073788587811,46.453568629054374],[-123.0608472718992,46.45382837183746],[-123.05785758171821,46.45443656559928],[-123.05796695784997,46.454696311360294],[-123.05684580580676,46.45492436852626],[-123.05673643370626,46.454664621691336],[-123.05561527795246,46.45489266874575],[-123.05572464602162,46.45515241665449],[-123.05497720186386,46.45530444371904],[-123.05519593520746,46.4558239413109],[-123.05482220915067,46.45589995405278],[-123.05515031158595,46.4566792023711],[-123.05477658063734,46.45675521518263],[-123.05499531720747,46.457274715348625],[-123.05462158271085,46.45735072787184],[-123.05473095094234,46.457610478484185],[-123.05360973825944,46.45783851110224],[-123.05404720366028,46.458877518990384],[-123.053673459003,46.458953529286426],[-123.05378282615979,46.45921328190218],[-123.05340907929828,46.45928929155198],[-123.05362781350453,46.45980879784255],[-123.05325406309474,46.459884807203984],[-123.05336343014422,46.46014456087876],[-123.05298967753012,46.46022056959395],[-123.05309904409576,46.460480323741095],[-123.0519777770598,46.46070834493482],[-123.05208714045347,46.46096810027032],[-123.05021833813505,46.46134811729688],[-123.05032769566824,46.46160787453665],[-123.04958016603113,46.461759875032925],[-123.04968952173617,46.462019633103125],[-123.04856821679647,46.462247627388784],[-123.04845886512405,46.461987868244634],[-123.04771132688514,46.462139858697356],[-123.04760197876129,46.46188009895174],[-123.04722820969586,46.46195609231361],[-123.04711886377638,46.46169633232456],[-123.04674509519505,46.461772324324066],[-123.04663575147991,46.46151256409152],[-123.0462619833827,46.46158855472873],[-123.04615264187191,46.461328794252694],[-123.04428379520604,46.461708730583645],[-123.04417446127655,46.4614489684325],[-123.04342691927846,46.46160093521842],[-123.04331758889755,46.461341172465886],[-123.03995361943551,46.46202497006376],[-123.04006293771744,46.462284736037255],[-123.03968915768864,46.462360708883935],[-123.03990779414353,46.46288024189012],[-123.03953401056603,46.46295621444816],[-123.03964332873895,46.46321598148095],[-123.03926954295709,46.46329195339238],[-123.03992546198715,46.464850560142615],[-123.03955166727854,46.46492653319692],[-123.04053559177332,46.467264454280105],[-123.0409093985827,46.46718847800443],[-123.04112806062017,46.46770801656823],[-123.04150186925855,46.46763203857216],[-123.04161120291202,46.467891807668146],[-123.04198501203489,46.46781582830961],[-123.04209434789306,46.46807559716231],[-123.04246815750038,46.467999616441276],[-123.04257749556326,46.46825938505064],[-123.04332511488651,46.468107419879075],[-123.0434344564987,46.468367187887225],[-123.04380826621464,46.468291203436756],[-123.04391761003158,46.468550971201516],[-123.04541284567141,46.46824702192253],[-123.04552219572673,46.46850678836994],[-123.0462698110743,46.46835480698749],[-123.04648851914386,46.468874338794194],[-123.04611470921115,46.4689503307037],[-123.04633341803277,46.46946986368524],[-123.04670723065458,46.469393871059644],[-123.04747274804222,46.47121223760185],[-123.04709892600835,46.47128823273398],[-123.04775510925587,46.472846839250906],[-123.04588594584115,46.47322681058647],[-123.04599530600368,46.473486580531564],[-123.04412611435563,46.47386652854373],[-123.04423546865479,46.47412630039418],[-123.04348778328347,46.47427827328314],[-123.04359713575339,46.47453804596468],[-123.04322329043238,46.4746140312604],[-123.0431139393073,46.4743542582208],[-123.04161855479936,46.47465818792533],[-123.0417279005451,46.47491796239724],[-123.04135405092248,46.47499394266993],[-123.04146339618364,46.475253717614834],[-123.04071569166773,46.47540567586251],[-123.04082503509942,46.47566545163848],[-123.04045118020612,46.475741429613436],[-123.04056052315316,46.47600120586237],[-123.04018666605464,46.47607718319076],[-123.0402960085171,46.476336959912786],[-123.03992214921331,46.476412936594585],[-123.03981280809582,46.476153159514524],[-123.03906508959732,46.476305109148164],[-123.03895575203,46.476045331466906],[-123.03858189283532,46.476121304418605],[-123.03847255747324,46.47586152649432],[-123.03772483919306,46.47601346866772],[-123.03783417186519,46.476273247308185],[-123.03708644745409,46.476425186179085],[-123.03719577829645,46.47668496565058],[-123.03532644548991,46.477064797036164],[-123.03543577046729,46.47732457841289],[-123.03468802863316,46.47747650465031],[-123.03479735178051,46.47773628685812],[-123.03442347822809,46.477812248827846],[-123.03453280089053,46.47807203150877],[-123.03341117103678,46.47829991246364],[-123.03330185240975,46.478040128708656],[-123.03255409756339,46.478192043605546],[-123.0324447824868,46.47793225924957],[-123.03169702689027,46.478084169411545],[-123.0315877153641,46.47782438445461],[-123.03121383762085,46.47790033767048],[-123.03110452829995,46.477640552470625],[-123.03073065104178,46.47771650432374],[-123.03062134392614,46.47745671888099],[-123.03024746715307,46.47753266937143],[-123.03035677292353,46.47779245517218],[-123.02923513340845,46.47802030168887],[-123.02912583167358,46.47776051481418],[-123.02576087879457,46.47844399688542],[-123.02565159002695,46.478184206904245],[-123.02490381595143,46.47833608004047],[-123.02479453073433,46.478076289458556],[-123.02217730380032,46.478607811278906],[-123.02228657960008,46.47886760436627],[-123.0215387900465,46.479019459415966],[-123.02164806401534,46.47927925333435],[-123.02127416660339,46.47935517970983],[-123.02138344008664,46.47961497410124],[-123.02063563999236,46.47976682455359],[-123.02026173865545,46.479842748272496],[-123.02037100896224,46.48010254385281],[-123.01999710542005,46.48017846692476],[-123.0201063752412,46.48043826297817],[-123.01973246949368,46.48051418540318],[-123.01995100902457,46.4810337785716],[-123.01957709972623,46.481109700707535],[-123.01979564000547,46.481629295052784],[-123.01792606716074,46.4820088942382],[-123.01803533186234,46.482268693373264],[-123.01766141336829,46.48234461055358],[-123.01777067758414,46.4826044101619],[-123.01627498962736,46.48290807026547],[-123.01638424932051,46.48316787142073],[-123.01563639749196,46.48331969615871],[-123.01574565535357,46.48357949814513],[-123.0149977973945,46.48373131957917],[-123.01521631031427,46.484250925329675],[-123.01484237735362,46.484326835255025],[-123.01495163375748,46.484586638661234],[-123.0145776985913,46.484662547939585],[-123.01468695450917,46.484922351819066],[-123.01431301713745,46.48499826045037],[-123.0144222725694,46.48525806480322],[-123.01404833299208,46.48533397278735],[-123.01415758793803,46.48559377761355],[-123.01303576000993,46.485821496609844],[-123.01292650910136,46.485561690709986],[-123.01180467747271,46.48578939958756],[-123.01169543146145,46.485529592729456],[-123.01094754210197,46.485681392907026],[-123.01083829964213,46.48542158544865],[-123.00971646319267,46.48564927710384],[-123.00982570161491,46.48590908563586],[-123.0094517530665,46.48598498120205],[-123.00956099100254,46.48624479020738],[-123.00881308863482,46.48639657904049],[-123.00892232473875,46.486656388877044],[-123.00854837091943,46.486732282143834],[-123.00898531854817,46.48777152407673],[-123.00861135848531,46.48784741777002],[-123.00872059619574,46.48810722889993],[-123.00759870681098,46.4883349050229],[-123.0077079413431,46.48859471734205],[-123.00733397514938,46.48867060773071],[-123.00744320919519,46.488930420523346],[-123.00669527153659,46.489082199001196],[-123.00680450374993,46.48934201262516],[-123.0045606620653,46.48979732608352],[-123.00466988706165,46.49005714197027],[-123.00429590909259,46.490133024386616],[-123.00440513360245,46.4903928407469],[-123.00403115342756,46.490468722515914],[-123.0041403774509,46.49072853934976],[-123.00534189844691,46.49358653215747],[-123.0057158947765,46.493510646093696],[-123.00648056263525,46.495329373575366],[-123.00610655688149,46.49540526214475],[-123.00665276727246,46.49670435846662],[-123.007026779758,46.49662846810733],[-123.00724527262629,46.497148106730855],[-123.00761928694469,46.49707221465033],[-123.00772853601507,46.497332033777894],[-123.00810255081994,46.497256140334144],[-123.00864881580314,46.49855523591939],[-123.00827479426623,46.49863113115325],[-123.00838404849637,46.498890950975934],[-123.00801002475303,46.49896684556255],[-123.00822853310035,46.49948648627172],[-123.00785450580409,46.499562380569195],[-123.00796375992127,46.499822201455686],[-123.00758973041854,46.499898095105905],[-123.00813600717208,46.50119720306746],[-123.00851004340738,46.50112130762691],[-123.0090563483948,46.50242041669703],[-123.00943039050283,46.50234451846077],[-123.00953965542712,46.50260434026464],[-123.00991369802158,46.502528440664975],[-123.01024150199505,46.50330790569821],[-123.01061554776909,46.50323200401886],[-123.01083409074538,46.503751647238126],[-123.01120813835243,46.503675743837164],[-123.01142668746262,46.50419538680419],[-123.01254883320208,46.5039676684208],[-123.0130952412307,46.505266772496334],[-123.01272118677811,46.505342681420316],[-123.01304903787876,46.50612214633276],[-123.01342309637127,46.50604623633421],[-123.01353238313875,46.50630605784559],[-123.01390644211759,46.506230146483496],[-123.01423431162203,46.50700961063954],[-123.01498243507855,46.506857782750096],[-123.01509172932741,46.507117603651146],[-123.01658797130229,46.506813934375415],[-123.01669727179812,46.50707375395956],[-123.01707133148739,46.50699783376911],[-123.0171806341903,46.50725765311109],[-123.01830281213526,46.50702988543303],[-123.01841211973846,46.50728970381622],[-123.0191602367592,46.507137852954514],[-123.01926954791611,46.50739767073719],[-123.0196436064823,46.50732174344011],[-123.02008086510158,46.50836101429838],[-123.01970680114894,46.50843694302872],[-123.01981611660851,46.50869676139178],[-123.0194420504487,46.5087726894751],[-123.0195513654222,46.509032508312615],[-123.01917729705517,46.509108435749],[-123.01939592689058,46.509628074488994],[-123.02014406815073,46.509476217177706],[-123.02036270681519,46.509995854948926],[-123.0207367788477,46.509919924068605],[-123.02084610081755,46.510179742770035],[-123.0212201733361,46.51010381052606],[-123.02143882255105,46.510623447560626],[-123.02106474733912,46.51069938052139],[-123.02172070755992,46.51225829656332],[-123.02134662340697,46.512334230668955],[-123.02167461109663,46.51311369133363],[-123.02204869928987,46.51303775615282],[-123.02215803158799,46.51329757624836],[-123.02178394204796,46.513373511787655],[-123.02200260653291,46.51389315304433],[-123.02162851343853,46.513969088295084],[-123.02173784562532,46.51422890945622],[-123.02136375032333,46.51430484406003],[-123.02147308202407,46.51456466569581],[-123.0210989845145,46.51464059965265],[-123.02131764780454,46.51516024398992],[-123.02094354674047,46.51523617765822],[-123.02116221077986,46.515755823177585],[-123.0207881061612,46.51583175655725],[-123.02089743812519,46.51609157984985],[-123.02052333129883,46.516167512582605],[-123.02074199511529,46.51668716023357],[-123.02223842803124,46.516383420402526],[-123.02234776661841,46.51664324296869],[-123.02534060190443,46.516035712179026],[-123.02555930321147,46.516555351924566],[-123.02518519912013,46.516631297509186],[-123.02529454971817,46.516891117914895],[-123.02566865515635,46.51681517197178],[-123.02599671615683,46.51759463281136],[-123.02637082477467,46.5175186847873],[-123.02658953910695,46.51803832521147],[-123.02696364955759,46.51796237546497],[-123.02707300936214,46.51822219549308],[-123.02782123037413,46.518070292266714],[-123.02793059373347,46.518330111694],[-123.02830470429477,46.518254158214134],[-123.0286328035798,46.51903361611842],[-123.02900691732069,46.51895766055748],[-123.02922565717664,46.51947729902493],[-123.0295997727502,46.51940134174139],[-123.02981851874442,46.51992097995708],[-123.03019263615069,46.51984502095094],[-123.0303020117864,46.52010483987468],[-123.03292081894553,46.519573096170014],[-123.0330302048706,46.519832912699805],[-123.03340431808104,46.519756944933185],[-123.03395126735947,46.52105602753403],[-123.03432538644297,46.52098005696874],[-123.03443478022936,46.52123987347933],[-123.03480889979845,46.52116390154997],[-123.03513709036623,46.52194335070393],[-123.0347629667565,46.52201932370937],[-123.03520056085146,46.5230585923123],[-123.03482643099264,46.52313456574715],[-123.03504523051444,46.52365420146464],[-123.03541936306719,46.523578227312356],[-123.03552876546713,46.523838044986995],[-123.03665116199778,46.523610115421505],[-123.03676056930004,46.523869932136364],[-123.03713470110098,46.52379395324494],[-123.03724411061162,46.52405376971749],[-123.03761824289808,46.523977789461924],[-123.03783706719767,46.5244974220389],[-123.03821120131653,46.52442144006034],[-123.03875828387662,46.525720521746884],[-123.03838414302291,46.52579650551937],[-123.03849356077255,46.526056322564884],[-123.03811941771029,46.526132305690695],[-123.03866651264676,46.52743139445988],[-123.0390406624442,46.527355409540014],[-123.03969721288313,46.52891431775571],[-123.03932305500321,46.528990304828625],[-123.03965133781361,46.52976976158662],[-123.04002549973487,46.52969377343715],[-123.04035379434183,46.53047323016796],[-123.04072795944282,46.53039723993637],[-123.04094682951701,46.530916877622154],[-123.04057266172171,46.53099286857157],[-123.04090096925461,46.531772327051655],[-123.04127514109145,46.531696335025586],[-123.04149401978329,46.53221597387774],[-123.04186819345273,46.53213998012823],[-123.04197763543853,46.5323997993704],[-123.04272598288637,46.53224780813703],[-123.043273219215,46.533546902508235],[-123.04252485829504,46.533698897331114],[-123.04263430545188,46.53395871727332],[-123.04226012235183,46.53403471353543],[-123.04247901655663,46.53455435448791],[-123.04210482990018,46.53463035046235],[-123.04232372485794,46.535149992599706],[-123.04194953464496,46.53522598828656],[-123.04205898206939,46.535485809889344],[-123.04168478964719,46.53556180492964],[-123.04212258257452,46.53660109394424],[-123.04174838390101,46.53667708941487],[-123.04185783294027,46.53693691231949],[-123.04148363205745,46.53701290714353],[-123.04159308061124,46.53727273052394],[-123.0412188775191,46.53734872470139],[-123.04132832558739,46.537608548557635],[-123.03945729046075,46.53798850615579],[-123.0395667326537,46.53824833192385],[-123.03881830987474,46.53840030864169],[-123.03903719145633,46.53891996196436],[-123.03866297607901,46.53899594953283],[-123.03888185841315,46.53951560404104],[-123.03701075512258,46.5398955303884],[-123.03712019084462,46.54015535961281],[-123.03637174079999,46.54030732382999],[-123.03626230777317,46.54004749388764],[-123.03513963028523,46.540275431593855],[-123.03524905926912,46.54053526261319],[-123.03487483036847,46.54061124019618],[-123.03498425886653,46.54087107169147],[-123.03461002775639,46.54094704862776],[-123.03482888464269,46.541466712687196],[-123.03445464997532,46.54154268933569],[-123.03456407836352,46.541802521899896],[-123.03418984148658,46.54187849790164],[-123.0342992693889,46.542138330941846],[-123.03392503030237,46.54221430629689],[-123.03403445771882,46.54247413981308],[-123.03366021642267,46.542550114521326],[-123.03376964335318,46.5428099485136],[-123.03339539984745,46.54288592257507],[-123.0332859742647,46.54262608822385],[-123.03253748736326,46.54277803261172],[-123.03242806533792,46.54251819765953],[-123.03167957768478,46.54267013730642],[-123.0314607416107,46.54215046631741],[-123.03108649918707,46.54222643391427],[-123.03086766925563,46.54170676267558],[-123.03011918721428,46.54185869341627],[-123.03000977623675,46.54159885725459],[-123.02589307822406,46.5424344004676],[-123.02578368293457,46.542174560475026],[-123.02503518388122,46.542326463629756],[-123.02492579214912,46.542066623036455],[-123.02268028239867,46.54252230620821],[-123.02257089961576,46.542262463578766],[-123.01995110847658,46.542794045668806],[-123.01984173599111,46.5425342006446],[-123.01946747801618,46.542610136560995],[-123.01957684915364,46.54286998194395],[-123.01882832792339,46.543021851476816],[-123.01893769722616,46.54328169769463],[-123.01856343397084,46.54335763131104],[-123.01867280278698,46.54361747800483],[-123.01829853732211,46.54369341097424],[-123.01840790565164,46.54395325814405],[-123.01728510004408,46.54418105209337],[-123.01739446519068,46.5444409004569],[-123.01702019358383,46.54451683012035],[-123.01691082978537,46.54425698139808],[-123.01653655866524,46.54433290969688],[-123.01642719707633,46.544073060733],[-123.01605292644295,46.54414898766703],[-123.01594356706359,46.543889138461516],[-123.01556929691698,46.54396506403091],[-123.01545993974713,46.54370521458383],[-123.01508567008732,46.54378113878851],[-123.01497631512696,46.54352128909988],[-123.01460204595394,46.54359721193985],[-123.0144926932031,46.543337362009645],[-123.01411842451688,46.54341328348495],[-123.01400907397552,46.543153433313186],[-123.01363480577615,46.543229353423826],[-123.01352545744422,46.54296950301051],[-123.01315118973174,46.54304542175655],[-123.01326053671549,46.543305272528556],[-123.01288626679357,46.5433811906274],[-123.01299561329044,46.54364104187546],[-123.01224706816637,46.54379287577287],[-123.01235641282813,46.54405272785563],[-123.01085930685187,46.54435638501435],[-123.01096864698196,46.54461623864938],[-123.00984580441182,46.54484397203227],[-123.00973646832655,46.544584117320994],[-123.00936218709568,46.5446600260779],[-123.00925285321992,46.54440017112519],[-123.0077557250776,46.544703794658524],[-123.00764639745624,46.54444393838817],[-123.00689783091472,46.54459574340161],[-123.00678850685117,46.54433588653119],[-123.00603993956175,46.54448768680333],[-123.005930619056,46.54422782933276],[-123.00555633546799,46.54430372760123],[-123.00544701717168,46.54404386988927],[-123.0050727340709,46.54411976679304],[-123.004963417984,46.54385990883978],[-123.00458913537052,46.54393580437886],[-123.00447982149306,46.54367594618419],[-123.00410553936683,46.5437518403586],[-123.00399622769876,46.543491981922614],[-123.00362194605988,46.543567874732396],[-123.00351263660117,46.54330801605504],[-123.00313835544964,46.54338390750024],[-123.00302904820026,46.5431240485815],[-123.00265476753609,46.54319993866207],[-123.00254546249606,46.54294007950199],[-123.00179690128145,46.54309185592786],[-123.00168759979911,46.54283199616791],[-123.00131331924875,46.54290788251324],[-123.00120401997573,46.542648022511855],[-123.00082973991277,46.54272390749264],[-123.00072044284904,46.54246404724997],[-122.99997188283717,46.54261581347631],[-122.99986258933106,46.54235595263372],[-122.9991140285724,46.54250771411886],[-122.99900473862394,46.54224785267643],[-122.9982561771186,46.54239960942046],[-122.99814689072778,46.542139747378144],[-122.99664976278082,46.54244324735976],[-122.99654048264448,46.542183384000616],[-122.99616619985416,46.542259256122406],[-122.99605692192702,46.54199939252198],[-122.99568263962436,46.542075263279216],[-122.9955733639064,46.5418153994376],[-122.99519908209145,46.54189126883026],[-122.99508980858268,46.541631404747434],[-122.99471552725541,46.5417072727756],[-122.9946062559558,46.541447408451475],[-122.99423197511625,46.541523275115146],[-122.99412270602576,46.541263410549824],[-122.99374842567399,46.54133927584893],[-122.99363915879262,46.54107941104245],[-122.99326487892858,46.541155274977044],[-122.99315561425632,46.54089540992933],[-122.99278133488008,46.54097127249943],[-122.9926720724169,46.54071140721054],[-122.99229779352845,46.54078726841611],[-122.99218853327434,46.54052740288602],[-122.99106569549065,46.54075497939121],[-122.99095644014251,46.54049511290304],[-122.9872136050782,46.54125363227616],[-122.98710436407569,46.540993762321],[-122.98298716095293,46.54182801348738],[-122.98309638712077,46.5420878873849],[-122.98272208941663,46.542163722721874],[-122.98283131509619,46.542423597095194],[-122.98245701518296,46.54249943178439],[-122.98256624037427,46.5427593066335],[-122.98219193825194,46.54283514067496],[-122.98197349142717,46.54231539037723],[-122.98122488999621,46.542467054008135],[-122.98111567057181,46.542207178318776],[-122.9807413699145,46.542283008266665],[-122.98063215269913,46.54202313233625],[-122.97988355150099,46.5421747884969],[-122.97955591310904,46.541395159260304],[-122.97918161526563,46.5414709847564],[-122.97896319666981,46.54095123180243],[-122.97858890066357,46.541027055575704],[-122.97847969400472,46.54076717891647],[-122.97810539848693,46.54084300132538],[-122.97788699044735,46.54032324764252],[-122.97751269676672,46.54039906832867],[-122.97740349538594,46.54013919130505],[-122.97702920219383,46.54021501062678],[-122.97692000302193,46.53995513336227],[-122.9757971223307,46.540182584215735],[-122.97568792806504,46.53992270599382],[-122.97531363412973,46.53999852057451],[-122.97520444207294,46.539738642111686],[-122.97483014862622,46.5398144553279],[-122.97472095877824,46.539554576624234],[-122.97434666582014,46.53963038847602],[-122.97423747818097,46.539370509531494],[-122.97386318571151,46.53944632001895],[-122.97375400028113,46.53918644083366],[-122.97337970830033,46.5392622499567],[-122.97327052507873,46.53900237053047],[-122.97289623358658,46.5390781782892],[-122.97278705257374,46.538818298622154],[-122.97241276157031,46.538894105016546],[-122.97175770164549,46.53733482732985],[-122.97138341787428,46.53741063056886],[-122.97127424557873,46.53715075100701],[-122.97089996229626,46.53722655288174],[-122.97024495467309,46.535667275825446],[-122.97061922986359,46.53559147609961],[-122.97051006358734,46.535331597358976],[-122.97013578974547,46.53540739672667],[-122.9696991386335,46.534367881504444],[-122.96932486932621,46.534443678433576],[-122.96899739406611,46.533664042173946],[-122.9686231279448,46.53373983702263],[-122.96840481810078,46.53322007938637],[-122.96803055381686,46.533295872512824],[-122.96770309954464,46.53251623586342],[-122.96732883844669,46.53259202690966],[-122.96667396120536,46.531032754627475],[-122.96629970733898,46.53110854251937],[-122.96608142449948,46.53058878531354],[-122.96570717247047,46.53066457148331],[-122.96559803368868,46.53040469269814],[-122.96522378214857,46.53048047750383],[-122.96500550986073,46.52996071956907],[-122.96463126015807,46.530036502652734],[-122.9643038622185,46.529256865555375],[-122.96392961570177,46.529332646559055],[-122.96371135740335,46.52881288836394],[-122.9633371127241,46.52888866764564],[-122.96311886056064,46.5283689092032],[-122.96274461771883,46.52844468676297],[-122.96241724996503,46.52766504890403],[-122.96204301030917,46.52774082438392],[-122.96160653739659,46.52670130744663],[-122.9612323022751,46.526777080488806],[-122.961014073672,46.52625732200699],[-122.96063984038801,46.52633309332734],[-122.96053072872392,46.5260732139042],[-122.96015649592897,46.52614898386064],[-122.96004738647265,46.52588910419666],[-122.95967315416682,46.52596487278925],[-122.95978226227471,46.52622475281111],[-122.95940802776111,46.5263005207555],[-122.95951713537988,46.52656040125228],[-122.95914289865853,46.52663616854849],[-122.95925200578813,46.52689604952023],[-122.95887776685898,46.526971816168356],[-122.95898687349944,46.52723169761507],[-122.95861263236246,46.52730746361496],[-122.95872173851374,46.52756734553674],[-122.95834749516895,46.52764311088837],[-122.95845660083104,46.527902993285146],[-122.95359134162194,46.5288878559544],[-122.95370043061156,46.52914774312061],[-122.95257765381845,46.5293749960479],[-122.95268673962121,46.52963488440481],[-122.95231247762308,46.52971063372612],[-122.95242156293637,46.52997052255808],[-122.94418755193972,46.53163676093454],[-122.9440784963007,46.531376864230914],[-122.94108421818808,46.53198264548589],[-122.9411932630353,46.532242545051474],[-122.93894751028073,46.532696840875694],[-122.9388384735278,46.53243693916369],[-122.93696699602464,46.53281548955536],[-122.93718505689837,46.533335296673904],[-122.93755935681499,46.533259587892786],[-122.93766838988927,46.533519491270575],[-122.93804269029611,46.53344378112544],[-122.9386969148738,46.535003201713195],[-122.93832260637198,46.53507891400471],[-122.93843164545868,46.535338818205055],[-122.93805733474873,46.53541452984807],[-122.93816637334517,46.53567443452368],[-122.93779206042706,46.535750145518016],[-122.93790109853323,46.53601005066893],[-122.93602951431234,46.536388592334134],[-122.93613854653118,46.536648499391376],[-122.93576422576092,46.536724205062995],[-122.93587325748936,46.536984112595604],[-122.93549893451087,46.53705981761859],[-122.93560796574894,46.53731972562652],[-122.93373633122624,46.53769823743425],[-122.93384535657641,46.53795814734847],[-122.93272236150794,46.53818524342923],[-122.9328313836688,46.53844515453438],[-122.93245704891213,46.538520851572834],[-122.93256607058241,46.538780763153355],[-122.93219173361746,46.538856459543105],[-122.93230075479715,46.53911637159903],[-122.93192641562386,46.539192067340075],[-122.93203543631299,46.539451979871444],[-122.9316610949313,46.53952767496371],[-122.93177011512984,46.539787587970594],[-122.9306470817831,46.5400146682819],[-122.93075609879195,46.54027458247966],[-122.93000740290077,46.54042596503693],[-122.929898388591,46.540166050123766],[-122.92840099190083,46.54046880172948],[-122.92851000081228,46.54072871807363],[-122.9281356481431,46.540804403816495],[-122.92835366584323,46.541324237573484],[-122.92797930961602,46.54139992302528],[-122.92808831840468,46.5416598404382],[-122.92771395996901,46.54173552524122],[-122.9284770360896,46.54355495293464],[-122.92623081075271,46.54400905564019],[-122.9261218054002,46.543749134898285],[-122.92574743285452,46.54382481480182],[-122.92563842971059,46.54356489382001],[-122.92488968474237,46.54371624989196],[-122.92478068515678,46.5434563283126],[-122.92403193945297,46.54360767964274],[-122.92392294342575,46.54334775746588],[-122.92130231586067,46.54387745290973],[-122.92141130243914,46.54413737759044],[-122.921036922288,46.54421304469944],[-122.92114590837528,46.544472969855725],[-122.92077152601559,46.54454863631571],[-122.92088051161167,46.5448085619477],[-122.91900858018329,46.5451868809367],[-122.91911755988842,46.54544680847499],[-122.91836877860645,46.5455981297394],[-122.91847775647032,46.545858058111044],[-122.91810336319135,46.54593371759092],[-122.91821234056388,46.546193646438226],[-122.91634035453934,46.5465719305259],[-122.91644932602036,46.5468318612796],[-122.91158204434916,46.54781528677267],[-122.91169099913706,46.54807522229379],[-122.91094217099362,46.54822650413773],[-122.91083321890613,46.547966567901355],[-122.90933555771815,46.54826911807768],[-122.90922661189008,46.54800918052899],[-122.90735452284109,46.54838734380906],[-122.90746346191777,46.548647283145684],[-122.90634019413642,46.54887417010501],[-122.90644913002059,46.54913411063256],[-122.90607470435967,46.549209737962975],[-122.90618363975187,46.54946967896629],[-122.9058092118822,46.5495453056475],[-122.90591814678245,46.54980524712665],[-122.90516928576713,46.54995649818368],[-122.905278218825,46.55021644049618],[-122.90490378567935,46.5502920648721],[-122.90501271824523,46.5505520076604],[-122.90463828289076,46.55062763138703],[-122.90485614789684,46.55114751803363],[-122.90448170898308,46.55122314146854],[-122.90459064142327,46.551483085326886],[-122.90384175831959,46.5516343298914],[-122.90395068891723,46.55189427458313],[-122.9035762447273,46.55196989571268],[-122.90368517483283,46.55222984088032],[-122.90143848356395,46.5526835486585],[-122.90122064041772,46.552163654150526],[-122.90084619156977,46.552239267874285],[-122.90051943733958,46.551459425927106],[-122.90014499168497,46.55153503757132],[-122.90003607667539,46.55127509013467],[-122.89966163151303,46.55135070041448],[-122.89955271871229,46.55109075273865],[-122.89917827404221,46.55116636165401],[-122.89906936345028,46.5509064137389],[-122.8986949192725,46.55098202128986],[-122.89858601088935,46.550722073135624],[-122.8982115672039,46.55079767932212],[-122.8981026610295,46.550537730928696],[-122.89772821783643,46.550613335750796],[-122.89751041076333,46.550093438603795],[-122.89713596941316,46.550169041704045],[-122.89702706851443,46.54990909295047],[-122.89665262765662,46.54998469468644],[-122.8965437289666,46.549724745693645],[-122.8961692886012,46.54980034606515],[-122.89606039211985,46.54954039683327],[-122.8949370699266,46.54976719083405],[-122.89504596235626,46.55002714113834],[-122.89467151855841,46.55010273748225],[-122.89478041049557,46.55036268826228],[-122.89440596448901,46.55043828395677],[-122.89462374823646,46.550958186586826],[-122.89424929867054,46.55103378198926],[-122.89468487106033,46.552073590099425],[-122.89431041523366,46.552149185924804],[-122.89441930912575,46.55240913860581],[-122.89404485109027,46.552484733781704],[-122.89415374448984,46.55274468693857],[-122.89377928424548,46.552820281465046],[-122.89388817715246,46.553080235097724],[-122.8931392513879,46.5532314218448],[-122.89324814245155,46.55349137631092],[-122.89212474331643,46.553718149951635],[-122.8922336311859,46.553978105608635],[-122.8911102202753,46.55420487125892],[-122.89100133645826,46.553944914529495],[-122.88987792187724,46.55417167004428],[-122.88976904297078,46.55391171236097],[-122.88789667492891,46.55428961629146],[-122.88778780363477,46.5540296569394],[-122.88703885311365,46.554180810747546],[-122.88692998537928,46.5539208507991],[-122.88655551018266,46.5539964258352],[-122.88644664465714,46.55373646564783],[-122.88607216995345,46.55381203931952],[-122.8859633066368,46.55355207889322],[-122.88558883242604,46.553627651200436],[-122.88547997131822,46.55336769053521],[-122.88473102302474,46.5535188314138],[-122.88462216547663,46.55325887015227],[-122.88424769139395,46.553334438723624],[-122.88413883605465,46.553074477223205],[-122.88376436246499,46.55315004443017],[-122.8838732164534,46.553410006287926],[-122.88237530811246,46.553712266474605],[-122.88248415755496,46.5539722298804],[-122.88136071323895,46.55419891551834],[-122.88146955948633,46.55445888011475],[-122.87959712838149,46.55483667115655],[-122.8797059687315,46.555096637658316],[-122.87895698758282,46.55524774774005],[-122.87906582608848,46.55550771507505],[-122.87869133287637,46.5555832689626],[-122.87880017088871,46.55584323677357],[-122.8784256754677,46.55591879001133],[-122.87831683880648,46.55565882184302],[-122.87794234387881,46.555734373716355],[-122.8778335094265,46.555474405309354],[-122.8770845197001,46.5556255053199],[-122.87697568880778,46.55536553631677],[-122.87510320623733,46.555743266931806],[-122.87499438295849,46.555483296260725],[-122.87461988522247,46.55555883900503],[-122.87451106415247,46.55529886809531],[-122.87338756985207,46.55552548921328],[-122.87349638686852,46.55578546119486],[-122.87274738367762,46.555936537619004],[-122.87285619884928,46.556196510433836],[-122.87248169461617,46.55627204749243],[-122.87259050929421,46.556532020783166],[-122.87221600285221,46.55660755719192],[-122.87210718952544,46.55634758354387],[-122.87173268357706,46.55642311858808],[-122.8718414955526,46.556683092593396],[-122.87146698739535,46.55675862698777],[-122.8715757988772,46.55701860146903],[-122.87120128851107,46.55709413521353],[-122.87141891134502,46.55761408524681],[-122.87104439741864,46.55768961869858],[-122.87147964797283,46.55872952161916],[-122.87110512778342,46.55880505549295],[-122.87121394121473,46.55906503187721],[-122.87009037144644,46.55929162852706],[-122.87019918168119,46.55955160610213],[-122.86982465535839,46.55962713666154],[-122.87004227569798,46.560147092882616],[-122.86966774581465,46.56022262314937],[-122.86977655591949,46.56048260179539],[-122.86865295706919,46.560709187624155],[-122.8687617639772,46.56096916746095],[-122.86801269108582,46.5611202203583],[-122.86790388688082,46.56086023980691],[-122.86752935050022,46.56093576438736],[-122.86742054850436,46.56067578359758],[-122.8666714758734,46.56082682902204],[-122.86656267743818,46.56056684763649],[-122.86581360408,46.56071788831726],[-122.8657048092054,46.56045790633597],[-122.86495573512012,46.560608942273014],[-122.86484694380616,46.56034895969608],[-122.86409786899391,46.56049999088947],[-122.86420665760475,46.5607599741809],[-122.86158485928989,46.561288554127884],[-122.86147608014033,46.56102856833578],[-122.86110153544571,46.5611040753702],[-122.86131909189899,46.561624047787845],[-122.86094454364363,46.561699554529405],[-122.86105332180473,46.56195954127381],[-122.85805689408103,46.56256356179914],[-122.85794812673367,46.56230357219699],[-122.8568244562456,46.562530062200715],[-122.85671569381091,46.56227007164593],[-122.85559201966215,46.5624965515115],[-122.85548326214014,46.56223656000419],[-122.85510870372774,46.56231205092075],[-122.85521745989794,46.56257204278524],[-122.85484289927642,46.56264753305157],[-122.85495165495209,46.56290752539224],[-122.8530788322261,46.563284963398395],[-122.85318758199978,46.563544957643906],[-122.85131473108282,46.563922372250055],[-122.85120598806873,46.56366237621875],[-122.85083141666559,46.56373785576052],[-122.85072267586061,46.56347785949112],[-122.84997353318663,46.56362881483799],[-122.84986479594272,46.56336881797337],[-122.84799193101716,46.563746186924185],[-122.84788320139027,46.563486188393135],[-122.84750862718575,46.5635616588038],[-122.84729117320725,46.56304166138479],[-122.84691660084961,46.563117130073735],[-122.84680787649799,46.56285713118578],[-122.84605873191545,46.56300806482716],[-122.84595001112486,46.56274806534408],[-122.84520086581814,46.56289899424138],[-122.84530958390475,46.563158994438545],[-122.84381127759899,46.56346084157151],[-122.84391999113441,46.563720843316055],[-122.84279624835038,46.56394721915811],[-122.84268753887116,46.56368721634242],[-122.84231295758127,46.56376267258439],[-122.84220425031111,46.56350266953082],[-122.84182966951636,46.5635781244082],[-122.84172096445525,46.56331812111674],[-122.84134638415564,46.56339357462956],[-122.84123768130354,46.563133571100224],[-122.8408631014991,46.56320902324849],[-122.84075440085601,46.56294901948126],[-122.84037982154678,46.56302447026499],[-122.84005372881509,46.56224445860687],[-122.83967915270527,46.56231990731209],[-122.83957045819383,46.562059903307365],[-122.83919588257923,46.56213535064811],[-122.83908719027673,46.56187534640542],[-122.83796346234826,46.56210168131164],[-122.83785477495884,46.561841676117176],[-122.83598188470295,46.56221887902549],[-122.83587320493088,46.5619588721654],[-122.83474946455286,46.562185180749104],[-122.83464078969399,46.56192517293734],[-122.8342662092067,46.562000606759895],[-122.83415753655669,46.56174059871031],[-122.83340837571646,46.56189146261899],[-122.83329970662746,46.561631453974705],[-122.83255054506496,46.56178231313933],[-122.83265921144958,46.56204232249735],[-122.83191004375612,46.56219317834544],[-122.83201870829298,46.562453188536395],[-122.82902199243674,46.56305657448049],[-122.82913064701206,46.56331658764567],[-122.82838145677752,46.56346742476948],[-122.82849010950471,46.5637274387676],[-122.82811551175028,46.56380285617493],[-122.82800686037541,46.56354284181985],[-122.82688306602985,46.56376908692544],[-122.82699171334761,46.564029102351085],[-122.82661711216697,46.56410451572786],[-122.82672575898889,46.56436453162954],[-122.82597655135324,46.564515356073876],[-122.82608519632684,46.564775372808626],[-122.8257105898718,46.5648507838761],[-122.82560194625061,46.56459076678452],[-122.82522734029152,46.56466617648751],[-122.82501005832354,46.5641461419485],[-122.8253846615778,46.564070732959195],[-122.82527602052612,46.563810716225376],[-122.82490141862428,46.56388612485785],[-122.82446686839182,46.56284605768805],[-122.82409227104314,46.56292146388561],[-122.82398363697851,46.56266144703443],[-122.82360904012579,46.56273685186754],[-122.82339177727052,46.562216817809315],[-122.82376637141849,46.56214141368979],[-122.82354910928402,46.561621380822075],[-122.82392369987089,46.56154597640855],[-122.82305467476863,46.559465852559384],[-122.82268009500022,46.55954125411884],[-122.82257147206819,46.55928123881713],[-122.82219689279574,46.559356639012215],[-122.82208827207226,46.55909662347293],[-122.82171369329583,46.55917202230369],[-122.8216050747809,46.558912006526896],[-122.82123049650049,46.55898740399333],[-122.82112188019406,46.558727387978884],[-122.8207473024097,46.55880278408097],[-122.82063868831175,46.55854276782899],[-122.82026411102346,46.558618162566795],[-122.820155499134,46.558358146077225],[-122.81978092234182,46.558433539450725],[-122.81967231266081,46.55817352272364],[-122.8192977363647,46.558248914732864],[-122.81918912889218,46.55798889776817],[-122.81881455309218,46.55806428841313],[-122.81870594782808,46.55780427121089],[-122.81833137252426,46.55787966049153],[-122.81822276946858,46.55761964305175],[-122.8178481946609,46.557695030968105],[-122.81752239468729,46.55691497829362],[-122.81714782308033,46.55699036413243],[-122.81682203486821,46.55621031145992],[-122.81607289719976,46.556361077975],[-122.81618148970989,46.55662109612667],[-122.81580691823935,46.55669647822941],[-122.8159155102532,46.556956496856806],[-122.81516636203945,46.55710725875268],[-122.81527495220477,46.557367278212425],[-122.81452579786229,46.55751803679108],[-122.81463438617892,46.5577780570832],[-122.81163772375028,46.55838105394508],[-122.8117463021038,46.55864107720924],[-122.81137171409591,46.55871644763911],[-122.8109374112272,46.55767635387135],[-122.81131199382538,46.55760098486781],[-122.81098627160375,46.55682091686305],[-122.81061169306275,46.55689628479687],[-122.81050312205305,46.556636262010365],[-122.81012854400855,46.55671162858001],[-122.80926001756025,46.554631447724574],[-122.80888544947878,46.55470681043432],[-122.80823409869954,46.553146677656095],[-122.80860865866724,46.55307131708536],[-122.80850010184685,46.55281129572883],[-122.80887465960656,46.552735934506984],[-122.80876610228961,46.552475913625976],[-122.80914065784138,46.552400551753],[-122.80892354307018,46.55188051106109],[-122.8092980950618,46.55180514889347],[-122.80897242526616,46.55102508981762],[-122.80859787733114,46.55110045091589],[-122.80838077111683,46.550580411414046],[-122.80763167808853,46.55073112916213],[-122.8075231289692,46.5504711088768],[-122.80490128588347,46.550998586761246],[-122.80479274708526,46.550738564100016],[-122.80441819600294,46.55081391369677],[-122.80430965941251,46.55055389079815],[-122.80393510882688,46.55062923903086],[-122.80382657444422,46.55036921589489],[-122.80345202435532,46.55044456276366],[-122.80323496086102,46.54992451613588],[-122.8028604126211,46.54999986128428],[-122.80275188350943,46.54973983779259],[-122.80237733576628,46.549815181577046],[-122.80226880886231,46.54955515784793],[-122.80189426161594,46.5496305002684],[-122.80178573691967,46.549370476302016],[-122.8014111901701,46.54944581735854],[-122.80130266768148,46.54918579315475],[-122.80017902635701,46.549411809209744],[-122.80007050878058,46.54915178405591],[-122.79969596131389,46.549227120369395],[-122.79937041777356,46.54844704455309],[-122.79899587350832,46.54852237879001],[-122.7982363113163,46.546702203555284],[-122.79786177566127,46.54677753429066],[-122.79742776434772,46.54573743534827],[-122.79705323324623,46.54581276365105],[-122.79672773779734,46.545032689624186],[-122.79635320989715,46.54510801585069],[-122.7962447144767,46.54484799105666],[-122.79587018707349,46.54492331591944],[-122.79576169386037,46.544663290888096],[-122.79538716695413,46.54473861438708],[-122.79527867594832,46.54447858911839],[-122.79452962227482,46.54462923238123],[-122.79442113482844,46.5443692065191],[-122.79367208043888,46.544519845039275],[-122.79356359655195,46.54425981858372],[-122.79244001261112,46.54448576773865],[-122.79233153363583,46.5442257403334],[-122.79045888339486,46.54460230032568],[-122.79035041203565,46.544342271258635],[-122.78922681568791,46.54456819409436],[-122.78911834924043,46.5443081640779],[-122.78874381676687,46.54438346931846],[-122.7886353525266,46.54412343906478],[-122.78788628771922,46.54427404581084],[-122.78777782703837,46.54401401496392],[-122.7874032947046,46.544089316469424],[-122.78702876151593,46.54416461696726],[-122.78713721949221,46.54442464852644],[-122.78563907277957,46.54472584186597],[-122.78574752620142,46.544985874968454],[-122.78424936040169,46.54528705361006],[-122.78414091238926,46.545027019083285],[-122.78339182706515,46.54517760164593],[-122.78328338261231,46.544917566525996],[-122.78215975227236,46.545143431744364],[-122.78205131273151,46.54488339567525],[-122.78167676892775,46.54495868170998],[-122.78156833159406,46.54469864540387],[-122.78119378828796,46.54477393007485],[-122.78108535316143,46.54451389353167],[-122.78071081035303,46.544589176839025],[-122.78060237743361,46.54432914005882],[-122.7802278351229,46.54440442200242],[-122.78011940441061,46.54414438498522],[-122.77974486259762,46.54421966556511],[-122.77963643409247,46.54395962831088],[-122.77926189277723,46.544034907527134],[-122.77915346647912,46.5437748700359],[-122.77877892566165,46.543850147888506],[-122.77888735060735,46.54411018573567],[-122.7785128075828,46.544185462936575],[-122.77862123203069,46.54444550125872],[-122.77824668679906,46.54452077780796],[-122.77835511074916,46.544780816605154],[-122.77648236500916,46.54515718601537],[-122.77637394782155,46.54489714543821],[-122.77450118747913,46.545273487875576],[-122.77460959790406,46.5455335302326],[-122.77348592738615,46.54575932467016],[-122.77359433460788,46.54601936821414],[-122.77284521395136,46.546169893512285],[-122.77295361932238,46.546429937887254],[-122.7725790563597,46.54650519938068],[-122.77279586696008,46.54702528919997],[-122.77204673306045,46.54717581058724],[-122.77215513693712,46.547435856387516],[-122.77140599691398,46.54758637445562],[-122.77151439893976,46.54784642108694],[-122.77076525279307,46.54799693583572],[-122.77087365296792,46.548256983298145],[-122.76974992328077,46.54848274893069],[-122.76964152716423,46.54822270040036],[-122.76439737254891,46.5492761484363],[-122.76450574972571,46.549536201949564],[-122.76338197646216,46.5497619161816],[-122.76349035043454,46.55002197088189],[-122.76274116128114,46.55017244270898],[-122.76284953340193,46.55043249824029],[-122.76247493619076,46.55050773299784],[-122.76258330781292,46.55076778900439],[-122.76220870839435,46.550843023110005],[-122.76231707951786,46.55110307959176],[-122.76156787541171,46.55125354549091],[-122.76167624468351,46.55151360280382],[-122.76130163999588,46.55158883459746],[-122.76141000876895,46.551848892385586],[-122.7602861855208,46.55207458278636],[-122.760394551089,46.552334641761654],[-122.75814687340738,46.552785997483724],[-122.75803851595798,46.55252593637315],[-122.75691466964376,46.55275159955891],[-122.75680631710811,46.552491537500146],[-122.75493322959903,46.552867620870764],[-122.75482488468359,46.5526075571522],[-122.7529517825859,46.552983613543546],[-122.75306012073514,46.55324367904124],[-122.75268549639989,46.55331888765121],[-122.75279383404995,46.55357895362426],[-122.75204458011044,46.55372936853188],[-122.75226125255986,46.55424950225964],[-122.75188662160224,46.55432470891299],[-122.75210329476157,46.55484484383047],[-122.75172866024312,46.55492005018749],[-122.75183699675065,46.55518011818138],[-122.75108772244452,46.55533052858291],[-122.75119605709945,46.55559059740793],[-122.75007213517395,46.55581620651709],[-122.74996380457925,46.555556136624546],[-122.74846523546795,46.55585693323364],[-122.74835691114112,46.55559686203739],[-122.74685833377833,46.55589764109364],[-122.74664169851467,46.5553774962135],[-122.74589241012298,46.555527878269885],[-122.74567578368928,46.555007732445006],[-122.74492649729557,46.555158109045905],[-122.74481818806665,46.55489803560137],[-122.74444354494233,46.55497322203387],[-122.74433523792088,46.55471314835318],[-122.74321130748483,46.55493870053469],[-122.74331961044577,46.555198775282584],[-122.7429449639057,46.55527395768261],[-122.74283666229829,46.555013882578955],[-122.74171272161534,46.55523942266298],[-122.74160442492247,46.55497934661182],[-122.74085512957157,46.555129700915735],[-122.74074683643964,46.5548696242727],[-122.7399975403805,46.55501997383262],[-122.73988925080958,46.554759896597865],[-122.73913995404229,46.55491024141376],[-122.73903166803231,46.55465016358723],[-122.73865701972159,46.55472533412735],[-122.73854873591898,46.554465256064766],[-122.73742478992494,46.55469076056897],[-122.7373165110369,46.55443068155909],[-122.73694186201834,46.55450584735515],[-122.73683358533762,46.55424576810924],[-122.73608428744662,46.554396095965664],[-122.73597601432681,46.554136016128034],[-122.73560136545437,46.554211178188346],[-122.7354930945419,46.55395109811474],[-122.73511844616941,46.55402625881124],[-122.73490190961265,46.553506098311715],[-122.73452726309377,46.55358125728883],[-122.73431073265878,46.55306109655655],[-122.73393608799347,46.553136253814316],[-122.73382782541002,46.55287617327203],[-122.73345318124474,46.552951329166],[-122.73334492086846,46.552691248387674],[-122.7329702772032,46.55276640291793],[-122.73286201903412,46.552506321903685],[-122.73136344125206,46.55280692852067],[-122.73125518935099,46.55254684620371],[-122.72900730519457,46.55299772375044],[-122.72911554897362,46.55325780820068],[-122.72874089727335,46.55333295128533],[-122.72884914055214,46.55359303621072],[-122.72847448664471,46.55366817864267],[-122.72858272942327,46.5539282640433],[-122.72820807330862,46.554003405822584],[-122.72831631558685,46.55426349169842],[-122.72606835285397,46.55471432333455],[-122.72596011869841,46.55445423532556],[-122.72221345940974,46.55520553717037],[-122.72210523964614,46.554945445726084],[-122.72060655745292,46.55524593681035],[-122.72071477180083,46.55550602967658],[-122.71921607053933,46.55580650604988],[-122.71932428032464,46.55606660045777],[-122.71782555999512,46.55636706211979],[-122.71771735562584,46.556106966290095],[-122.7162186270609,46.55640741039698],[-122.71632682601397,46.55666750764846],[-122.71445338934083,46.55704304187128],[-122.71466977626551,46.557563240288104],[-122.71429508366313,46.55763834481848],[-122.7147278623339,46.55867874451273],[-122.7143531634617,46.558753849456394],[-122.71446135890817,46.559013950035244],[-122.71408665782855,46.55908905432595],[-122.714194852774,46.5593491553802],[-122.71344544534678,46.55949936164728],[-122.71355363843695,46.55975946353241],[-122.71242951683448,46.55998476643621],[-122.71253770671505,46.56024486950759],[-122.71216299645359,46.560319968814106],[-122.71227118583305,46.56058007236094],[-122.71152176004202,46.560730268659476],[-122.711629947566,46.560990373037306],[-122.71013108032874,46.561290754954705],[-122.71002289822214,46.56103064915517],[-122.70739985719243,46.5615562761963],[-122.70750802981817,46.561816384483755],[-122.70451020662199,46.56241704343539],[-122.70440204483204,46.56215693230479],[-122.70402731444844,46.562232009780054],[-122.70391915486601,46.56197189841418],[-122.70354442498396,46.56204697452548],[-122.70343626760902,46.56178686292441],[-122.7030615382285,46.5618619376718],[-122.70295338306104,46.56160182583551],[-122.7025786541821,46.561676899219016],[-122.70247050122211,46.56141678714745],[-122.70209577284479,46.561491859167106],[-122.70198762209219,46.561231746860315],[-122.70161289421647,46.56130681751609],[-122.70150474567131,46.56104670497405],[-122.70113001829723,46.561121774265956],[-122.70102187195947,46.560861661488744],[-122.70064714508705,46.560936729416746],[-122.70053900095668,46.560676616404365],[-122.70016427458594,46.560751682968565],[-122.70005613266294,46.56049156972082],[-122.69968140679387,46.56056663492118],[-122.69957326707822,46.560306521438356],[-122.69919854171089,46.56038158527483],[-122.69844159706079,46.55856079177015],[-122.69431966603821,46.55938640005279],[-122.69442778353013,46.55964651695802],[-122.6929288685239,46.55994670931608],[-122.69303698145,46.56020682776226],[-122.69266224921228,46.56028187368551],[-122.6925541376408,46.560021754884126],[-122.69142993987592,46.56024688553672],[-122.69132183322098,46.55998676578986],[-122.68907342280016,46.56043699773178],[-122.68896532512589,46.56017687597401],[-122.68821585087491,46.560326944508816],[-122.68810775676255,46.560066822160834],[-122.68286136049828,46.56111718396477],[-122.68296943564354,46.5613773112846],[-122.67959665191677,46.562052442671565],[-122.67970471572018,46.562312573307494],[-122.67783091037788,46.5626876127708],[-122.67793896825859,46.562947745302466],[-122.67681467076105,46.56317275794088],[-122.67692272542892,46.56343289165805],[-122.67429932528803,46.563957888326456],[-122.67440737132246,46.56421802464943],[-122.6729082613589,46.56451800197268],[-122.67301630282488,46.564778139836214],[-122.66926845471401,46.56552801607775],[-122.6691604268003,46.56526787466396],[-122.66878563865794,46.56534285638452],[-122.66867761295156,46.56508271473615],[-122.66830282531242,46.56515769509287],[-122.66819480181337,46.56489755321],[-122.66782001467747,46.564972532202894],[-122.66771199338574,46.56471239008553],[-122.66733720675309,46.564787367714544],[-122.66722918766864,46.564527225362696],[-122.66685440153928,46.564602201627885],[-122.66674638466209,46.56434205904158],[-122.66562202522803,46.5645669807192],[-122.66551401326869,46.5643068371884],[-122.66476443876351,46.564456779219384],[-122.6648724480122,46.564716923460054],[-122.66412286738867,46.564866862165395],[-122.66423087477862,46.56512700723644],[-122.65935850004676,46.56610151506855],[-122.65946649066814,46.56636166487416],[-122.65909168529345,46.56643662030758],[-122.65919967541113,46.56669677058868],[-122.65882486782911,46.56677172536805],[-122.65893285744309,46.56703187612462],[-122.65818323701257,46.56718178336639],[-122.6582912247673,46.56744193495336],[-122.65529269812892,46.56804152640103],[-122.65540067589065,46.56830168094776],[-122.65465103300214,46.568451569429634],[-122.65475900890432,46.568711724806874],[-122.65400935989753,46.568861609962475],[-122.65411733394008,46.56912176617011],[-122.65336767881493,46.5692716479994],[-122.65347565099779,46.56953180503754],[-122.6527259897543,46.56968168354045],[-122.65283396007742,46.56994184140909],[-122.65245912682234,46.57001677950188],[-122.6525670966414,46.5702769378462],[-122.65069291081149,46.570651614948716],[-122.6505849477714,46.570391454830094],[-122.6475862170035,46.570990882883635],[-122.6476941691967,46.571251045841024],[-122.64731932266253,46.57132597016168],[-122.64742727435143,46.571586133594764],[-122.64705242560971,46.57166105726112],[-122.6471603767943,46.571921221169845],[-122.6464106740442,46.572071066184925],[-122.6465186233685,46.57233123092419],[-122.64539405878844,46.57255599194283],[-122.64550200489639,46.572816157867464],[-122.64475228820643,46.57296599421059],[-122.64486023245391,46.57322616096572],[-122.64373564696407,46.57345090897623],[-122.64384358799495,46.573711076916815],[-122.64309385736513,46.57386090458765],[-122.64320179653544,46.574121073358846],[-122.64207719013577,46.57434580836069],[-122.64170231963281,46.574420718009584],[-122.64181025423015,46.574680888320984],[-122.64106050795735,46.57483070530089],[-122.6411684406939,46.575090876442815],[-122.63929405332965,46.57546540300532],[-122.63940198013665,46.575725576042394],[-122.63677779257095,46.57624987332566],[-122.6366698752578,46.57598969780507],[-122.63367076351933,46.57658883130643],[-122.63356285790826,46.57632865306878],[-122.63281307417276,46.576478425641824],[-122.63292097707108,46.57673860458893],[-122.63217118721751,46.57688837383422],[-122.63206328703198,46.57662819417771],[-122.62981390517861,46.577077475561815],[-122.62992179722555,46.577337657346746],[-122.62954689591407,46.57741253439957],[-122.62943900522365,46.577152352259915],[-122.62793939689136,46.577451848958894],[-122.62804728215583,46.577712032517354],[-122.6276723765882,46.577786904523435],[-122.62788814695769,46.578307272713154],[-122.62713832784263,46.57845701511608],[-122.62724621159109,46.578717200102155],[-122.62537164212442,46.57909154021882],[-122.62547951994107,46.579351727099606],[-122.62510460213755,46.57942659244947],[-122.62521247944872,46.57968677980616],[-122.62483755943738,46.57976164450133],[-122.6250533139,46.58028202028788],[-122.6246783903241,46.580356884683],[-122.62500202433192,46.58113745033651],[-122.62462709583473,46.58121231478632],[-122.62484285338253,46.58173269320454],[-122.62446792132064,46.581807557354374],[-122.62457580001464,46.58206774710021],[-122.62420086574477,46.58214261059531],[-122.62430874393323,46.58240280081716],[-122.62393380745534,46.582477663657535],[-122.62425744305774,46.58325823611537],[-122.6216328353853,46.583782255182015],[-122.62174070612392,46.5840424487271],[-122.62099080784287,46.58419216008448],[-122.62109867671889,46.5844523544604],[-122.61997381884265,46.584676914989245],[-122.62008168449903,46.5849371105508],[-122.61895681489139,46.58516166305805],[-122.61906467732801,46.58542185980513],[-122.61831475728648,46.585571557138394],[-122.61842261786023,46.585831754716295],[-122.61767269170008,46.5859814487208],[-122.6177805504109,46.586241647129654],[-122.61590571333045,46.58661586624689],[-122.616013566107,46.58687606655068],[-122.61526362260282,46.58702574783992],[-122.61537147351619,46.5872859489747],[-122.61387157086621,46.58758530085666],[-122.61397941720202,46.58784550353174],[-122.61360443805465,46.587920339332854],[-122.61371228388433,46.58818054248421],[-122.61296232032194,46.58833021176703],[-122.61307016428827,46.58859041574931],[-122.61157022152187,46.58888974361795],[-122.61167806091025,46.58914994914054],[-122.61092808170619,46.589299607726346],[-122.61103591923099,46.58955981407992],[-122.61066092699512,46.58963464221295],[-122.61076876401363,46.58989484904288],[-122.61039376956941,46.589969676521],[-122.61050160608161,46.590229883827234],[-122.610126609429,46.5903047106503],[-122.6102344454349,46.59056491843291],[-122.60948444686186,46.59071456975934],[-122.60959228100401,46.59097477837299],[-122.60921727908354,46.59104960287633],[-122.6096486187329,46.59209043996702],[-122.6092736105317,46.59216526487938],[-122.6097049583682,46.593206105336826],[-122.60932994388607,46.593280930658295],[-122.60943778161538,46.59354114143173],[-122.60906276492463,46.593615966098156],[-122.60917060214756,46.59387617734821],[-122.60879558324821,46.59395100135955],[-122.60890341996469,46.59421121308605],[-122.60852839885668,46.59428603644237],[-122.60863623506671,46.59454624864544],[-122.60826121175009,46.5946210713467],[-122.60836904745362,46.59488128402635],[-122.60799402192833,46.59495610607251],[-122.60810185712538,46.59521631922872],[-122.6058516779553,46.595665232428686],[-122.60574385090399,46.595405017144245],[-122.60536881942124,46.59547983212191],[-122.60526099457863,46.595219616604716],[-122.60488596360254,46.59529443021789],[-122.60477814096856,46.5950342144678],[-122.60402807917866,46.595183837955396],[-122.60392026011104,46.59492362161792],[-122.60242013175029,46.59522285505679],[-122.60231231896434,46.59496263742248],[-122.60118721783203,46.595187050834575],[-122.60129502654488,46.5954472695328],[-122.59941983418443,46.59582127346278],[-122.59952763695938,46.596081494056044],[-122.59840250725924,46.59630588535974],[-122.59829470855769,46.59604566370256],[-122.59791966498042,46.596120458429446],[-122.59802746232417,46.59638068044118],[-122.59765241653822,46.59645547451287],[-122.59776021337497,46.59671569700123],[-122.59738516538037,46.596790490417554],[-122.59749296171009,46.59705071338251],[-122.59711791150677,46.59712550614362],[-122.59722570732946,46.5973857295852],[-122.59685065491745,46.597460521691005],[-122.5969584502331,46.597720745609216],[-122.59658339561233,46.59779553705979],[-122.5966911904209,46.598055761454624],[-122.59594107591106,46.5982053420352],[-122.59583328381834,46.59794511693113],[-122.59545822664509,46.59801990535189],[-122.59535043676111,46.59775968001523],[-122.59497538009502,46.59783446707149],[-122.59486759241977,46.59757424150225],[-122.59449253626082,46.597649027194045],[-122.59438475079429,46.59738880139223],[-122.5940096951425,46.59746358571952],[-122.59390191188466,46.597203359685125],[-122.5905263849576,46.597876369992456],[-122.59063415599361,46.59813659921792],[-122.58988402682506,46.598286146663725],[-122.58977625850517,46.59802591672913],[-122.58940119400297,46.59810068858258],[-122.58929342789176,46.59784045841556],[-122.58816823335556,46.59806476685242],[-122.58806047216913,46.59780453574389],[-122.58768540698058,46.59787930284837],[-122.58757764800282,46.59761907150741],[-122.58720258332178,46.59769383724741],[-122.58709482655264,46.59743360567409],[-122.58671976237909,46.59750837004956],[-122.58661200781862,46.59724813824379],[-122.58586187963606,46.59739766325595],[-122.58575412864222,46.59713743086328],[-122.58537906463326,46.597212191499885],[-122.58527131584802,46.59695195887481],[-122.58414612279245,46.59717623366134],[-122.58403837893196,46.59691600009494],[-122.58328824869213,46.59706551086046],[-122.58307276895493,46.59654504267614],[-122.58269770527559,46.59661979583504],[-122.58258996804074,46.596359561571596],[-122.58221490486909,46.596434313366004],[-122.58210716984273,46.596174078870256],[-122.58173210717881,46.59624882930028],[-122.58162437436093,46.595988594572106],[-122.58124931220476,46.59606334363777],[-122.58114158159533,46.59580310867728],[-122.58001639409909,46.596027348750965],[-122.58012412063412,46.596287584774664],[-122.57749864387502,46.59681077874381],[-122.57739092684722,46.59655054023934],[-122.57701585669585,46.59662527784047],[-122.57690814187647,46.59636503910387],[-122.57653307223309,46.596439775340585],[-122.57642535962216,46.596179536371736],[-122.57605029048676,46.59625427124405],[-122.57594258008426,46.595994032042896],[-122.57556751145687,46.59606876555084],[-122.57545980326276,46.595808526117516],[-122.57508473514339,46.5958832582611],[-122.57433081109656,46.59406158316652],[-122.57395575163436,46.59413631181985],[-122.57384805295774,46.59387607265465],[-122.57347299400361,46.59395079994367],[-122.57336529753522,46.5936905605463],[-122.5729902390892,46.59376528647099],[-122.57288254482904,46.5935050468414],[-122.57250748689111,46.59357977140177],[-122.57239979483917,46.59331953153999],[-122.57202473740936,46.59339425473613],[-122.5719170475656,46.59313401464212],[-122.57154199064395,46.59320873647397],[-122.57143430300837,46.59294849614779],[-122.57105924659488,46.59302321661539],[-122.57095156116748,46.59276297605702],[-122.57057650526218,46.592837695160355],[-122.57025345815416,46.592056973154875],[-122.5698784054734,46.592131690185475],[-122.56966304770071,46.59161120875026],[-122.5692879968863,46.59168592406245],[-122.56918032063297,46.591425683173675],[-122.56880527032683,46.59150039712168],[-122.56869759628151,46.59124015600072],[-122.56832254648366,46.59131486858453],[-122.56821487464634,46.59105462723146],[-122.56746477521733,46.59120404866054],[-122.56735710694619,46.59094380672116],[-122.56435668610311,46.591541449203255],[-122.56446434350869,46.59180169397594],[-122.56483940044653,46.591726991846684],[-122.56505472052352,46.59224748104996],[-122.56467966086917,46.59232218388755],[-122.56478732082408,46.59258242902654],[-122.56441225896171,46.592657131208256],[-122.56451991840814,46.59291737682346],[-122.56414485433768,46.59299207834925],[-122.56425251327563,46.593252324440726],[-122.56387744699708,46.5933270253106],[-122.5639851054265,46.59358727187838],[-122.56361003693986,46.59366197209237],[-122.56371769486074,46.593922219136445],[-122.56334262416595,46.593996918694536],[-122.56355793984041,46.59451741385752],[-122.56318286557912,46.59459211311384],[-122.56329052333268,46.594852361232775],[-122.56291544686322,46.59492705983314],[-122.56302310410818,46.59518730842842],[-122.56264802543049,46.59526200637293],[-122.56275568216685,46.59552225544455],[-122.56238060128096,46.59559695273313],[-122.5624882575087,46.59585720228112],[-122.56211317441456,46.595931898913705],[-122.5626514615083,46.597233150258376],[-122.56227637077194,46.597307847651734],[-122.5623840293817,46.59756809864164],[-122.56088365250389,46.59786687953049],[-122.56099130652935,46.59812713205946],[-122.56024111027438,46.5982765171513],[-122.56034876243251,46.598536770511],[-122.55884835429049,46.59883552998911],[-122.5587407075668,46.59857527521269],[-122.55836560476543,46.59864996220254],[-122.5582579602501,46.598389707194244],[-122.55788285795761,46.59846439281969],[-122.55777521565068,46.59820413757961],[-122.55740011386708,46.59827882184069],[-122.5572924737685,46.598018566368744],[-122.55504185337483,46.59846664859602],[-122.55493422227785,46.598206391121536],[-122.55230846933657,46.59872910527583],[-122.55241609092253,46.598989365229166],[-122.5520409786023,46.59906403499287],[-122.55214859967914,46.59932429542272],[-122.55177348515053,46.599398964530316],[-122.55188110571817,46.59965922543669],[-122.55150598898119,46.59973389388813],[-122.55161360903966,46.59999415527098],[-122.55123849009426,46.600068823066294],[-122.5513461096435,46.60032908492576],[-122.55097098848968,46.600403752064814],[-122.5510786075297,46.60066401440085],[-122.54995323489415,46.60088801081878],[-122.55006085070718,46.60114827433959],[-122.54968572343728,46.60122293814574],[-122.54979333874101,46.60148320214312],[-122.54941820926261,46.6015578652931],[-122.54952582405703,46.60181812976707],[-122.54915069237012,46.601892792260855],[-122.54968877229167,46.60319411823907],[-122.54931363296039,46.60326878149318],[-122.54942125013459,46.603529047410554],[-122.5490461085947,46.603603710008414],[-122.54915372525952,46.60386397640247],[-122.54577740093694,46.60453589750397],[-122.54588500621986,46.60479616720781],[-122.54513469986239,46.60494547260213],[-122.54524230327662,46.60520574313685],[-122.54486714746443,46.6052803946725],[-122.5449747503691,46.605540665684],[-122.54422443347772,46.6056899664323],[-122.54433203451362,46.60595023827464],[-122.54395687343441,46.606024887487294],[-122.54406447396069,46.60628515980643],[-122.54368931067276,46.60635980836274],[-122.54379691068935,46.60662008115869],[-122.54342174519265,46.60669472905867],[-122.54352934469958,46.606955002331404],[-122.5431541769941,46.60702964957508],[-122.54326177599133,46.60728992332467],[-122.54288660607703,46.607364569912036],[-122.54299420456456,46.60762484413843],[-122.54261903244146,46.607699490069464],[-122.54272663041925,46.60795976477269],[-122.53784929784155,46.60893007452537],[-122.53795687899719,46.60919035395475],[-122.53683131624436,46.60941424840004],[-122.53693889417113,46.60967452901453],[-122.53656370352853,46.60974915882925],[-122.53667128094524,46.61000943992068],[-122.5362960880937,46.61008406907895],[-122.53640366500036,46.6103443506473],[-122.53602846993991,46.61041897914916],[-122.53613604633648,46.61067926119446],[-122.53576084906707,46.61075388903976],[-122.53586842495356,46.6110141715621],[-122.53549322547516,46.611088798750956],[-122.53667660133623,46.61395191850323],[-122.53630138605274,46.6140265485768],[-122.53640896941386,46.61428683328247],[-122.53603375192117,46.614361462699556],[-122.53753998914668,46.618005466454214],[-122.53716475176806,46.61808009981911],[-122.53727234515371,46.61834038707879],[-122.53689710556559,46.61841501978725],[-122.53700469844105,46.618675307524185],[-122.53662945664345,46.6187499395762],[-122.53673704900875,46.61901022779049],[-122.53636180500165,46.61908485918604],[-122.53625421399617,46.61882457061746],[-122.53587897049927,46.61889920064814],[-122.53598656014483,46.61915948957087],[-122.5356113144384,46.619234118945],[-122.53571890357372,46.61949440834503],[-122.53534365565775,46.61956903706268],[-122.53545124428285,46.619829326940135],[-122.53470074318211,46.61997858205173],[-122.53480832993702,46.62023887276073],[-122.53443307675224,46.620313499154605],[-122.53454066299683,46.62057379034108],[-122.53379015135843,46.62072304080509],[-122.53389773573272,46.62098333282315],[-122.53314721797584,46.6211325799526],[-122.53325480047977,46.62139287280229],[-122.53287953896684,46.62146749520519],[-122.53298712096039,46.62172778853229],[-122.53223659266563,46.62187703101405],[-122.53234417278868,46.62213732517285],[-122.53196890600681,46.62221194525182],[-122.53207648561943,46.622472239888076],[-122.53170121662785,46.622546859310454],[-122.53180879573002,46.622807154424244],[-122.53143352452871,46.62288177319001],[-122.53250934867997,46.625484734651806],[-122.53213406302743,46.625559355949115],[-122.53224164875564,46.625819653127984],[-122.5318663608932,46.6258942737688],[-122.53197394611088,46.626154571425246],[-122.53159865603848,46.626229191409465],[-122.53170624074563,46.626489489543566],[-122.53095565533123,46.62663872718798],[-122.53106323816756,46.626899026154],[-122.53031264663373,46.62704826046358],[-122.53042022759921,46.62730856026152],[-122.53004492919743,46.62738317625429],[-122.53015250965228,46.627643476529954],[-122.52977720904047,46.62771809186612],[-122.52988478898469,46.62797839261951],[-122.52950948616285,46.628053007299],[-122.53037014542369,46.630135420605605],[-122.52999483086893,46.63021003710854],[-122.53031758803145,46.63099094519935],[-122.53069290666754,46.63091632763353],[-122.5308004954484,46.63117663022323],[-122.53117581459514,46.631102011292164],[-122.53139099742731,46.63162261613359],[-122.53176631844512,46.63154799548291],[-122.53219669974958,46.632589205231106],[-122.53257202535946,46.632514582152076],[-122.53300242570424,46.633555792460115],[-122.53262709465231,46.633630416956635],[-122.53284229720322,46.63415102356104],[-122.53246696258029,46.63422564775543],[-122.53278976869959,46.63500655965248],[-122.53241442914495,46.63508118389912],[-122.53252203152407,46.6353414884665],[-122.53214668975887,46.63541611205651],[-122.53311513717485,46.63775886191888],[-122.53273978231374,46.63783348768778],[-122.5328473904716,46.63809379420111],[-122.53209667547786,46.63824304341468],[-122.5322042817643,46.63850335076066],[-122.53182892163163,46.6385779742053],[-122.53193652740737,46.6388382820295],[-122.5311858018704,46.63898752659465],[-122.53129340577465,46.63924783525156],[-122.5309180403703,46.639322456371936],[-122.53102564376378,46.6395827655071],[-122.5302749076834,46.63973200542367],[-122.5303825092053,46.639992315391524],[-122.53000713852926,46.64006693418765],[-122.5302223414014,46.64058755520372],[-122.52984696715359,46.640662173697706],[-122.52995456850385,46.64092248474596],[-122.52957919204515,46.640997102583306],[-122.52968679288456,46.64125741410988],[-122.52931141421492,46.641332031290546],[-122.52952661572205,46.641852655424316],[-122.52915123348052,46.64192727230283],[-122.52936643566599,46.6424478976411],[-122.52974182062943,46.64237328005367],[-122.53027984777428,46.643674843795466],[-122.52990445600598,46.64374946315538],[-122.5300120626243,46.64400977663004],[-122.52963666864488,46.644084395333266],[-122.52974427475229,46.64434470928642],[-122.5282426848894,46.64464317540596],[-122.52835028640274,46.64490349090104],[-122.52722408099636,46.64512733093696],[-122.5273316792765,46.64538764761956],[-122.52658086869964,46.645536869963195],[-122.5266884651076,46.64579718747886],[-122.52631305718293,46.64587179748833],[-122.52642065307981,46.64613211548249],[-122.5260452429439,46.646206724835295],[-122.52647562958758,46.647247999470515],[-122.52610021315684,46.64732260923013],[-122.52685341298402,46.649144847100914],[-122.52610255851465,46.649294068549786],[-122.5259949587115,46.64903374777253],[-122.52524410356413,46.649182964467286],[-122.5251365073337,46.64892264310516],[-122.52438565150848,46.64907185504576],[-122.52427805885078,46.64881153309874],[-122.52390263102434,46.64888613719768],[-122.52379504057801,46.64862581502024],[-122.52041616414009,46.649297203212576],[-122.52030858679596,46.64903687796896],[-122.51843141027653,46.649409834241546],[-122.51832384058946,46.64914950734978],[-122.517572966755,46.649298682070715],[-122.51746540064072,46.649038354594346],[-122.51671452612953,46.649187524561135],[-122.51660696358805,46.648927196500054],[-122.51623152641909,46.64900177961206],[-122.51601640660861,46.64848112315376],[-122.51564097131272,46.64855570454565],[-122.51553341404367,46.648295376148376],[-122.5151579792594,46.64836995617455],[-122.51505042420163,46.64810962754709],[-122.51467498992902,46.648184206207524],[-122.51456743708246,46.64792387734983],[-122.51419200332151,46.64799845464454],[-122.51408445268622,46.64773812555672],[-122.51333358533792,46.64788727640338],[-122.5132260382753,46.64762694673104],[-122.51247517025098,46.647776092823655],[-122.512367626761,46.64751576256678],[-122.51161675806077,46.64766490390534],[-122.51150921814346,46.64740457306402],[-122.51075834876745,46.64755370964854],[-122.51065081242278,46.64729337822273],[-122.50877363092141,46.64766620021387],[-122.50866610223397,46.647405867140684],[-122.50791522640917,46.647554988149004],[-122.5077001770292,46.647034320958134],[-122.50657386508949,46.647257992759684],[-122.50646634575848,46.64699765828776],[-122.5034628207665,46.647594069090545],[-122.50357032920475,46.64785440639649],[-122.50169309166884,46.648227132049044],[-122.50158559003891,46.64796679297188],[-122.50045924140935,46.648190415163675],[-122.50035174471391,46.64793007514808],[-122.49809903269204,46.64837729009766],[-122.49820652121709,46.6486376322385],[-122.49745560769156,46.648786696505105],[-122.49777807019194,46.64956772579876],[-122.49740260806979,46.6496422574775],[-122.49772507412875,46.65042328895305],[-122.49734960707175,46.65049782068293],[-122.49756458596748,46.65101850966374],[-122.49718911533736,46.651093041090554],[-122.49794155869482,46.652915458922486],[-122.49756607768188,46.65298999181745],[-122.4978885620619,46.653771030960826],[-122.49751307611358,46.65384556390705],[-122.49762057124381,46.65410591089145],[-122.49724508308407,46.65418044318039],[-122.49789006353224,46.65574252982745],[-122.49526156542262,46.65626424240552],[-122.49536905560245,46.65652459309597],[-122.49461804577312,46.65667364543675],[-122.4945105583176,46.65641329403771],[-122.49375954781489,46.65656234162353],[-122.4936520639331,46.65630198964063],[-122.49327655876981,46.65637651156186],[-122.4931690770996,46.65611615934929],[-122.49241806694918,46.65626519944843],[-122.49231058885272,46.656004846651996],[-122.49155957802924,46.65615388199615],[-122.49145210350648,46.655893528615884],[-122.49070109201007,46.65604255920507],[-122.49059362106105,46.655782205240975],[-122.48984260889185,46.655931231075236],[-122.4897351415165,46.65567087652739],[-122.48898412867463,46.655819897606676],[-122.48887666487299,46.65555954247503],[-122.48737463444729,46.655857571077235],[-122.48748209279994,46.656117927625566],[-122.48485349732468,46.656639441209734],[-122.4849609469904,46.65689980036192],[-122.48420990934449,46.657048795846286],[-122.48431735713464,46.6573091558315],[-122.48394183567561,46.65738365241031],[-122.48404928295253,46.657644012874414],[-122.48367375928194,46.657718508795675],[-122.48378120604562,46.6579788697386],[-122.48340568016347,46.658053365002296],[-122.48329823476222,46.65779300370521],[-122.48292270939332,46.65786749760304],[-122.48281526620363,46.657607136076535],[-122.48206421564335,46.6577561201287],[-122.48184933726098,46.657235396033315],[-122.48109828875401,46.65738437462213],[-122.4809908535613,46.65712401205327],[-122.48061532939664,46.65719849947595],[-122.48050789641543,46.656938136677745],[-122.47975684826388,46.657087107779766],[-122.47964941885654,46.65682674439807],[-122.47777179043234,46.65719915267731],[-122.47766436868632,46.65693878764995],[-122.47728884181703,46.657013265916525],[-122.47718142228244,46.6567529006598],[-122.47680589592669,46.65682737756058],[-122.47669847860354,46.656567012074504],[-122.47594742607025,46.65671596213264],[-122.47584001232099,46.6564555960633],[-122.47508895911712,46.65660454136634],[-122.47498154894171,46.65634417471366],[-122.47385496685693,46.65656758401795],[-122.47374756161794,46.65630721642788],[-122.4733720339212,46.65638168381843],[-122.47326463089355,46.65612131599919],[-122.47213804679804,46.65634471103819],[-122.47203064870685,46.656084342281694],[-122.47090406105995,46.65630772715275],[-122.47111884991577,46.65682846691453],[-122.47074331627746,46.65690292722261],[-122.47085071061593,46.65716329764476],[-122.47047517476625,46.65723775729503],[-122.47058256859084,46.657498128195904],[-122.47020703052978,46.65757258718841],[-122.47031442384049,46.657832958568086],[-122.46993888356803,46.65790741690275],[-122.47004627636488,46.658167788761304],[-122.46967073388096,46.65824224643817],[-122.47020770378344,46.65954410937359],[-122.4698321536373,46.65961856780866],[-122.47026173938681,46.66066006182099],[-122.46988618294083,46.66073452066036],[-122.46999358013751,46.66099489482979],[-122.46961802147992,46.661069353011314],[-122.46972541816264,46.66132972765968],[-122.46897429557534,46.66147864169515],[-122.46908169038127,46.66173901717658],[-122.46870612645156,46.66181347303048],[-122.46892091588425,46.66233422507637],[-122.46854534838,46.66240868062651],[-122.46865274300676,46.66266905719089],[-122.46827717329076,46.662743512083175],[-122.46849196236504,46.66326426629509],[-122.46811638907442,46.6633387208836],[-122.46822378352192,46.663599098531165],[-122.46784820801953,46.663673552461795],[-122.46795560195295,46.66393393058845],[-122.46758002423877,46.66400838386117],[-122.46790220704334,46.664789520053525],[-122.46827778884641,46.66471506571861],[-122.46838518617531,46.66497544434541],[-122.46876076849246,46.66490098864445],[-122.46961998858897,46.66698401932945],[-122.47037117248443,46.666835099225985],[-122.47058599145035,46.667355856731795],[-122.47096158485064,46.667281394453816],[-122.47149865393882,46.66858328863737],[-122.47187425330527,46.66850882357666],[-122.47230392931152,46.66955033975955],[-122.47267953328121,46.66947587227012],[-122.47321665421006,46.67077776854437],[-122.4735922641461,46.670703298271974],[-122.47380712118814,46.67122405694961],[-122.47343150852583,46.671298527930524],[-122.47364636623843,46.67181928781752],[-122.4732707500006,46.6718937584949],[-122.4743450758865,46.67449756898864],[-122.47396944516719,46.67457204219663],[-122.47407688106357,46.674832424289384],[-122.47370124813165,46.67490689683966],[-122.47380868351406,46.67516727941206],[-122.47230613784018,46.675465160909525],[-122.47241356861859,46.67572554502444],[-122.4716622879592,46.675874480409256],[-122.4717697168602,46.676134865358144],[-122.4713940738932,46.67620933188668],[-122.47160893151624,46.67673010286924],[-122.47123328497318,46.676804569094244],[-122.47134071369523,46.6770649551279],[-122.47096506493943,46.67713942069512],[-122.47107249314732,46.677399807208545],[-122.46994553769396,46.677623198900214],[-122.46973069030817,46.677102423873144],[-122.46935503951876,46.67717688503762],[-122.4692476184632,46.676916497357944],[-122.46887196818803,46.676990957155944],[-122.46876454934514,46.67673056924749],[-122.46838889958423,46.67680502767916],[-122.46828148295401,46.676544639541824],[-122.4675301836115,46.67669355266023],[-122.466778310065,46.67487083425162],[-122.46640266866413,46.67494528681303],[-122.46629526291741,46.67468489861639],[-122.46404140486221,46.67513159060515],[-122.46393400814522,46.674871200408724],[-122.46205577656815,46.67524341412816],[-122.46194838751762,46.674983022286355],[-122.46157274001877,46.67505746163964],[-122.46146535318071,46.67479706956916],[-122.46071405836312,46.674945944530975],[-122.46060667510105,46.6746855518776],[-122.45985537961481,46.674834422082554],[-122.4597479999287,46.67457402884633],[-122.45862105442316,46.67479732550016],[-122.45851367967659,46.67453693132709],[-122.45513280959432,46.67520676344389],[-122.45502544796891,46.67494636620949],[-122.45464979285714,46.675020786585215],[-122.45475715311892,46.675281184173684],[-122.45438149579475,46.675355603891255],[-122.45448885554165,46.67561600195923],[-122.45373753561972,46.67576483906592],[-122.45384489348801,46.67602523796757],[-122.45309356744363,46.676174071733385],[-122.45330828027171,46.67669487132959],[-122.45293261324893,46.67676928740232],[-122.45303996957237,46.67702968774279],[-122.45228863025308,46.67717851755962],[-122.45239598469774,46.677438918733756],[-122.45202031240117,46.67751333247782],[-122.45212766633081,46.67777373413167],[-122.4517519918217,46.67784814721757],[-122.4518593452363,46.678108549351066],[-122.45148366851464,46.678182961778795],[-122.45159102141416,46.67844336439194],[-122.4512153424799,46.67851777616142],[-122.45132269486436,46.678778179254245],[-122.45094701371747,46.678852590365544],[-122.45105436558681,46.679112993938105],[-122.4506786822273,46.67918740439121],[-122.45078603358156,46.67944780844346],[-122.45041034800941,46.679522218238276],[-122.45062505053639,46.680043027428006],[-122.45024936138763,46.680117436918714],[-122.45046406458187,46.68063824731927],[-122.45008837185647,46.68071265650583],[-122.45019572336278,46.68097306224873],[-122.4483172401844,46.68134509476681],[-122.44842458571955,46.68160550240586],[-122.44804888517356,46.681679906226535],[-122.44815623019343,46.681940314345454],[-122.44702911937095,46.68216352079541],[-122.4471364611474,46.6824239301023],[-122.44600933859408,46.6826471285031],[-122.44611667712697,46.68290753899806],[-122.4453652551196,46.68305633357815],[-122.44525791931497,46.68279592237507],[-122.44488220840236,46.6828703177924],[-122.44477487481053,46.68260990636108],[-122.44439916441338,46.68268430041193],[-122.44375518886892,46.68112183234111],[-122.44337948580781,46.68119622325542],[-122.44316483681013,46.68067540086323],[-122.4427891356286,46.68074979005706],[-122.44225253480464,46.67944773450714],[-122.4418768395949,46.67952212091861],[-122.44176952333973,46.679261709831806],[-122.44139382864554,46.679336094876994],[-122.44053534006171,46.67725280787605],[-122.43865690842522,46.67762470375859],[-122.43854960799021,46.67736429167949],[-122.4362954702146,46.677810531206966],[-122.43640276246525,46.67807094540954],[-122.43565137369197,46.67821968452741],[-122.43575866406273,46.67848009956339],[-122.435007269168,46.67862883533945],[-122.4351145576588,46.67888925120902],[-122.43286034443085,46.67933543636244],[-122.43296762558485,46.679595854480986],[-122.43221621166103,46.67974457547364],[-122.43210893323545,46.67948415664742],[-122.43135751864713,46.6796328728826],[-122.43125024379825,46.6793724534744],[-122.4304988285456,46.67952116495216],[-122.4303915572734,46.679260744962065],[-122.42964014135651,46.67940945168225],[-122.42953287366099,46.67914903111029],[-122.42915716579458,46.67922338259789],[-122.42904990031147,46.67896296179789],[-122.42829848476278,46.679111661028045],[-122.42840574751732,46.67937208253564],[-122.42727861374055,46.67959512484877],[-122.42738587325033,46.67985554754366],[-122.4251315746124,46.680301606955524],[-122.42502432328874,46.68004118213788],[-122.42427288635369,46.68018985980089],[-122.42416563860685,46.67992943440159],[-122.42303848093734,46.680152442240946],[-122.42314572459098,46.68041286870151],[-122.42126710469329,46.68078452995202],[-122.42137434237264,46.68104495830735],[-122.4168655517547,46.681936846272414],[-122.41675833044978,46.681676413672335],[-122.41563111781176,46.681899361819255],[-122.41573833502285,46.68215979548048],[-122.41310813297491,46.68267997485772],[-122.41321534148115,46.68294041112075],[-122.41246384482231,46.68308902539364],[-122.41257105144688,46.683349462490064],[-122.4118195486675,46.68349807341971],[-122.41192675341036,46.683758511349545],[-122.40816917500166,46.684501508774034],[-122.40827636694411,46.68476195036655],[-122.40790060307603,46.68483624489289],[-122.40800779450129,46.68509668696528],[-122.40725626149232,46.68524527368699],[-122.40736345103545,46.6855057165928],[-122.40698768189455,46.68558000878825],[-122.40709487092043,46.68584045217388],[-122.4067190995669,46.6859147437102],[-122.40682628807552,46.68617518757568],[-122.4064505145094,46.68624947845298],[-122.40666489133972,46.686770367269844],[-122.40628911419599,46.68684465784166],[-122.40639630251769,46.68710510279304],[-122.4045173972588,46.6874765422289],[-122.40441021576221,46.68721609550925],[-122.40365865045521,46.68736466348689],[-122.40355147253635,46.68710421618619],[-122.40317568997648,46.687178498302195],[-122.40306851427026,46.68691805077414],[-122.40269273222783,46.68699233152374],[-122.40258555873429,46.68673188376828],[-122.40220977720935,46.68680616315151],[-122.40210260592842,46.6865457151687],[-122.401726824921,46.686619993185445],[-122.40161965585264,46.68635954497529],[-122.40086809402533,46.686508097263356],[-122.40076092853464,46.68624764847221],[-122.39963358353258,46.68647046824761],[-122.399740744928,46.68673091809953],[-122.39898917462567,46.686879460259604],[-122.39888201596045,46.68661900970058],[-122.39512412725371,46.68736165619622],[-122.39501698308756,46.687101202228014],[-122.39464119092139,46.68717546095347],[-122.39431976760262,46.686394098746014],[-122.39394397868473,46.68646835539803],[-122.39372970343919,46.68594744718422],[-122.39222655021626,46.68624446083597],[-122.3921194193252,46.68598400550454],[-122.39174363026652,46.68605825603187],[-122.39163650158793,46.6857978004733],[-122.39126071304722,46.68587204963434],[-122.39115358658107,46.68561159384853],[-122.39077779855836,46.68568584164326],[-122.39067067430464,46.68542538563027],[-122.38991909844808,46.68557387747421],[-122.39002621997133,46.68583433419409],[-122.38739566823088,46.68635402621673],[-122.38750278104438,46.68661448553696],[-122.38487217823744,46.6871341304019],[-122.38476507498136,46.68687366860775],[-122.382510247732,46.687319036867834],[-122.38261734279561,46.68757950078229],[-122.38224153392405,46.6876537256338],[-122.38234862846923,46.68791419002802],[-122.38197281738516,46.68798841421994],[-122.38218700628563,46.68850934409456],[-122.38143537611452,46.688657790853036],[-122.38154246910429,46.68891825668681],[-122.38079083281409,46.689066700100085],[-122.38068374255538,46.68880623355955],[-122.37654969742199,46.6896225960167],[-122.37644262303165,46.689362125715675],[-122.37569097018324,46.68951054137755],[-122.37558389937104,46.68925007049635],[-122.37483224586646,46.6893984813994],[-122.37472517863242,46.689138009938155],[-122.3739735244718,46.689286416082425],[-122.3738664608159,46.689025944041056],[-122.37198731742374,46.689396939907205],[-122.37188026144304,46.68913646622588],[-122.37150443159001,46.689210662006666],[-122.37161148620498,46.689471136041305],[-122.36860480597281,46.690064668643544],[-122.36849776228385,46.68980419178286],[-122.36812192481047,46.68987837844599],[-122.36801488333398,46.68961790135864],[-122.36763904637974,46.68969208665546],[-122.36753200711567,46.68943160934143],[-122.3671561706806,46.689505793271955],[-122.36672802755363,46.68846388386868],[-122.3663521957351,46.68853806537323],[-122.36496084187104,46.6851518692038],[-122.36458502696027,46.68522604510407],[-122.36447800703102,46.68496556900802],[-122.36410219263949,46.685039743542106],[-122.36388815805161,46.684518791023116],[-122.36351234554499,46.68459296383795],[-122.36340533088628,46.68433248741504],[-122.36302951889894,46.68440665886372],[-122.36281549485197,46.683885705691],[-122.36243968474957,46.6839598754205],[-122.36222566681931,46.68343892204741],[-122.36184985860186,46.68351309005768],[-122.36174285227186,46.683252613207685],[-122.36136704457373,46.68332677985183],[-122.3611530371839,46.68280582582508],[-122.36152884215076,46.682731659887054],[-122.36142183835963,46.68247118341636],[-122.36179764111459,46.6823970168184],[-122.36158363333999,46.681876064962346],[-122.36195943251748,46.68180189805749],[-122.3617454253968,46.68128094741313],[-122.36212122099691,46.681206780201336],[-122.36190721453018,46.68068583076855],[-122.36228300655296,46.68061166324984],[-122.36206900074016,46.68009071502852],[-122.36244478918569,46.68001654720291],[-122.36223078402686,46.679495600192965],[-122.36260656889517,46.67942143206045],[-122.36249956621963,46.679160959098006],[-122.36287534887629,46.679086790305504],[-122.36276834568152,46.67882631782237],[-122.36314412612649,46.678752148369995],[-122.36303712241252,46.678491676366086],[-122.36341290064584,46.67841750625379],[-122.36330589641268,46.678157034729175],[-122.36368167243437,46.67808286395698],[-122.36357466768207,46.6778223929117],[-122.36395044149215,46.67774822147953],[-122.36384343622069,46.677487750913514],[-122.36421920781919,46.67741357882144],[-122.3640051970842,46.676892638774135],[-122.3643809651058,46.676818466375146],[-122.3642739596423,46.67655799689382],[-122.36464972545237,46.67648382383496],[-122.36454271946978,46.67622335483284],[-122.36491848306832,46.6761491811141],[-122.36481147656667,46.675888712591195],[-122.3651872379537,46.67581453821254],[-122.36497322475847,46.6752936022512],[-122.36572473953292,46.67514525186728],[-122.36561773147412,46.67488478478186],[-122.36599348622681,46.6748106084236],[-122.365886477649,46.674550141817335],[-122.36626223019027,46.674475964799164],[-122.36615522109349,46.67421549867204],[-122.36653097142337,46.67414132099406],[-122.3664239618076,46.67388085534596],[-122.36679970992613,46.6738066770081],[-122.36669269979139,46.67354621183912],[-122.36706844569856,46.67347203284149],[-122.36696143504489,46.67321156815158],[-122.36733717874071,46.67313738849405],[-122.36712315724174,46.67261646019843],[-122.36749889736114,46.672542280234076],[-122.36739188651583,46.67228181662835],[-122.36814336148592,46.672133454367135],[-122.36803634875666,46.67187299159341],[-122.36991501454796,46.671502069981365],[-122.36970097797784,46.67098114834183],[-122.37007670586743,46.670906961687024],[-122.36986266995225,46.67038604125744],[-122.3702383942657,46.67031185429588],[-122.37002435900546,46.6697909350761],[-122.37040007974282,46.669716747807726],[-122.36975798608115,46.66815399528879],[-122.37013369778298,46.66807980912549],[-122.36991967060202,46.66755889333236],[-122.37029537872797,46.66748470686216],[-122.36997434020807,46.666703335175356],[-122.36959863617656,46.666777520586756],[-122.36927760936612,46.66599614897385],[-122.36965330930322,46.66592196462121],[-122.36943929293045,46.66540105154767],[-122.36981498929191,46.665326866888144],[-122.36970798100988,46.66506641089302],[-122.37008367516056,46.664992225573705],[-122.36997666635988,46.664731770057266],[-122.37035235829973,46.664657584078206],[-122.37013834050711,46.664136674128486],[-122.37051402887151,46.664062487842564],[-122.37030001173376,46.663541579101754],[-122.37067569652277,46.66346739250891],[-122.37056868785831,46.66320693868002],[-122.37094437043658,46.663132751427504],[-122.37083736125354,46.66287229807716],[-122.37121304162113,46.66279811016488],[-122.37110603191951,46.66253765729317],[-122.37148171007641,46.66246346872115],[-122.37137469985623,46.66220301632809],[-122.37175037580253,46.662128827096296],[-122.37164336506379,46.66186837518177],[-122.3712676904821,46.661942564060645],[-122.37116068195398,46.66168211191897],[-122.37078500789083,46.661756299432405],[-122.3705709961018,46.66123539482037],[-122.37019532392179,46.66130958061547],[-122.36955331704554,46.659746867678436],[-122.36917765220689,46.65982105034387],[-122.36896365941134,46.659300146331105],[-122.36858799645583,46.65937432727837],[-122.36848100269142,46.659113875107664],[-122.36735401284318,46.65933641081548],[-122.36724702401823,46.659075957712],[-122.36687136040834,46.65915013390332],[-122.36655040310212,46.658368774288334],[-122.36617474273999,46.65844294840867],[-122.3656398376348,46.65714068313228],[-122.36601549117442,46.65706651077568],[-122.36580153232372,46.65654560624981],[-122.36542588151305,46.656619777900914],[-122.36531890472075,46.656359325473595],[-122.36344064480402,46.65673016677723],[-122.36333367567983,46.656469712711946],[-122.36295802252394,46.65654387758222],[-122.36306499028362,46.65680433200023],[-122.36268933491755,46.656878496210574],[-122.36279630215836,46.65713895110687],[-122.36242064458207,46.65721311465738],[-122.362527611304,46.657473570032],[-122.36215195151755,46.65754773292256],[-122.36225891772058,46.65780818877554],[-122.36188325572387,46.6578823510062],[-122.36199022140798,46.65814280733743],[-122.36161455720104,46.658216968908164],[-122.36182848837704,46.658737882653114],[-122.36070148249452,46.65896036340574],[-122.36059452057755,46.65869990541236],[-122.35909183968707,46.65899653082816],[-122.35919879614539,46.65925699023226],[-122.35882312244402,46.65933114440723],[-122.35893007838325,46.65959160428986],[-122.35780304811145,46.65981406179682],[-122.35791000080211,46.66007452286317],[-122.3567829588257,46.660296972314036],[-122.35667601022931,46.66003651018967],[-122.35630032924412,46.66011065762862],[-122.35619338285802,46.65985019527733],[-122.35544202108058,46.65999848641173],[-122.35533507826958,46.65973802348083],[-122.35308098083364,46.66018287046326],[-122.35297404705697,46.659922405542304],[-122.35222267721089,46.66007067906281],[-122.35211574700934,46.65981021356237],[-122.34798316742268,46.66062564163577],[-122.34766242693149,46.65984423425385],[-122.34728673690081,46.659918356944544],[-122.34717982645928,46.659657887716236],[-122.34680413694825,46.65973200904159],[-122.34669722871693,46.65947153958662],[-122.34519446767986,46.65976801335014],[-122.34508756575354,46.659507542610804],[-122.342082014029,46.66010043870431],[-122.34218890503539,46.66036091226375],[-122.34068610342908,46.660657337413326],[-122.3407929898204,46.66091781250858],[-122.3400415812163,46.66106601971145],[-122.3399346975552,46.6608055439112],[-122.3395589933506,46.66087964564089],[-122.33945211189965,46.66061916961413],[-122.33870070368538,46.660767369330024],[-122.33859382580974,46.66050689272424],[-122.33746671124572,46.66072918364445],[-122.33735983831049,46.66046870610721],[-122.335857012522,46.66076507841121],[-122.33564328010767,46.660244120894816],[-122.33526757427839,46.66031821073382],[-122.33516071070385,46.660057731812145],[-122.33478500539476,46.66013182028589],[-122.33435756500646,46.65908990444827],[-122.33398186431303,46.65916399049958],[-122.33387500769334,46.65890351150252],[-122.33349930752014,46.65897759618858],[-122.33317874682568,46.65819615889552],[-122.33280304990299,46.65827024151167],[-122.3324825009074,46.65748880429432],[-122.33210680723522,46.657562884840594],[-122.33199996062473,46.657302405667494],[-122.33162426747282,46.65737648484854],[-122.33151742307224,46.65711600544902],[-122.33114173044065,46.65719008326492],[-122.33092804690389,46.656669124138666],[-122.33055235615777,46.65674320023712],[-122.33012500468135,46.65570128208527],[-122.3297493185508,46.65577535576167],[-122.32942881790791,46.65499391741194],[-122.32905313502785,46.65506798901872],[-122.32883947488597,46.65454703004336],[-122.32846379389136,46.65462109993282],[-122.32808811205213,46.654695168809454],[-122.32819493897068,46.65495564893874],[-122.32781925492179,46.65502971715484],[-122.32792608131987,46.65529019776216],[-122.32755039506131,46.65536426531765],[-122.32776404766116,46.655885227614334],[-122.32738835782777,46.65595929486155],[-122.32770883896688,46.65674074030706],[-122.32733314419349,46.65681480759818],[-122.32743997156399,46.657075290017325],[-122.32706427458076,46.65714935664788],[-122.32717110143078,46.65740983954518],[-122.32641970220006,46.657557970472254],[-122.32663335297316,46.6580789380536],[-122.32625764936043,46.65815300270238],[-122.32636447464876,46.65841348703418],[-122.32598876882614,46.6584875510223],[-122.32609559359388,46.658748035832375],[-122.32534417668417,46.65889616147447],[-122.32545099956602,46.65915664711504],[-122.32469957654722,46.65930476941013],[-122.3248063975431,46.659565255881134],[-122.32405496841515,46.65971337482908],[-122.32416178752503,46.65997386213063],[-122.3237860703288,46.660047920437506],[-122.32389288891792,46.66030840821739],[-122.32314144926086,46.66045652249677],[-122.32324826596388,46.66071701110719],[-122.32212109604755,46.66093917598606],[-122.32222790949895,46.66119966577928],[-122.32110072788495,46.661421822598285],[-122.32120753808465,46.661682313574374],[-122.31970461197999,46.66197850989366],[-122.31981141756232,46.66223900240487],[-122.31943568255926,46.6623130493045],[-122.31954248762062,46.66257354229402],[-122.31916675040746,46.66264758853287],[-122.31927355494784,46.66290808200083],[-122.31852207525677,46.66305617214399],[-122.31862887791058,46.66331666644248],[-122.31787739211016,46.66346475323808],[-122.31798419287738,46.66372524836731],[-122.31723270096755,46.663873331815246],[-122.31733949984807,46.66413382777514],[-122.3162122515525,46.664355946405976],[-122.31631904718057,46.66461644354879],[-122.31594329469401,46.66469048141851],[-122.31605008980092,46.66495097903972],[-122.31529857956286,46.665099052444475],[-122.31540537278292,46.665359550896476],[-122.31502961503138,46.665433586431476],[-122.31513640773022,46.66569408536192],[-122.31476064776845,46.665768120236045],[-122.31486743994606,46.66602861964498],[-122.31449167777401,46.66610265385832],[-122.31459846943036,46.66636315374574],[-122.31422270504807,46.666437187298214],[-122.31443628816274,46.666958188156364],[-122.31406052020435,46.66703222140023],[-122.31416731166264,46.66729272237096],[-122.31379154149388,46.667366754953996],[-122.31389833243091,46.66762725640332],[-122.31277101276,46.66784934913033],[-122.31266422592053,46.66758884662425],[-122.31078534974183,46.66795897914509],[-122.31067857057626,46.66769847500415],[-122.31030279417305,46.66777249811661],[-122.3101960172178,46.66751199374974],[-122.30944446460995,46.66766003623074],[-122.30933769123094,46.66739953128576],[-122.3085861379773,46.66754756900963],[-122.30847936817453,46.667287063486576],[-122.30772781427527,46.66743509645345],[-122.30762104804873,46.66717459035234],[-122.30724527119851,46.6672486049638],[-122.30713850718222,46.66698809863683],[-122.3063869536807,46.66713612411587],[-122.30628019324062,46.66687561721086],[-122.30590441658937,46.66694962807847],[-122.30579765835952,46.66668912094764],[-122.30467032743799,46.666911146414876],[-122.30456357415028,46.666650638353914],[-122.3038120187133,46.66679864956185],[-122.30370526900177,46.66653814092299],[-122.30332949138294,46.66661214465503],[-122.30322274388158,46.66635163579038],[-122.3024711888433,46.6664996395106],[-122.30236444491811,46.666239130068035],[-122.30161288923514,46.66638712903133],[-122.30150614888612,46.6661266190109],[-122.30113037114441,46.66620061662062],[-122.3010236330055,46.66594010637441],[-122.30064785578568,46.666014102618846],[-122.30054111985689,46.66575359214697],[-122.30016534315897,46.66582758702611],[-122.30005860944028,46.66556707632843],[-122.29930705624423,46.66571506234295],[-122.29920032610163,46.665454551067555],[-122.29807299407517,46.66567652143404],[-122.2979662688747,46.665416009228764],[-122.29721471270233,46.665563983702945],[-122.29732143517073,46.665824496612345],[-122.29581830723383,46.66612043481013],[-122.29592502508187,46.66638094925398],[-122.29517345331733,46.66652891297748],[-122.29528016927712,46.66678942825183],[-122.29452859140447,46.666937388626366],[-122.29463530547592,46.66719790473118],[-122.29425951390746,46.66727188375063],[-122.29436622745672,46.66753240033388],[-122.29399043367815,46.667606378692035],[-122.29409714670518,46.66786689575381],[-122.29296975620709,46.66808882580468],[-122.29286304727869,46.667828307686875],[-122.29248725012432,46.667902281991864],[-122.29238054340608,46.667641763648504],[-122.29200474677405,46.667715736588164],[-122.29211145212605,46.66797625528357],[-122.29173565328387,46.66805022756202],[-122.29184235811351,46.668310746735884],[-122.29146655706117,46.668384718353025],[-122.29157326136848,46.66864523800539],[-122.29119745810593,46.66871920896128],[-122.29130416189089,46.66897972909213],[-122.29055255010148,46.66912766866784],[-122.29065925199772,46.66938818962931],[-122.28990763410008,46.669536125855764],[-122.29001433410752,46.6697966476477],[-122.2896385225265,46.66987061459293],[-122.28974522201148,46.670131136863475],[-122.28936940822022,46.670205103147374],[-122.28947610718272,46.67046562589652],[-122.28797283811315,46.67076148230645],[-122.28786614461627,46.67050095814926],[-122.28673868805278,46.6707228387603],[-122.28663199949906,46.67046231367376],[-122.28588036030384,46.67061022831022],[-122.28577367532682,46.670349702646334],[-122.28539785582996,46.67042365809249],[-122.2852911730632,46.67016313220321],[-122.28491535408901,46.67023708628404],[-122.28480867353245,46.66997656016943],[-122.28405703578575,46.670124464586955],[-122.28395035880588,46.66986393789502],[-122.28357454003341,46.66993788823182],[-122.2836812156468,46.67019841527567],[-122.28330539466411,46.670272364950975],[-122.28341206975473,46.670532892473474],[-122.28266042252523,46.67068078948773],[-122.2828737697716,46.67120184632025],[-122.28249794215819,46.67127579401119],[-122.2827112900464,46.671796852054186],[-122.28233545885612,46.67187079943555],[-122.28244213269925,46.672131328999036],[-122.28206629929868,46.67220527571894],[-122.28217297261895,46.67246580576099],[-122.28179713700803,46.67253975181941],[-122.28190380980543,46.67280028234013],[-122.28115213331915,46.6729481721205],[-122.28125880422704,46.673208703471886],[-122.28088296335164,46.67328264719383],[-122.28098963373661,46.673543179023866],[-122.27986210194811,46.67376500516475],[-122.28007543704905,46.674286071316715],[-122.27969958869869,46.67436001204065],[-122.27980625614804,46.67462054565873],[-122.27943040558722,46.674694485721105],[-122.27953707251352,46.67495501981793],[-122.27916121974222,46.675028959218785],[-122.27926788614552,46.67528949379433],[-122.2770127435992,46.67573311102716],[-122.27711940264535,46.67599364784125],[-122.27636767898007,46.676141512847856],[-122.27647433613622,46.6764020504927],[-122.27572260636248,46.676549912148985],[-122.27582926162853,46.67681045062458],[-122.27507752574633,46.67695830893047],[-122.27518417912223,46.67721884823686],[-122.27368069176634,46.6775145540935],[-122.27378734051811,46.67777509493455],[-122.2734114652031,46.677849019216644],[-122.2735181134315,46.678109560536534],[-122.27314223590585,46.67818348415699],[-122.2732488836109,46.678444025955706],[-122.27136947649322,46.67881363061352],[-122.27126283562329,46.67855308705515],[-122.270886953036,46.67862700459396],[-122.27078031437675,46.67836646081065],[-122.27040443231294,46.67844037698381],[-122.27019116025919,46.677919289094234],[-122.26981528008594,46.67799320355009],[-122.26960201414042,46.67747211546448],[-122.26922613585775,46.677546028202904],[-122.2691195055173,46.67728548399868],[-122.26874362775816,46.67735939537155],[-122.26853037234177,46.676838306640136],[-122.26815449647324,46.67691221629571],[-122.26826112239264,46.6771727609498],[-122.26788524431363,46.67724666994357],[-122.26777861976124,46.67698612493761],[-122.26589922354987,46.67735565294287],[-122.26600584126685,46.67761619970809],[-122.26525407414421,46.67776400451833],[-122.26514745916147,46.6775034570495],[-122.26364392026414,46.677799053098795],[-122.26353731159327,46.67753850434965],[-122.2631614261277,46.677612400476015],[-122.2630548196673,46.67735185150201],[-122.26230304894054,46.67749964001008],[-122.26208984401829,46.67697854103585],[-122.26096218980646,46.67720021408476],[-122.26085559271174,46.67693966373275],[-122.26047970765511,46.677013552369885],[-122.26058630338265,46.677274103073664],[-122.2594586390518,46.677495763958376],[-122.25956523152098,46.67775631584442],[-122.25881344834985,46.67790408540263],[-122.25892003892778,46.67816463811922],[-122.25779235374526,46.67838628590894],[-122.25789894106457,46.6786468398079],[-122.25564353972968,46.6790901101272],[-122.25553696061426,46.6788295541178],[-122.25516105880808,46.67890342860453],[-122.25505448190313,46.67864287237047],[-122.25430267849607,46.6787906175992],[-122.25419610516896,46.67853006078887],[-122.25382020356811,46.67860393153089],[-122.25350049274734,46.67782226080705],[-122.25312459440548,46.67789612948024],[-122.25301802718532,46.67763557247469],[-122.25264212936779,46.677709439782454],[-122.25253556435801,46.677448882552305],[-122.25215966706477,46.67752274849465],[-122.25205310426536,46.67726219103992],[-122.25167720749646,46.67733605561686],[-122.25114441298078,46.67603326849074],[-122.25076852220555,46.676107130295634],[-122.25066196719855,46.67584657289989],[-122.25103785660649,46.67577271144659],[-122.25061163953859,46.6747304845403],[-122.25098752263449,46.67465662347978],[-122.25077441642343,46.674135511491805],[-122.25039853606201,46.674209371849095],[-122.24997233922328,46.6731671479904],[-122.24959646348789,46.67324100592761],[-122.24948991775253,46.67298044992872],[-122.24911404254154,46.67305430650061],[-122.24879441449387,46.67227263821092],[-122.2484185425417,46.67234649271452],[-122.24767278283068,46.67052260201991],[-122.2480486452127,46.67044874997706],[-122.24751597815049,46.66914597647365],[-122.247140122604,46.669219826758926],[-122.24703359308663,46.6689592720873],[-122.24440259023734,46.66947619324127],[-122.24429607113241,46.66921563623618],[-122.24392021157928,46.66928947770914],[-122.24360066342128,46.66850780640064],[-122.24096965166878,46.66902466094836],[-122.24086314687125,46.6687641016393],[-122.24011142437972,46.66891176454118],[-122.24000492315906,46.66865120465618],[-122.23962906201683,46.668725034235194],[-122.23952256300578,46.668464474125685],[-122.23914670238834,46.66853830233957],[-122.2390402055869,46.66827774200557],[-122.23828848455923,46.66842539468952],[-122.23807549895231,46.66790427299659],[-122.23769963990935,46.667978097115295],[-122.23759314973663,46.667717536107745],[-122.2372172912185,46.66779135886138],[-122.23711080325532,46.66753079762938],[-122.23673494526209,46.66760461901798],[-122.23662845950842,46.6673440575615],[-122.23625260204007,46.66741787758502],[-122.2358266729171,46.66637563162239],[-122.23620252491668,46.66630181300409],[-122.23588308281667,46.66552013091787],[-122.23550723491854,46.66559394848221],[-122.23529428046398,46.66507282702282],[-122.23491843445791,46.66514664287089],[-122.23470548610642,46.66462552121622],[-122.23432964199242,46.664699335348025],[-122.23422317044705,46.66443877435956],[-122.23384732685803,46.66451258712649],[-122.23363438902801,46.66399146482747],[-122.23325854733108,46.664065275878166],[-122.2330456156038,46.66354415338372],[-122.2334214545665,46.66347034303552],[-122.23320852347344,46.66294922175072],[-122.23358435885986,46.662875411091335],[-122.23294557758821,46.66131205238589],[-122.23256975040408,46.661385860938],[-122.23235683278398,46.6608647416808],[-122.23198100749187,46.66093854851686],[-122.23176809597379,46.660417429064054],[-122.23026479732152,46.660712643462546],[-122.23037124719146,46.6609732045303],[-122.22886792959977,46.661268404115106],[-122.2289743748434,46.66152896671422],[-122.22859854197355,46.661602764427464],[-122.22870498669197,46.661863327504484],[-122.22607412345975,46.66237988557225],[-122.22618055945004,46.66264045123411],[-122.2258047171107,46.66271424154015],[-122.2259111525757,46.662974807679944],[-122.22553530802726,46.66304859732341],[-122.22574817874846,46.66356973068567],[-122.22462063184851,46.663791095640704],[-122.22451420016874,46.66353052784276],[-122.22376250076064,46.66367809870858],[-122.22365607265723,46.66341753033515],[-122.22328022305769,46.6634913138963],[-122.22317379716337,46.66323074529862],[-122.22279794808932,46.66330452749495],[-122.22269152440407,46.663043958672965],[-122.22231567585548,46.663117739504486],[-122.2222092543793,46.66285717045824],[-122.21995415361451,46.663299832051834],[-122.22006056688686,46.66356040320461],[-122.21705370779235,46.66415056470078],[-122.21716011096741,46.664411138789006],[-122.2164083850422,46.664558669727256],[-122.21651478632404,46.6648192446445],[-122.21463544994494,46.665188056003835],[-122.21452905550045,46.66492747933132],[-122.21377731779245,46.66507499607623],[-122.21367092692456,46.664814418828584],[-122.21329505817572,46.664888175329224],[-122.21318866951691,46.664627597857624],[-122.21281280129399,46.66470135299345],[-122.2124936444693,46.66391962028711],[-122.21211777950734,46.66399337335603],[-122.21190501523348,46.66347221815123],[-122.21152915216501,46.66354596950438],[-122.21131639399202,46.66302481410522],[-122.21094053281703,46.663098563742686],[-122.2106214059709,46.662316830542906],[-122.20836624586563,46.66275930075984],[-122.20825988013799,46.66249872117481],[-122.2078840185431,46.662572462311665],[-122.20777765502432,46.66231188250254],[-122.20740179395561,46.66238562227465],[-122.20729543264567,46.66212504224158],[-122.20654371071925,46.662272518042414],[-122.20643735298566,46.66201193743447],[-122.20418217522071,46.66245433839933],[-122.20407582653364,46.662193755812964],[-122.20369996199597,46.662267485407746],[-122.20359361551768,46.66200690259747],[-122.20284188665389,46.662154358043736],[-122.20273554375194,46.661893774658715],[-122.20235967942581,46.661967500510166],[-122.20225333873265,46.6617069169012],[-122.20112574481006,46.66192808731993],[-122.20101940906079,46.661667502785384],[-122.19838833670865,46.66218352915417],[-122.1982820113739,46.66192294229092],[-122.19753027158175,46.662070368569644],[-122.19742394982339,46.661809781131815],[-122.19667220940241,46.66195720265339],[-122.19656589122042,46.66169661464095],[-122.19581415017078,46.661844031405295],[-122.19570783556513,46.66158344281832],[-122.19533196514651,46.661657149328875],[-122.19522565274954,46.661396560518135],[-122.19484978285766,46.66147026566397],[-122.19474347266934,46.66120967662948],[-122.1943676033042,46.661283380410715],[-122.19426129532451,46.66102279115243],[-122.19388542648612,46.66109649356898],[-122.19367281578485,46.660575314731865],[-122.19329694884095,46.66064901543311],[-122.19265914512411,46.65908547986459],[-122.19228328554534,46.659159177447684],[-122.19217698923646,46.658898588279826],[-122.19180113018453,46.65897228449838],[-122.19169483608408,46.65871169510683],[-122.191318977559,46.65878538996071],[-122.19121268566697,46.65852480034544],[-122.19083682766875,46.658598493834816],[-122.19073053798512,46.65833790399578],[-122.1903546805138,46.65841159612059],[-122.19024839303857,46.6581510060578],[-122.18987253609416,46.658224696818095],[-122.18976625082729,46.65796410653162],[-122.18939039440981,46.658037795927385],[-122.18907154775634,46.65725602477748],[-122.1886956946011,46.65732971210745],[-122.18858941543225,46.65706912162736],[-122.18821356280395,46.657142807592784],[-122.1881072858434,46.656882216888945],[-122.1877314337421,46.656955901489944],[-122.1876251589898,46.656695310562405],[-122.1868734550006,46.656842676021505],[-122.18676718382417,46.65658208451967],[-122.1863913319363,46.6566557653778],[-122.18628506296814,46.65639517365228],[-122.18590921160732,46.65646885314598],[-122.18580294484735,46.656208261196795],[-122.17978923064747,46.65738698959341],[-122.17989547552392,46.65764758715122],[-122.17839200788484,46.65794223009472],[-122.17828576847964,46.65768163113489],[-122.17790990083672,46.65775528898535],[-122.17759119176687,46.656973491816274],[-122.17721532738707,46.65704714760135],[-122.17710909407896,46.65678654844845],[-122.17673323022667,46.6568602028691],[-122.1766269991267,46.65659960349272],[-122.17625113580192,46.656673256548814],[-122.17614490691005,46.65641265694905],[-122.17576904411281,46.656486308640744],[-122.17555659158553,46.65596510912107],[-122.17518073068369,46.65603875909792],[-122.17507450704822,46.6557781591781],[-122.17469864667395,46.65585180779057],[-122.17459242524654,46.6555912076473],[-122.17421656539985,46.65566485489536],[-122.17411034618048,46.65540425452856],[-122.17373448686139,46.65547790041225],[-122.17362826985004,46.65521729982205],[-122.1732524110586,46.65529094434133],[-122.17314619625522,46.655030343527706],[-122.17277033799144,46.65510398668263],[-122.17266412539603,46.6548433856455],[-122.17228826765991,46.654917027436085],[-122.17218205727244,46.65465642617555],[-122.17180620006401,46.65473006660177],[-122.17169999188451,46.654469465117785],[-122.1713241352038,46.65454310417962],[-122.17121792923218,46.654282502472235],[-122.1708420730792,46.65435614016975],[-122.17062966639187,46.65383493643507],[-122.17025381213448,46.65390857241788],[-122.17014761141871,46.65364797039064],[-122.16977175768906,46.65372160500911],[-122.16966555918114,46.653461002758455],[-122.1692897059793,46.653534636012616],[-122.16918350967919,46.65327403353855],[-122.16805594913711,46.653494926166424],[-122.16794975778048,46.653234322768306],[-122.16569462222444,46.65367607854464],[-122.16580080537386,46.65393668404455],[-122.16392149580663,46.65430478772451],[-122.16381531949678,46.654044180473164],[-122.1634394564316,46.65411779781687],[-122.16312093664494,46.65333597577394],[-122.16274507684372,46.65340959105282],[-122.16253273725428,46.65288837629189],[-122.16215687934911,46.65296198985625],[-122.16194454585467,46.652440774902736],[-122.16156868984554,46.65251438675266],[-122.1601886217879,46.64912649737706],[-122.15981278272118,46.64920010366053],[-122.1594943297325,46.64841828503016],[-122.15911849392954,46.64849188924927],[-122.1590123459803,46.64823128294265],[-122.15938818041548,46.648157679073734],[-122.15917588430018,46.6476364675413],[-122.15955171516025,46.64756286335864],[-122.15944556699424,46.64730225813285],[-122.16019722346017,46.647155047425954],[-122.16009107339826,46.64689444302715],[-122.16046689900416,46.64682083650291],[-122.16036074841413,46.646560232581045],[-122.16073657181276,46.64648662539297],[-122.16063042069464,46.64622602194798],[-122.16100624188601,46.64615241409616],[-122.16079393943318,46.645631208286716],[-122.16116975704968,46.64555760012118],[-122.16106360571497,46.645296997756695],[-122.16143942112427,46.64522338892735],[-122.16122711823832,46.644702185278746],[-122.16160293007285,46.64462857613577],[-122.16149677852162,46.64436797485162],[-122.16187258814902,46.644294365044814],[-122.1617664360698,46.64403376423747],[-122.16251805007077,46.64388654228254],[-122.16241189609602,46.64362594230206],[-122.16278770046962,46.64355233015392],[-122.16268154596689,46.643291730650176],[-122.16343314946039,46.643144504012454],[-122.16332699306223,46.64288390533569],[-122.16407859046247,46.64273667534274],[-122.16397243216892,46.642476077492745],[-122.16472402347594,46.64232884414473],[-122.16461786328712,46.64206824712156],[-122.1653694485009,46.64192101041849],[-122.16515712517233,46.641399818152365],[-122.16553291378504,46.64132619898034],[-122.16468364311451,46.639241437779226],[-122.16505941994895,46.639167820394015],[-122.16484710794207,46.63864663205919],[-122.1652228812024,46.63857301436035],[-122.16511672509094,46.63831242073274],[-122.1654924961445,46.63823880237025],[-122.16538633950529,46.63797820921913],[-122.1661378763594,46.63783097015295],[-122.16603171782523,46.637570377828446],[-122.16678324858685,46.637423135407424],[-122.1666770881578,46.63716254390944],[-122.16705285091211,46.63708892152844],[-122.16694668995544,46.636828330506965],[-122.16732245050305,46.636754707462245],[-122.1672162890187,46.63649411691733],[-122.1679678048611,46.63634686848683],[-122.167861641482,46.63608627876841],[-122.17161915664983,46.63534997929517],[-122.17151298043957,46.635089393203806],[-122.17339169970354,46.63472120720511],[-122.17328551749797,46.63446062299058],[-122.17403699659219,46.63431334219578],[-122.17393081249236,46.63405275880772],[-122.17505802073546,46.6338318310637],[-122.17495183337458,46.63357124885229],[-122.17570329860453,46.633423959321725],[-122.17559710934955,46.633163377936725],[-122.17597283933813,46.63308973200119],[-122.17586664955599,46.63282915109258],[-122.17624237733807,46.632755504493545],[-122.17613618702872,46.632494924061234],[-122.1765119126043,46.63242127679874],[-122.17640572176782,46.6321606968428],[-122.1767814451369,46.63208704891675],[-122.1766752537733,46.63182646943711],[-122.17629953177101,46.63190011701301],[-122.17619334261387,46.631639537309475],[-122.17581762113872,46.6317131835217],[-122.17560524807696,46.63119202379299],[-122.17522952849575,46.631265668291505],[-122.17501716152601,46.6307445083674],[-122.17464144383878,46.63081815115219],[-122.1743229037814,46.63003641116213],[-122.17394718935488,46.63011005188322],[-122.17373483624795,46.62958889182058],[-122.17411054794096,46.62951525179961],[-122.17379202047675,46.62873351370182],[-122.17416772723006,46.62865987371736],[-122.17395537705144,46.62813871631617],[-122.17433108023187,46.628065076018224],[-122.17380021264306,46.626762186471886],[-122.17417590815073,46.626688546910444],[-122.17364505471535,46.62538566226548],[-122.17402074255061,46.62531202344043],[-122.17391457301528,46.625051447239464],[-122.17353888654657,46.625125085714544],[-122.17332655272723,46.624603932990716],[-122.17295086815224,46.624677569752365],[-122.1726323778182,46.62389584056178],[-122.17225669650348,46.62396947526012],[-122.1719382178232,46.62318774615353],[-122.17156253976873,46.62326137878868],[-122.17124407274174,46.62247964976602],[-122.17086839794752,46.62255328033796],[-122.1706560935256,46.62203212758615],[-122.16877772063083,46.62240026174496],[-122.16888386558958,46.62266083980731],[-122.16738114670183,46.622955330291305],[-122.16748728703352,46.62321590987912],[-122.16711160384702,46.62328953031621],[-122.1672177436513,46.62355011037986],[-122.16684205825902,46.623623730153334],[-122.16694819753589,46.62388431069284],[-122.1665725099378,46.62395792980271],[-122.16667864868718,46.62421851081809],[-122.16630295888326,46.62429212926431],[-122.16640909710519,46.62455271075565],[-122.16565771224649,46.62469994530725],[-122.16576384857423,46.62496052762431],[-122.16463676089228,46.62518137289973],[-122.16474289395907,46.62544195639251],[-122.16436719502003,46.62551556980709],[-122.16447332755925,46.62577615377576],[-122.16409762641432,46.62584976652665],[-122.16420375842593,46.62611035097133],[-122.16345235088502,46.626257574132104],[-122.16355848100224,46.62651815940262],[-122.16205565038352,46.626812594960704],[-122.1621617758726,46.6270731817568],[-122.16178606475324,46.62714678846215],[-122.16189218971458,46.627407375734265],[-122.15851073957887,46.62806979361885],[-122.15861685307713,46.62833038416572],[-122.15824113083303,46.62840398143457],[-122.15834724380339,46.628664572457474],[-122.15759579406412,46.628811764653925],[-122.15770190513953,46.629072356502725],[-122.15732617764431,46.62914595143032],[-122.15743228819174,46.62940654375517],[-122.15668082795013,46.62955373126894],[-122.15678693660254,46.62981432441977],[-122.15565973584616,46.630035099137274],[-122.15576584123642,46.63029569346388],[-122.15275992469951,46.63088438423955],[-122.15233555192026,46.6298419964972],[-122.15195981404638,46.6299155768833],[-122.15142937378349,46.62861259329858],[-122.15105364190632,46.628686170922066],[-122.15020499204253,46.626601400954925],[-122.14982927026318,46.62667497476699],[-122.14972319417183,46.62641437873948],[-122.14934747292072,46.62648795118816],[-122.14924139903518,46.62622735493717],[-122.14886567831236,46.626300926022495],[-122.14875960663261,46.62604032954805],[-122.14838388643813,46.62611389926998],[-122.14827781696411,46.62585330257214],[-122.14715065544966,46.626074004606785],[-122.14704459091551,46.625813406986126],[-122.14554170262316,46.62610766077528],[-122.14543564439597,46.62584706188228],[-122.13904824270745,46.62709745359374],[-122.13894220856075,46.62683684888366],[-122.13819073634136,46.62698393383051],[-122.13808470576764,46.626723328547584],[-122.13770896976754,46.62679686915081],[-122.13760294139949,46.626536263644674],[-122.13722720592826,46.62660980288454],[-122.13733323292904,46.626870408740224],[-122.13620601738313,46.6270910214259],[-122.13631204112043,46.62735162845657],[-122.13556055716325,46.62749869921047],[-122.13566657900428,46.6277593070666],[-122.13529083440075,46.6278328412724],[-122.13539685571284,46.62809344960446],[-122.13464536125596,46.6282405156737],[-122.13475138067167,46.62850112483127],[-122.13399988012652,46.62864818754436],[-122.13389386344559,46.6283875776877],[-122.13351811328289,46.62846110717399],[-122.13341209880771,46.62820049709423],[-122.13303634917408,46.62827402521708],[-122.13271831488069,46.627492194687626],[-122.13234256851092,46.62756572074811],[-122.13213055257492,46.62704450032805],[-122.13175480810168,46.627118024675774],[-122.13154279825345,46.62659680406226],[-122.1311670556767,46.6266703266971],[-122.13095505191619,46.62614910589014],[-122.13057931123593,46.62622262681222],[-122.13036731356299,46.6257014058117],[-122.12961583515737,46.62584844321668],[-122.12950984031288,46.62558783220704],[-122.12875836128937,46.62573486485784],[-122.12865237001776,46.62547425327569],[-122.1279008903765,46.62562128117239],[-122.12779490267776,46.62536066901768],[-122.12741916296736,46.62543418109589],[-122.12731317747411,46.62517356871815],[-122.12693743829298,46.62524707943314],[-122.12683145500522,46.62498646683232],[-122.12570423653571,46.62520699184599],[-122.12581021572129,46.62546760549499],[-122.12505872981657,46.625614617800295],[-122.12516470710534,46.625875232274474],[-122.1240374678607,46.62609574417685],[-122.12414344188511,46.62635635982557],[-122.12339194213033,46.62650336338993],[-122.12349791425771,46.62676397986384],[-122.1231221617558,46.62683748047463],[-122.12322813335369,46.62709809742438],[-122.12247662310077,46.62724509630297],[-122.12258259280156,46.62750571407791],[-122.12183107646155,46.62765270959974],[-122.1219370442652,46.627913328199995],[-122.1215612834706,46.627986824789396],[-122.12166725074464,46.628247443865455],[-122.11941266017395,46.628688404206095],[-122.11951862008014,46.628949025504944],[-122.11839130937939,46.629169493035235],[-122.11828535357628,46.628908870688306],[-122.11753381165491,46.62905584327337],[-122.11742785942512,46.62879522035431],[-122.11179120870463,46.62989738022065],[-122.11168527782937,46.62963675218839],[-122.11055792916856,46.62985715573579],[-122.10971054515213,46.627772127652385],[-122.10933477153249,46.62784559067939],[-122.10912293664056,46.62732433422581],[-122.10874716491888,46.62739779554044],[-122.10864125009715,46.627137167154316],[-122.10826547890568,46.62721062710572],[-122.10815956628933,46.62694999849687],[-122.10778379562807,46.62702345708511],[-122.10767788521709,46.62676282825357],[-122.10730211508609,46.62683628547859],[-122.10698439298174,46.62605439869583],[-122.1066086261166,46.62612785385928],[-122.10597321272716,46.62456408161479],[-122.10559745323108,46.62463753366932],[-122.10506797194176,46.62333439186515],[-122.10469221844687,46.62340784116005],[-122.10352744834347,46.620540936477894],[-122.10315170905548,46.620614380918894],[-122.10304582725576,46.62035375362991],[-122.10229434890329,46.62050063877198],[-122.102188470676,46.62024001091128],[-122.10106125097094,46.620460329972836],[-122.10095537768379,46.62019970119139],[-122.10057963747533,46.62027313850165],[-122.10047376639305,46.620012509497634],[-122.10009802671505,46.62008594544495],[-122.09988628979725,46.61956468711802],[-122.09951055201739,46.61963812135337],[-122.09940468618184,46.619377492030516],[-122.09902894893247,46.61945092490295],[-122.09881722250803,46.61892966593832],[-122.09844148715683,46.619003097098854],[-122.09833562656789,46.61874246745715],[-122.09795989174724,46.61881589725479],[-122.097854033363,46.61855526739039],[-122.09747829907292,46.61862869582514],[-122.09737244289336,46.61836806573821],[-122.09699670913385,46.618441492810064],[-122.09667914972032,46.61765960226053],[-122.09630341922667,46.61773302727161],[-122.09598587144902,46.616951136812446],[-122.0956101442212,46.61702455976285],[-122.09550429800355,46.61676392951353],[-122.09512857130636,46.61683735110104],[-122.09491688411704,46.61631609028362],[-122.09454115931811,46.616389510159394],[-122.09443531834644,46.616128879591244],[-122.0940595940782,46.61620229810434],[-122.09395375531099,46.615941667313564],[-122.09320230699907,46.61608850060012],[-122.09309647180396,46.61582786923797],[-122.09234502287977,46.61597469777105],[-122.0922391912567,46.61571406583746],[-122.0914877417204,46.61586088961713],[-122.09085278596625,46.61429709648211],[-122.09047706814852,46.61437050475806],[-122.08973633408034,46.612546082737914],[-122.08936062499876,46.61261948755836],[-122.08904318419386,46.61183759325425],[-122.08941888917289,46.611764189480034],[-122.08846659962857,46.60941851652115],[-122.08809090695667,46.60949191715675],[-122.08777349626924,46.60871002739518],[-122.08739780686301,46.60878342597075],[-122.08644563227821,46.60643776035831],[-122.08606995434181,46.60651115478194],[-122.08585837192523,46.60598989644662],[-122.08548269588708,46.606063289159195],[-122.0853769073007,46.60580265983196],[-122.0850012317935,46.605876051182086],[-122.08478965986451,46.60535479220861],[-122.08441398625558,46.6054281818477],[-122.08430820291295,46.60516755220138],[-122.08393252983498,46.60524094047809],[-122.08340363250305,46.603937792394156],[-122.08302796542526,46.604011177914046],[-122.08281641508104,46.60348991886547],[-122.08244074990156,46.60356330267443],[-122.08222920563685,46.60304204343278],[-122.08185354235567,46.6031154255308],[-122.08143046932985,46.60207290716515],[-122.08105481068147,46.60214628685533],[-122.08094904588268,46.60188565723032],[-122.080197728812,46.602032412872155],[-122.08009196758385,46.601771782676074],[-122.07896498980858,46.60199190748988],[-122.07885923351834,46.60173127637429],[-122.07810791355551,46.601878020484186],[-122.0780021608359,46.60161738879763],[-122.07762650096768,46.601690758983295],[-122.07752075045137,46.601430127074295],[-122.07714509111439,46.60150349589775],[-122.07703934280141,46.60124286376619],[-122.07628802435391,46.60138959767477],[-122.07618227961153,46.60112896497229],[-122.07543096055457,46.60127569412871],[-122.07532521938278,46.601015060855325],[-122.07494955996764,46.60108842356437],[-122.0748438209991,46.600827790068514],[-122.07446816211531,46.60090115141534],[-122.07383375406242,46.59933735099505],[-122.0734581025464,46.59941070923761],[-122.07303518603126,46.59836817674944],[-122.07265953914833,46.59844153258464],[-122.07234236463997,46.59765963349556],[-122.07196672102292,46.59773298727189],[-122.07186099922562,46.59747235414565],[-122.07148535614,46.59754570655988],[-122.07127391778712,46.59702443998841],[-122.07089827660018,46.59709779069214],[-122.07079256004458,46.59683715724688],[-122.06966563557094,46.59705720223052],[-122.06955992395274,46.59679656786626],[-122.06918428215734,46.59686991381822],[-122.06907857274203,46.59660927923151],[-122.06832728937863,46.59675596739749],[-122.06822158353347,46.596495332240075],[-122.06747029956193,46.596642015654346],[-122.0673645972869,46.59638137992628],[-122.06661331270733,46.596528058588724],[-122.06650761400243,46.59626742229004],[-122.06613197182651,46.596340759752344],[-122.06602627532446,46.59608012323126],[-122.06565063368022,46.596153459331454],[-122.06554493938097,46.59589282258799],[-122.06479365632032,46.59603949105052],[-122.06468796559119,46.59577885373653],[-122.06431232417482,46.595852186098796],[-122.06420663564846,46.59559154856245],[-122.06232842287045,46.59595819342567],[-122.06222274201605,46.59569755427415],[-122.06184709832134,46.595770879857106],[-122.06174141966969,46.595510240483264],[-122.06136577650685,46.595583564704256],[-122.06126010005795,46.59532292510812],[-122.0605088139606,46.59546956981216],[-122.06040314108175,46.59520892964561],[-122.06002749814729,46.59528225012871],[-122.05992182747119,46.59502160973984],[-122.05954618506867,46.595094928861],[-122.05922918215441,46.59431300740546],[-122.0588535430185,46.59438632446828],[-122.05864221465364,46.59386504343102],[-122.05826657741699,46.59393835878378],[-122.05816091585483,46.59367771810587],[-122.05740964161029,46.593824345073536],[-122.057303983618,46.59356370382527],[-122.05505014904213,46.594003558307655],[-122.05515579883037,46.594264201644556],[-122.05478015544374,46.59433750752463],[-122.05488580469982,46.59459815133552],[-122.0537588654265,46.59481806393675],[-122.05386451141558,46.595078708917896],[-122.0519862557524,46.59544521138287],[-122.0520918957394,46.59570585823036],[-122.05096492821703,46.59592574858691],[-122.05107056493668,46.596186396604644],[-122.05069490605808,46.5962596917104],[-122.05058927070597,46.59599904334456],[-122.05021361235974,46.59607233708838],[-122.05010797921028,46.59581168850051],[-122.04973232139648,46.59588498088233],[-122.04962669044963,46.59562433207235],[-122.04925103316826,46.59569762309218],[-122.04914540442404,46.59543697406024],[-122.04839409009115,46.59558355236205],[-122.04828846491706,46.595322902759996],[-122.04791280786554,46.595396190041996],[-122.04780718489407,46.59513554021789],[-122.04705587102106,46.59528211104408],[-122.04695025161968,46.595021460649924],[-122.04619893714175,46.59516802672438],[-122.04609332131047,46.594907375760286],[-122.04571766418658,46.5949806569286],[-122.04561205055784,46.594720005742474],[-122.04523639396656,46.59479328554889],[-122.04513078254034,46.59453263414081],[-122.04475512648169,46.594605912585266],[-122.04464951725794,46.59434526095526],[-122.04427386173192,46.59441853803785],[-122.0440626485243,46.59389723445971],[-122.04368699489851,46.593970509832445],[-122.0435813909146,46.593709857884406],[-122.04320573782148,46.59378313189529],[-122.04310013604,46.593522479725316],[-122.04272448347957,46.593595752374235],[-122.04261888390049,46.59333509998231],[-122.04224323187277,46.59340837126938],[-122.0421376344961,46.59314771865558],[-122.04138633067136,46.59329425749211],[-122.04128073686459,46.59303360430831],[-122.0409050850676,46.59310687185777],[-122.04079949346318,46.592846218452124],[-122.040423842199,46.59291948463968],[-122.04052943243585,46.593180138393286],[-122.0401537789693,46.593253403914815],[-122.04025936867333,46.593514058142304],[-122.03913239916233,46.59373384966697],[-122.03923798559825,46.59399450506415],[-122.03773534242663,46.59428754762647],[-122.03784092422664,46.594548204541276],[-122.03295722390475,46.595500485345056],[-122.03274609670068,46.59497916259696],[-122.03237042433823,46.59505240717265],[-122.03226486335588,46.59479174563995],[-122.03188919152667,46.59486498885377],[-122.03167807480126,46.59434366547095],[-122.03130240487309,46.59441690697513],[-122.03119684913,46.594156245125085],[-122.03082117973509,46.594229485267405],[-122.0307156261943,46.5939688231956],[-122.03033995733264,46.59404206197612],[-122.03023440599416,46.59378139968262],[-122.029483068503,46.59392787350591],[-122.02937752073461,46.59366721064293],[-122.0282505123428,46.593886912729275],[-122.02814496951228,46.59362624894905],[-122.0277692997473,46.593699480602],[-122.02766375911902,46.593438816600134],[-122.0242827059973,46.594097852714455],[-122.02417717851418,46.59383718570903],[-122.02154743338356,46.5943497101314],[-122.02144191631024,46.59408904081815],[-122.01655801325848,46.59504073553454],[-122.01666351254748,46.5953014093675],[-122.01628782049012,46.595374609902066],[-122.01639331924518,46.59563528420891],[-122.01601762498558,46.595708484076994],[-122.01654512443243,46.59701185924332],[-122.01616942249795,46.59708505983552],[-122.01627492352165,46.597345735595205],[-122.01589921938482,46.597418935520956],[-122.0160047198745,46.59767961175467],[-122.0156290135353,46.597752811013876],[-122.01573451349095,46.5980134877216],[-122.01535880494939,46.59808668631432],[-122.015464304371,46.59834736349601],[-122.01433716963653,46.5985669542318],[-122.01423167431969,46.598306276007065],[-122.0138559624415,46.59837947054287],[-122.01375046932704,46.59811879209682],[-122.01224761894612,46.59841155870723],[-122.01214213213888,46.59815087899695],[-122.01026355723737,46.598516812701554],[-122.01015807810576,46.598256131379465],[-122.00978236199167,46.59832931473005],[-122.00957140896715,46.59780795176977],[-122.0091956947557,46.597881133410866],[-122.00909022086276,46.59762045177266],[-122.00871450718564,46.597693632051886],[-122.008609035495,46.59743295019252],[-122.00823332235225,46.59750612910994],[-122.0081278528639,46.59724544702926],[-122.00775214025552,46.59731862458486],[-122.00764667296941,46.59705794228301],[-122.00689524798757,46.59720429365636],[-122.00678978427206,46.59694361078575],[-122.00566264465007,46.59716312919614],[-122.00576810426054,46.59742381310945],[-122.00351379429202,46.5978628246303],[-122.00276235096517,46.598009153689695],[-122.00265690230195,46.59774846699608],[-122.00152973516352,46.59796795193537],[-122.00142429143942,46.59770726432566],[-122.00104856876088,46.59778042359599],[-122.00094312723898,46.59751973576518],[-122.00056740509514,46.59759289367369],[-122.00046196577546,46.59733220562188],[-122.00008624416635,46.5974053621686],[-121.99987537076505,46.59688398574919],[-121.99949965105915,46.596957140586625],[-121.9993942169775,46.59669645221906],[-121.9990184978064,46.59676960569476],[-121.9991239305196,46.5970302944098],[-121.9968695897753,46.59746919604811],[-121.99697501511116,46.597729886974335],[-121.9965992873675,46.59780303404471],[-121.99670471216845,46.59806372544479],[-121.99632898222262,46.59813687184823],[-121.99643440648862,46.598397563722266],[-121.99530720754368,46.598616997888946],[-121.99541262853752,46.598877690931744],[-121.99466115566896,46.59902397599932],[-121.9947665747592,46.59928466986358],[-121.99439083570586,46.59935781122321],[-121.99449625426104,46.599618505561395],[-121.99412051300546,46.59969164625407],[-121.99422593102557,46.599952341066206],[-121.99385018756769,46.60002548109198],[-121.99395560505275,46.60028617637817],[-121.9935798593926,46.60035931573701],[-121.99368527634253,46.60062001149713],[-121.99330952848007,46.60069315018903],[-121.9934149448949,46.600953846423195],[-121.99303919483009,46.601026984448076],[-121.99325002742309,46.60154837799108],[-121.99287427378717,46.60162151569651],[-121.99297968996532,46.60188221300536],[-121.992603934127,46.60195535004376],[-121.99270934977002,46.60221604782671],[-121.99233359172928,46.602289184198135],[-121.99243900683709,46.602549882455165],[-121.99168748551719,46.60269615284965],[-121.99179289872095,46.602956851928276],[-121.9910413713289,46.60310311895982],[-121.99114678262858,46.60336381885996],[-121.98776485578222,46.604021973412614],[-121.9878702555952,46.60428267656649],[-121.98749448040887,46.60435580012508],[-121.98759987968643,46.60461650375305],[-121.98722410229759,46.604689626644564],[-121.9873295010397,46.604950330746746],[-121.98695372144833,46.60502345297119],[-121.98716451869507,46.60554486225071],[-121.98754030102448,46.605471739331385],[-121.98775110434345,46.605993148423046],[-121.98812688857736,46.60592002379432],[-121.98833769796876,46.60644143269818],[-121.98871348410714,46.60636830635996],[-121.98892429957107,46.606889715075965],[-121.98930008761393,46.60681658702825],[-121.98961632116924,46.60759870001077],[-121.98999211248565,46.60752556990603],[-121.99009752670716,46.60778627413967],[-121.98972173402167,46.60785940459195],[-121.9899325622276,46.60838081413469],[-121.98955676597025,46.608453944267374],[-121.98966217995465,46.608714649576484],[-121.98928638149448,46.60878777904224],[-121.98939179494344,46.6090484848257],[-121.98901599428045,46.609121613624374],[-121.98912140719395,46.60938231988222],[-121.98874560432813,46.609455448013755],[-121.98885101670616,46.609716154746074],[-121.98847521163746,46.60978928221059],[-121.98858062347999,46.61004998941726],[-121.98820481620841,46.61012311621469],[-121.9884156396562,46.61064453170385],[-121.9880398288125,46.610717658181755],[-121.98814524041771,46.610978366464245],[-121.98852105263067,46.6109052396388],[-121.98862646643886,46.6111659477007],[-121.98900227918733,46.611092819513125],[-121.98910769519847,46.61135352735436],[-121.98948350848244,46.611280397804634],[-121.98958892669658,46.61154110542524],[-121.989964740516,46.61146797451337],[-121.99007016093316,46.611728681913334],[-121.99044597528805,46.61165554963931],[-121.99055139790823,46.61191625681864],[-121.99092721279854,46.611843123182375],[-121.99113806327881,46.61236453722679],[-121.99151388007378,46.61229140188073],[-121.99172473662789,46.61281281573768],[-121.9921005553275,46.61273967868186],[-121.99220598622458,46.613000385453184],[-121.99258180545957,46.61292724703509],[-121.99279267249393,46.613448660263444],[-121.99316849363352,46.61337552013547],[-121.99348480454721,46.614157639887395],[-121.99386062896066,46.6140844977019],[-121.9940715098114,46.61460591080941],[-121.99444733612947,46.61453276691403],[-121.99508000691326,46.616097007198874],[-121.99545584061313,46.616023860202745],[-121.99587764329378,46.61706668820915],[-121.99625348163693,46.61699353880757],[-121.99730806042007,46.61960061424161],[-121.9969322083829,46.61967376712059],[-121.99714313141064,46.62019518442834],[-121.99676727580035,46.620268336988154],[-121.99708366249008,46.62105046494671],[-121.99670780193715,46.6211236175352],[-121.99691872782903,46.62164503750569],[-121.997294591121,46.62157188422159],[-121.99740005668784,46.62183259404982],[-121.9977759205151,46.621759439403235],[-121.99788138828572,46.6220201490109],[-121.99825725264823,46.621946993001785],[-121.99846819343132,46.622468411903],[-121.99696472001926,46.62276103263365],[-121.997070186184,46.623021743666364],[-121.9951908188,46.623387498486984],[-121.99529627895095,46.623648211386026],[-121.99492040160177,46.62372135965365],[-121.9950258612173,46.623982073027754],[-121.99464998166424,46.624055220628435],[-121.99475544074437,46.62431593447756],[-121.99400367639616,46.624462227330206],[-121.9945309706134,46.62576580196385],[-121.99415508033935,46.625838948607075],[-121.9942605403158,46.62609966426361],[-121.99313286037878,46.626319099147786],[-121.99323831708018,46.62657981597516],[-121.99248652354464,46.626726101519424],[-121.99259197834064,46.62698681916982],[-121.9922160789517,46.6270599607675],[-121.99242698830678,46.62758139714619],[-121.99205108534389,46.627654538424665],[-121.99236745152382,46.6284366949918],[-121.99199154361705,46.62850983629889],[-121.99220245583521,46.629031275343195],[-121.99182654435431,46.62910441633113],[-121.9919320003449,46.62936513639231],[-121.9915560866598,46.62943827671324],[-121.99166154211473,46.62969899724977],[-121.99128562622538,46.629772136903554],[-121.9913910811446,46.630032857915396],[-121.99101516305102,46.630105996902195],[-121.99112061743456,46.63036671838942],[-121.99036877600453,46.63051299401394],[-121.99047422848233,46.63077371632437],[-121.98972238097515,46.63091998858493],[-121.98982783154716,46.63118071171857],[-121.98719632940272,46.631692635095035],[-121.98730177121837,46.63195336079108],[-121.98654990321451,46.63209961617403],[-121.98707711110468,46.633403250046655],[-121.98745305237452,46.63333012112348],[-121.98776939123013,46.63411230193506],[-121.98739344584969,46.63418543190185],[-121.98760433985106,46.63470688711024],[-121.98722839089585,46.634780016757695],[-121.9874392854939,46.635301473172575],[-121.98706333296391,46.635374602500725],[-121.98737967700747,46.63615678912439],[-121.98700371953228,46.63622991848121],[-121.98721461699232,46.63675137756469],[-121.98683865594217,46.63682450660225],[-121.98704955399884,46.63734596689248],[-121.98667358937367,46.63741909561084],[-121.98677903828317,46.637679826295475],[-121.98640307145327,46.637752954346674],[-121.98650851982673,46.63801368550702],[-121.98613255079209,46.63808681289098],[-121.98623799862949,46.63834754452703],[-121.98586202739008,46.638420671243864],[-121.98607292282713,46.63894213559519],[-121.98569694801252,46.639015261992775],[-121.98580239561211,46.63927599470803],[-121.9854264185927,46.63934912043843],[-121.98584821185287,46.64039205396965],[-121.98547222851711,46.64046518007666],[-121.98589402964544,46.64150811704553],[-121.98627001846327,46.64143498954673],[-121.98658638218255,46.64221719257246],[-121.98621038925302,46.642290321115055],[-121.98631584412446,46.642551056060746],[-121.98593984898989,46.642624183936206],[-121.98604530332518,46.64288491935776],[-121.98566930598557,46.64295804656608],[-121.98577475978469,46.64321878246358],[-121.98539876023999,46.64329190900466],[-121.98560966760037,46.643813381879504],[-121.98485766052501,46.64395963330808],[-121.98496311271558,46.64422037063336],[-121.98458710655554,46.64429349517287],[-121.98469255820989,46.644554232974194],[-121.98431654984469,46.644627356846456],[-121.9844220009628,46.64488809512376],[-121.98404599039242,46.64496121832881],[-121.98415144097426,46.64522195708211],[-121.98302340014428,46.64544132165013],[-121.98312884744831,46.64570206157536],[-121.98275283079866,46.64577518141561],[-121.98285827756632,46.64603592181682],[-121.98248225871144,46.64610904098981],[-121.98258770494276,46.64636978186712],[-121.98221168388265,46.646442900372826],[-121.9823171295776,46.64670364172621],[-121.98194110631222,46.64677675956471],[-121.98204655147077,46.64703750139413],[-121.98167052600009,46.64711061856538],[-121.98177597062225,46.64737136087084],[-121.98064788509095,46.64759070733689],[-121.98075332643491,46.647851450814514],[-121.98000126250011,46.647997677411524],[-121.98010670193665,46.6482584217132],[-121.97935463192228,46.648404644945025],[-121.97946006945138,46.64866539007079],[-121.97908403182161,46.6487385005118],[-121.97918946881414,46.64899924611368],[-121.97843738830947,46.64914546464572],[-121.97854282339442,46.64940621107175],[-121.97816678051949,46.6494793191628],[-121.97827221506782,46.649740066064986],[-121.97752012407265,46.649886279897075],[-121.9780472956201,46.65119001981146],[-121.97767124201557,46.651263126944386],[-121.97777667745724,46.65152387566003],[-121.97815273243286,46.6514507681791],[-121.97857448802849,46.652493762932366],[-121.97895054765412,46.65242065304407],[-121.97958321430932,46.65398514693483],[-121.9788310777696,46.65413136987252],[-121.97872563398312,46.65387061987386],[-121.97458883843105,46.65467476960217],[-121.97448341056273,46.654414015903605],[-121.97297910172288,46.65470640213221],[-121.97308452410594,46.65496715722279],[-121.97158019643058,46.65525952859638],[-121.97168561416264,46.65552028520728],[-121.9713095287865,46.65559337586006],[-121.97141494598152,46.65585413294737],[-121.96915840797499,46.65629265762689],[-121.96926381777578,46.656553416930514],[-121.96851162902274,46.65669958439576],[-121.96861703691484,46.65696034452381],[-121.96748874341353,46.65717958914921],[-121.9675941480254,46.657440350449676],[-121.96458531767473,46.65802496088475],[-121.96447992403537,46.657764196800734],[-121.96410381785907,46.65783726818725],[-121.96420921012681,46.658098032619144],[-121.9634569925283,46.65824417304138],[-121.96356238288696,46.65850493829775],[-121.96318627146475,46.65857800733344],[-121.96350244343105,46.6593603049179],[-121.96312632705961,46.65943337398182],[-121.96323171801177,46.659694140448465],[-121.96285559943442,46.65976720884472],[-121.96327716609854,46.66081027738961],[-121.96290104120003,46.660883346162095],[-121.96342801144215,46.662187186478164],[-121.96305187885044,46.66226025597482],[-121.9633680668917,46.66304256275292],[-121.96261579097441,46.66318870078721],[-121.96272118591305,46.663449470666656],[-121.96084047466032,46.6638147997183],[-121.9609458635738,46.66407557146643],[-121.9605697174485,46.664148634577785],[-121.9606751058243,46.66440940680267],[-121.95841820332149,46.66484776622891],[-121.95852358429968,46.66510854067042],[-121.95814742959072,46.66518159736779],[-121.95825281003113,46.665442372286066],[-121.95750049536649,46.665588483329586],[-121.95760587389704,46.66584925907266],[-121.95534890164983,46.66628756991339],[-121.9552435313518,46.666026792082555],[-121.9541150380832,46.66624593274655],[-121.95400967273568,46.665985154000865],[-121.95363350801671,46.66605819850941],[-121.95352814487543,46.6657974195447],[-121.9516473156298,46.66616262511134],[-121.95175267191027,46.66642340581561],[-121.9502479880119,46.66671555337653],[-121.95035333963759,46.666976335601255],[-121.94734392082981,46.66756058474756],[-121.94744926231135,46.66782136988428],[-121.9466968965249,46.66796742270836],[-121.94680223609572,46.6682282086698],[-121.94642605057923,46.66830123390591],[-121.94653138961166,46.66856202034426],[-121.94577901333201,46.668708068464674],[-121.94588435045365,46.66896885572776],[-121.94513196809342,46.66911490048048],[-121.9452373033042,46.66937568856835],[-121.94448491486331,46.66952172995329],[-121.94459024816317,46.66978251886601],[-121.94308545578444,46.670074590836556],[-121.94298012797445,46.66981380053246],[-121.9422277295266,46.669959829726665],[-121.94212240529548,46.66969903885601],[-121.9417462061932,46.669772051581425],[-121.94164088416846,46.669511260492015],[-121.94126468560485,46.66958427185365],[-121.94115936578646,46.66932348054558],[-121.9407831677615,46.66939649054351],[-121.94067785014941,46.669135699016735],[-121.93992545434305,46.669281715269285],[-121.93982014030979,46.66902092317595],[-121.93831534418175,46.669312942098976],[-121.93821003647233,46.66905214874358],[-121.9367052324945,46.669344150020684],[-121.93659993110901,46.669083355403394],[-121.93547132348947,46.66930234465057],[-121.9353660270554,46.66904154911921],[-121.93461362055253,46.66918753617547],[-121.93450832769732,46.668926740077694],[-121.9337559206051,46.669072722374686],[-121.9336506313287,46.668811925710656],[-121.93327442790479,46.668884914987544],[-121.93316914083462,46.66862411810486],[-121.93279293794971,46.66869710601809],[-121.93268765308572,46.668436308916924],[-121.93118283870096,46.66872824901923],[-121.93107756016103,46.668467450656465],[-121.93070135585366,46.668540432794444],[-121.93038552935279,46.66775803743785],[-121.93000932832979,46.66783101751686],[-121.92979878424187,46.667309420562866],[-121.92942258513064,46.66738239893056],[-121.92921204712177,46.66686080179771],[-121.92883584992232,46.66693377845425],[-121.92862531799233,46.6664121811426],[-121.92824912270467,46.666485156087944],[-121.92803859685343,46.66596355859744],[-121.9276624034776,46.66603653183153],[-121.92734662506872,46.665254135521195],[-121.92697043497726,46.665327106696616],[-121.92675992294983,46.66480550910657],[-121.92638373477018,46.664878478570856],[-121.92575222692199,46.66331368681261],[-121.92537604614434,46.6633866531757],[-121.9252707991252,46.66312585465339],[-121.92376607317262,46.66341770855619],[-121.92366083247683,46.66315690877287],[-121.9229084672465,46.66330282893368],[-121.92280323012898,46.66304202858427],[-121.92205086431122,46.66318794398631],[-121.92194563077193,46.66292714307104],[-121.92119326436679,46.66307305371426],[-121.92108803440578,46.66281225223303],[-121.92033566741345,46.66295815811753],[-121.92023044103067,46.66269735607044],[-121.91947807345124,46.662843257196165],[-121.91937285064671,46.6625824545832],[-121.91899666698005,46.662655403274705],[-121.91889144638114,46.66239460044327],[-121.91851526325404,46.66246754777134],[-121.91841004486075,46.66220674472154],[-121.91765767885278,46.66235263563498],[-121.91755246403767,46.662091832019364],[-121.91717628115684,46.662164775604715],[-121.91707106854732,46.66190397177074],[-121.91631870303199,46.662049855198624],[-121.91621349400063,46.66178905079889],[-121.91508494359861,46.66200786727882],[-121.91497973951809,46.661747061965904],[-121.91422737116422,46.66189293384452],[-121.91401697099234,46.66137132221638],[-121.91364078831138,46.661444255936956],[-121.91332519841775,46.66066183842045],[-121.91294901902191,46.66073477008296],[-121.91242305938496,46.65943074173263],[-121.9127992319178,46.659357811806785],[-121.91248366201103,46.65857539738657],[-121.91210749359588,46.65864832627046],[-121.9112660214642,46.65656189071237],[-121.91088986319656,46.6566348158021],[-121.91067950623527,46.656113207507325],[-121.91030334987997,46.65618613088655],[-121.91019817402073,46.6559253265853],[-121.9094458615573,46.6560711696015],[-121.90934068927562,46.655810364734684],[-121.90858837622686,46.65595620299276],[-121.90848320752275,46.65569539756039],[-121.90810705112204,46.655768314818275],[-121.90800188462298,46.6555075091676],[-121.907249572069,46.65565333994116],[-121.90714440914748,46.65539253372501],[-121.90676825299424,46.65546544724072],[-121.9066630922777,46.655204640806254],[-121.9062869366645,46.65527755295881],[-121.90618177815297,46.655016746306046],[-121.90542946717419,46.6551625668691],[-121.90532431224015,46.65490175965081],[-121.90457200067668,46.65504757545571],[-121.90446684932013,46.65478676767213],[-121.90409069366233,46.65485967370351],[-121.90398554451069,46.65459886570161],[-121.90172860131914,46.65503627847209],[-121.90183374223538,46.6552970885568],[-121.89957676084413,46.65573446683542],[-121.89947162816364,46.65547365466788],[-121.89909546305803,46.65554654714462],[-121.89888520293916,46.65502492250236],[-121.89850903974659,46.65509781326891],[-121.89819365992803,46.654315376231395],[-121.89744133928201,46.654461152634006],[-121.89733621708552,46.65420033985194],[-121.89696005688688,46.65427322618213],[-121.89685493689521,46.654012413181995],[-121.89610261674666,46.65415818210042],[-121.89599750033241,46.653897368535056],[-121.89562134038259,46.65397025112321],[-121.89551622617314,46.653709437339785],[-121.89476390652239,46.65385519877409],[-121.89465879589035,46.65359438442554],[-121.89428263618947,46.653667263271664],[-121.8941775277622,46.653406448705056],[-121.8938013686019,46.65347932618821],[-121.89369626237934,46.65321851140348],[-121.89294394430792,46.653364262627754],[-121.89273373984956,46.652842632057094],[-121.89235758231112,46.652915505451254],[-121.89225248270263,46.65265469001239],[-121.8915001678751,46.65280043305872],[-121.89139507184392,46.65253961705482],[-121.89101891455486,46.652612486707035],[-121.89080872773376,46.65209085439206],[-121.89043257235807,46.65216372233432],[-121.89022239161004,46.65164208984125],[-121.88984623814775,46.65171495607361],[-121.88909392872743,46.651860685490455],[-121.8891990145675,46.65212150271335],[-121.88844669907425,46.65226722876005],[-121.8885517830008,46.652528046805756],[-121.88742329940372,46.652746629296416],[-121.88752838004395,46.65300744851195],[-121.88677605074105,46.6531531657861],[-121.88688112946761,46.65341398582448],[-121.88575262515602,46.65363255515616],[-121.88585770059602,46.65389337636426],[-121.88548152945563,46.65396623112298],[-121.88558660435467,46.65422705280701],[-121.88483425683275,46.65437275997007],[-121.88493932981794,46.65463358247705],[-121.88418697622294,46.65477928626965],[-121.88429204729418,46.6550401095995],[-121.88165877389946,46.65555004329503],[-121.88176383619198,46.65581086918236],[-121.88138764957833,46.65588371313562],[-121.88149271132968,46.6561445394989],[-121.88111652251128,46.656217382782934],[-121.8812215837214,46.65647820962227],[-121.8808453926982,46.656551052237084],[-121.88063527385575,46.65602939799379],[-121.88025908474685,46.65610223889857],[-121.88015402794626,46.655841411623705],[-121.87977783937859,46.65591425116559],[-121.87967278478274,46.655653423672966],[-121.87929659675638,46.65572626185182],[-121.87919154436523,46.655465434141426],[-121.87881535688017,46.65553827095729],[-121.8787103066937,46.655277443029185],[-121.87758174336757,46.655495946339265],[-121.87747669813183,46.65523511749974],[-121.8767243211689,46.6553807805987],[-121.87661927951085,46.655119951194614],[-121.87586690196751,46.65526560953534],[-121.87576186388716,46.655004779566724],[-121.87500948576358,46.655150433149196],[-121.87490445126089,46.65488960261609],[-121.87452826232482,46.65496242753629],[-121.87442323002674,46.654701596785536],[-121.87367085240612,46.65484724288386],[-121.87356582368568,46.654586411568594],[-121.87318963500114,46.654659232746745],[-121.87308460848529,46.65439840121383],[-121.87270842034233,46.654471221029006],[-121.87260339603102,46.65421038927851],[-121.87185101999688,46.65435602516684],[-121.87174599926317,46.65409519285192],[-121.87061743309535,46.654313638022884],[-121.87072244970975,46.654574471378105],[-121.86771289236208,46.65515694989589],[-121.86760788673283,46.65489611376681],[-121.86723168969638,46.65496891866188],[-121.86712668627167,46.65470808231525],[-121.86675048977708,46.6547808858474],[-121.86664548855688,46.65452004928329],[-121.86626929260414,46.65459285145255],[-121.86616429358843,46.65433201467087],[-121.8657880981776,46.65440481547721],[-121.86568310136637,46.654143978478075],[-121.86530690649747,46.65421677792148],[-121.86509691811513,46.65369510361733],[-121.86434453137629,46.65384069806891],[-121.86423954117835,46.65357986041725],[-121.86311095895559,46.653798243432945],[-121.86321594503393,46.654059082124604],[-121.8620873512108,46.65427745703423],[-121.8621923340006,46.65453829689504],[-121.86143993121613,46.654683875780236],[-121.86154491209057,46.65494471646355],[-121.86041629756028,46.65516307820937],[-121.86052127514594,46.655423920061835],[-121.86014506726688,46.65549670562456],[-121.86025004431039,46.65575754795288],[-121.85987383422686,46.655830332845966],[-121.85976885855669,46.65556949017099],[-121.85901643864293,46.65571505621507],[-121.85891146655062,46.65545421297612],[-121.85853525672042,46.65552699412714],[-121.85843028683257,46.65526615067075],[-121.85767786742564,46.65541170923066],[-121.85757290111562,46.65515086521039],[-121.8571966915389,46.655223642619305],[-121.85709172743329,46.65496279838171],[-121.85671551839893,46.65503557442774],[-121.85661055649774,46.654774729972814],[-121.8562343480057,46.65484750465593],[-121.8561293883089,46.654586659983714],[-121.85575318035923,46.65465943330403],[-121.8556482228668,46.65439858841442],[-121.85489580722127,46.654544131312996],[-121.85479085330657,46.654283285859556],[-121.85441464561075,46.65435605543786],[-121.85430969390039,46.65409520976713],[-121.85393348674698,46.654167977982574],[-121.85382853724096,46.653907132094574],[-121.85345233063002,46.653979898947135],[-121.8533473833283,46.653719052841886],[-121.8525949703605,46.65386458280515],[-121.85249002663643,46.653603736136056],[-121.85173761309188,46.65374926134106],[-121.85163267294551,46.653488414108246],[-121.8508802588244,46.65363393455504],[-121.85077532225567,46.65337308675844],[-121.85002290755811,46.65351860244698],[-121.84991797456702,46.65325775408671],[-121.84916555929313,46.653403265017054],[-121.8490606298797,46.653142416093054],[-121.84830821402959,46.653287922265164],[-121.8482032881938,46.653027072777526],[-121.84782708039606,46.65309982399266],[-121.84772215676445,46.652838974287796],[-121.84696974142376,46.65298447297615],[-121.84621732276028,46.653129967599234],[-121.84632224089802,46.65339081868984],[-121.84556981616483,46.653536309940456],[-121.84567473238627,46.65379716185329],[-121.84529851740012,46.65386990630044],[-121.8454034330787,46.654130758689064],[-121.84465099786735,46.65427624522723],[-121.84475591162952,46.65453709843798],[-121.84437969140426,46.654609840529005],[-121.84448460462352,46.654870694215475],[-121.84410838219404,46.65494343563656],[-121.8443182083774,46.65546514409055],[-121.84394198237003,46.65553788518813],[-121.84415180912886,46.656059594852536],[-121.84377557954355,46.6561323356266],[-121.84409032179106,46.656914902132975],[-121.84371408725404,46.65698764293],[-121.84402883285692,46.65777021164057],[-121.84365259336809,46.6578429524606],[-121.8438624251762,46.658364666274444],[-121.84348618210917,46.65843740677101],[-121.84369601449276,46.65895912179568],[-121.84331976784745,46.65903186196878],[-121.8437394370886,46.66007529495807],[-121.84336318411734,46.66014803550068],[-121.84367794064987,46.66093061264209],[-121.84330168272635,46.66100335320768],[-121.84351152182099,46.661525072642846],[-121.84313526031889,46.661597812884956],[-121.8435549429824,46.662641254696126],[-121.84317867515385,46.6627139953079],[-121.84328359652288,46.66297485643124],[-121.84290732648955,46.66304759637303],[-121.84301224731549,46.66330845797249],[-121.84263597507737,46.66338119724427],[-121.84274089536017,46.66364205931997],[-121.84198834564344,46.66378753550712],[-121.84209326400911,46.66404839840549],[-121.84171698653047,46.66412113532072],[-121.84182190435294,46.66438199869532],[-121.84144562466948,46.664454734940584],[-121.84155054194873,46.66471559879135],[-121.84117426006041,46.66478833436664],[-121.84138409436335,46.66531006315045],[-121.84100780889604,46.66538279840223],[-121.8411127259197,46.66564366333515],[-121.84073643824745,46.66571639791692],[-121.84084135472784,46.66597726332614],[-121.83933619023409,46.666268192873595],[-121.8394411020488,46.66652905979878],[-121.83831221583239,46.66674724732468],[-121.83841712435539,46.66700811541927],[-121.8372882265392,46.6672262948352],[-121.83718332213883,46.66696542570104],[-121.83643072218928,46.66711087286884],[-121.83653562384119,46.66737174269603],[-121.83615932124606,46.6674444651015],[-121.83626422235444,46.667705335405],[-121.83588791755427,46.66777805714036],[-121.83599281811921,46.668038927920236],[-121.83561651111398,46.66811164898542],[-121.83572141113537,46.668372520241654],[-121.83534510192511,46.66844524063669],[-121.83545000140293,46.66870611236932],[-121.83507368998761,46.668778832094276],[-121.83517858892186,46.66903970430323],[-121.83480227530144,46.669112423358015],[-121.83490717369212,46.66937329604337],[-121.8345308578666,46.66944601442805],[-121.83463575571368,46.6697068875898],[-121.83388311882159,46.66985232200207],[-121.83398801475064,46.670113195986794],[-121.83248272549996,46.670404053997025],[-121.83269250885489,46.670925805128476],[-121.8323161817165,46.670998517782344],[-121.83242107326556,46.67125939388945],[-121.83204474392197,46.67133210587304],[-121.83214963492732,46.6715929824567],[-121.83177330337847,46.67166569377008],[-121.83187819384005,46.671926570830244],[-121.83150186008596,46.67199928147346],[-121.83160675000374,46.672260159010115],[-121.83123041404438,46.67233286898307],[-121.8313353034184,46.672593746996206],[-121.83020628643229,46.672811871854165],[-121.8303111725133,46.67307275103695],[-121.82955848761978,46.673218163218124],[-121.8296633717823,46.67347904322396],[-121.82891068081673,46.67362445203101],[-121.8290155630607,46.67388533285994],[-121.82863921495719,46.67395803608479],[-121.82874409665723,46.67421891739039],[-121.82836774634839,46.67429161994498],[-121.8289970457455,46.67585691258933],[-121.82937340430254,46.67578420795554],[-121.83000274185538,46.67734950320494],[-121.83037910783014,46.677276795474796],[-121.83142808396651,46.679885627838196],[-121.83105170424362,46.67995833903443],[-121.83115660505233,46.68021922333352],[-121.83040384036401,46.6803646433687],[-121.83145286665521,46.68297350045801],[-121.83107646931525,46.68304621241689],[-121.83128628179526,46.683567986091774],[-121.83090988087427,46.68364069772708],[-121.83122460170185,46.68442336025726],[-121.83084819582471,46.68449607191568],[-121.83095310305426,46.68475696003313],[-121.83057669497104,46.68482967102134],[-121.83068160165652,46.68509055961591],[-121.8303051913672,46.68516326993384],[-121.83051500448107,46.685685048207624],[-121.83013859061052,46.685757758202],[-121.83045331238883,46.686540427631144],[-121.83007689356178,46.68661313764862],[-121.83070635130639,46.68817848210955],[-121.83032992339712,46.688251193190474],[-121.83043483455484,46.68851208473739],[-121.83005840443926,46.688584795148046],[-121.83016331505286,46.688845687172225],[-121.82941044957784,46.68899110563597],[-121.82951535827202,46.68925199848419],[-121.82876248672203,46.689397413573275],[-121.82886739349672,46.68965830724556],[-121.82773807581263,46.6898764232914],[-121.82794788360336,46.69039821310814],[-121.82757143996245,46.69047091711616],[-121.8282008750288,46.692036291781456],[-121.8270715143623,46.6922544039445],[-121.82717641898931,46.692515301219544],[-121.82529412771233,46.692878802882845],[-121.82539902629301,46.69313970202237],[-121.8227637739714,46.693648564058336],[-121.82307844581325,46.69443126954312],[-121.82345491705053,46.694358576977756],[-121.82355981070218,46.69461947872072],[-121.82393628248401,46.694546784791456],[-121.82414607503176,46.69506858797621],[-121.82452254873374,46.69499589233623],[-121.82462744762987,46.69525679377791],[-121.82500392187633,46.69518409677398],[-121.82521372491323,46.69570589935618],[-121.82559020107978,46.69563320064145],[-121.82580001019252,46.696155003053086],[-121.82617648827916,46.69608230262762],[-121.82638630346786,46.696604104868726],[-121.82676278347456,46.696531402732454],[-121.82686769369137,46.696792303702374],[-121.82724417424248,46.69671960020206],[-121.82734908666617,46.69698050095595],[-121.8277255677617,46.696907796091615],[-121.82783048239226,46.69716869662945],[-121.82820696403216,46.69709599040107],[-121.82831188086959,46.6973568907229],[-121.82868836305389,46.69728418313044],[-121.82879328209825,46.69754508323621],[-121.82916976482687,46.69747237427973],[-121.82927468607816,46.69773327416944],[-121.82965116935112,46.69766056384891],[-121.82986101709896,46.69818236332691],[-121.83023750229185,46.698109651295375],[-121.83034242878843,46.69837055088376],[-121.83071891452562,46.69829783748821],[-121.8308238432292,46.698558736860505],[-121.83120032951065,46.69848602210078],[-121.83130526042127,46.698746921257],[-121.83168174724696,46.69867420513329],[-121.8318916143137,46.699196003144266],[-121.83226810305925,46.69912328530946],[-121.83268785267263,46.70016688151388],[-121.8330643460894,46.70009416127411],[-121.83369400370817,46.701659557424875],[-121.83407050454761,46.701586834086086],[-121.8343853487099,46.70236953288754],[-121.83476185284495,46.702296807490534],[-121.83507670861873,46.70307950642921],[-121.83394718133697,46.70329768269151],[-121.83405213079746,46.70355858364066],[-121.83367561866453,46.70363130737392],[-121.83378056758082,46.70389220880111],[-121.83415708108954,46.703819484720775],[-121.83510167114187,46.70616760033593],[-121.83547819620159,46.70609487211494],[-121.83568811700233,46.70661667633201],[-121.83606464398208,46.70654394639962],[-121.83627457086153,46.70706575044663],[-121.83665109976134,46.70699301880279],[-121.83686103271963,46.707514822679826],[-121.83723756353947,46.707442089324445],[-121.83765744494123,46.70848569726286],[-121.838033980433,46.70841296150171],[-121.8385588577812,46.709717472638516],[-121.83893539932085,46.70964473412434],[-121.83914535883525,46.71016653880248],[-121.83952190229496,46.710093798576644],[-121.84025679643325,46.71192011665082],[-121.83988024334148,46.71199285930699],[-121.84030019564842,46.71303647390965],[-121.8406767542445,46.712963729864654],[-121.84078174577733,46.713224633496054],[-121.83965206336484,46.71344286362084],[-121.83975705160142,46.713703768425255],[-121.83862735757243,46.713921990435374],[-121.83873234251261,46.714182896412645],[-121.83760263686713,46.71440111030802],[-121.83739267607578,46.71387929640148],[-121.83701610861567,46.71395203163738],[-121.83680615390446,46.71343021756137],[-121.83642958836478,46.71350295108553],[-121.83621963973363,46.712981136840156],[-121.83584307611437,46.71305386865251],[-121.8356331335631,46.71253205423777],[-121.83525657186426,46.712604784338424],[-121.8350466353928,46.71208296975428],[-121.8346700756144,46.712155698143235],[-121.83446014522258,46.711633883389666],[-121.83408358736463,46.711706610066976],[-121.83397862479258,46.71144570253988],[-121.83360206747895,46.71151842785266],[-121.8333921475825,46.71099661249784],[-121.83301559218935,46.711069336098994],[-121.83280567837221,46.7105475205747],[-121.83242912489956,46.710620242464294],[-121.83232417061471,46.71035933455185],[-121.82968828265126,46.71086835686249],[-121.82979322730304,46.71112926720449],[-121.8294166671768,46.71120198095497],[-121.82952161128405,46.71146289177527],[-121.82914504894991,46.71153560485542],[-121.82924999251263,46.71179651615408],[-121.8288734279706,46.7118692285638],[-121.82897837098876,46.71213014034082],[-121.82709552892265,46.71249368886367],[-121.82730540369116,46.71301551628216],[-121.8269288300304,46.7130882236285],[-121.8270337672858,46.713349137881806],[-121.82665719141707,46.7134218445578],[-121.82676212812778,46.713682759289426],[-121.82261972354551,46.71448246938947],[-121.82272464594736,46.7147433880701],[-121.82159487765072,46.714961470498245],[-121.82169979675467,46.71522239035141],[-121.82057001684474,46.715440464662926],[-121.82067493265066,46.715701385688526],[-121.8127662348447,46.71722765672991],[-121.8128711225726,46.71748858517386],[-121.81174127454018,46.71770658830121],[-121.81184615896909,46.71796751791764],[-121.81109292003732,46.71811284894156],[-121.81119780254394,46.71837377938346],[-121.80856143045924,46.71888240833947],[-121.80845655759056,46.718621475469035],[-121.80807993105886,46.71869413233078],[-121.80797506039829,46.71843319924501],[-121.80759843441221,46.71850585474223],[-121.80749356595975,46.71824492144111],[-121.80711694051936,46.71831757557374],[-121.80701207427495,46.71805664205739],[-121.80663544938028,46.7181292948254],[-121.80653058534394,46.71786836109375],[-121.80615396099496,46.71794101249721],[-121.8060490991667,46.71768007855025],[-121.80567247536345,46.71775272858916],[-121.80556761574319,46.71749179442698],[-121.80481436839709,46.71763709075792],[-121.80470951236171,46.717376156033616],[-121.80433288881889,46.71744880232565],[-121.80422803499152,46.717187867386144],[-121.8030981635073,46.71740579911559],[-121.80288846660717,46.71688392755018],[-121.80251184387079,46.71695656873101],[-121.8023021530486,46.716434696998355],[-121.80154891059044,46.716579974919526],[-121.80144406917965,46.716319038557],[-121.80031420339077,46.716536946765586],[-121.8002093669417,46.71627600949423],[-121.79870287309772,46.71656653813732],[-121.79859804298734,46.71630559961046],[-121.79746816801074,46.7165234843664],[-121.79736334286213,46.716262544930906],[-121.79661009147732,46.71640779565274],[-121.79650526991355,46.71614685565532],[-121.79499876268197,46.716437343499244],[-121.794893947457,46.71617640224651],[-121.79075099917904,46.7169751560389],[-121.79064619993251,46.71671421110408],[-121.79026956466369,46.716786818631924],[-121.79016476762499,46.71652587348212],[-121.78941149734962,46.71667108479104],[-121.78930670389576,46.71641013907959],[-121.78893006888926,46.71648274286078],[-121.78872048722768,46.71596085113959],[-121.78796722023131,46.71610605426191],[-121.78786243340065,46.71584510790554],[-121.78710916583623,46.71599030626342],[-121.7870043825904,46.71572935934556],[-121.7866277489395,46.71580195665115],[-121.78652296790133,46.71554100951836],[-121.78539306609687,46.715758794288604],[-121.78528829002066,46.71549784624759],[-121.78453502075284,46.715643030312236],[-121.78443024826144,46.715382081709805],[-121.78367697842606,46.715527261010024],[-121.78357220951946,46.715266311846044],[-121.78281893911671,46.71541148638191],[-121.7827141737949,46.71515053665653],[-121.78158426609424,46.71536828978701],[-121.78147950573441,46.715107339153604],[-121.78034959469201,46.71532508208405],[-121.78024483929417,46.71506413054279],[-121.7791149249104,46.71528186327312],[-121.7790101744746,46.71502091082399],[-121.77675033155273,46.71545634672379],[-121.7769598167273,46.715978255911935],[-121.7765831705798,46.71605082569242],[-121.77668791303513,46.71631178083059],[-121.77631126468006,46.71638434993975],[-121.7764160065883,46.71664530555622],[-121.7760393560256,46.716717873993986],[-121.77614409738678,46.71697883008876],[-121.77576744461645,46.71705139785511],[-121.77587218543049,46.717312354428245],[-121.77549553045253,46.71738492152317],[-121.7757050118166,46.71790683575784],[-121.77532835325356,46.71797940252794],[-121.77543309380356,46.71824036018953],[-121.7750564330328,46.71831292628826],[-121.77516117303564,46.71857388442827],[-121.77478451005715,46.718646449855534],[-121.77488924951281,46.71890740847392],[-121.77451258432659,46.71897997322978],[-121.774617323235,46.71924093232653],[-121.77424065584104,46.71931349641103],[-121.77434539420223,46.7195744559862],[-121.77396872460048,46.71964701939923],[-121.77407346241444,46.71990797945283],[-121.7736967906049,46.71998054219446],[-121.77380152787157,46.72024150272649],[-121.77342485385421,46.72031406479666],[-121.77447225841193,46.72292368083949],[-121.77409556978817,46.7229962453572],[-121.77430505790845,46.72351817084266],[-121.77468174928751,46.723445605631795],[-121.775519746006,46.72553331008255],[-121.7758964475763,46.725460741080845],[-121.77642022940377,46.7267655589216],[-121.7775503497979,46.72654784060856],[-121.77775987660908,46.72706976658957],[-121.77813658450157,46.72699719108912],[-121.7784508850809,46.727780080011456],[-121.7780741730551,46.727852656551974],[-121.77859801707712,46.72915747579864],[-121.77897473599198,46.72908489752463],[-121.77928905650634,46.72986778961847],[-121.77966577872407,46.72979520928617],[-121.78008488988425,46.73083906587497],[-121.77970816215503,46.730911647594226],[-121.78086077122494,46.733782267936725],[-121.78048402750758,46.73385485245252],[-121.78058881375705,46.73411581907866],[-121.77870507581804,46.73447872811924],[-121.77880985600811,46.73473969661173],[-121.77805635226086,46.73488485379446],[-121.77816113052555,46.73514582311286],[-121.777407620699,46.73529097691652],[-121.77751239703825,46.73555194706091],[-121.77713563950073,46.73562452278223],[-121.77724041529262,46.73588549340578],[-121.77686365554615,46.73595806845572],[-121.77696843079066,46.73621903955844],[-121.77659166883527,46.73629161393705],[-121.77669644353239,46.73655258551895],[-121.77594291437298,46.73669773191501],[-121.77604768714447,46.73695870432297],[-121.77529415190561,46.73710384733978],[-121.77550369442794,46.73762579394019],[-121.77512692280591,46.737698364614786],[-121.77533646589478,46.738220312438656],[-121.77495969068546,46.73829288278862],[-121.77590266330498,46.74064165767596],[-121.77552587485988,46.74071423012911],[-121.77563065237113,46.740975206126116],[-121.77525386171683,46.74104777790785],[-121.77535863868054,46.741308754384214],[-121.77460505212257,46.74145389558656],[-121.7747098271603,46.74171487288919],[-121.77395623452209,46.741860010711996],[-121.77406100763378,46.74212098884096],[-121.77330740891534,46.74226612328423],[-121.7734121801009,46.7425271022395],[-121.77303537811699,46.742599668280434],[-121.77314014875485,46.742860647715176],[-121.77238653953752,46.74300577743577],[-121.77249130824919,46.74326675769689],[-121.77211450101575,46.74333932137649],[-121.77232403817447,46.74386128299034],[-121.77157041570092,46.74400640868194],[-121.77167518276937,46.74426739038157],[-121.77016792233815,46.74455763093169],[-121.77027268472295,46.74481861415141],[-121.76914222654032,46.745036284911464],[-121.76924698561993,46.74529726930438],[-121.76849333992028,46.74544237874612],[-121.7685980970733,46.745703363965475],[-121.7682212715986,46.74577591750555],[-121.76843078563948,46.746297889036235],[-121.76805395657657,46.74637044225157],[-121.76815871346442,46.74663142856291],[-121.7666513833902,46.746921632627114],[-121.76675613559372,46.747182620458666],[-121.76637929961949,46.747255169275405],[-121.76648405127494,46.74751615758657],[-121.76610721309115,46.74758870573175],[-121.76621196419852,46.74784969452255],[-121.76583512380513,46.7479222419961],[-121.7659398743644,46.74818323126659],[-121.7651861883277,46.748328323851865],[-121.76529093696,46.74858931394893],[-121.76491409131663,46.74866185906065],[-121.76501883940077,46.748922849637445],[-121.76464199154778,46.748995394077504],[-121.76474673908376,46.749256385134025],[-121.76399303812772,46.74940147165235],[-121.76409778373656,46.74966246353547],[-121.76334407669968,46.7498075466734],[-121.76344882038134,46.75006853938301],[-121.76307196423784,46.750141079771055],[-121.76317670737123,46.75040207296053],[-121.76279984901801,46.75047461267688],[-121.76290459160313,46.75073560634612],[-121.76252773104017,46.75080814539072],[-121.76273721594451,46.75133013382179],[-121.76236035179276,46.75140267254154],[-121.76246509411199,46.7516636673034],[-121.76133449253514,46.75188127839184],[-121.76143923154787,46.75214227432716],[-121.7606854902515,46.75228734398695],[-121.76079022733671,46.75254834074903],[-121.76041335406333,46.75262087439789],[-121.7605180906001,46.75288187163983],[-121.76014121511687,46.752954404616936],[-121.76045542557407,46.75373739818167],[-121.76007854512258,46.75380993118069],[-121.76018328222389,46.75407092964862],[-121.75942951607038,46.75421599328447],[-121.75953425124399,46.75447699257923],[-121.75878047900913,46.754622052834286],[-121.75888521225495,46.754883052955826],[-121.75850832351222,46.75495558190223],[-121.75861305620951,46.75521658250373],[-121.75823616525675,46.75528911077838],[-121.75834089740547,46.75555011185986],[-121.75796400424271,46.755622639462715],[-121.75806873584283,46.755883641024184],[-121.75731494426653,46.75602869386765],[-121.75741967393873,46.756289696255955],[-121.75628897620598,46.756507268921624],[-121.75639370257079,46.75676827248365],[-121.75563989717007,46.75691331652773],[-121.75574462160677,46.75717432091666],[-121.75461390313741,46.757391880383],[-121.75471862426649,46.7576528859457],[-121.75283406997383,46.75801546641619],[-121.75262464234096,46.75749345195579],[-121.75224773174952,46.75756596430008],[-121.75214302055848,46.75730495692294],[-121.75176611051593,46.7573774679017],[-121.75166140153495,46.757116460311025],[-121.75128449204132,46.75718896992425],[-121.75117978527042,46.75692796212003],[-121.75042596655048,46.75707297759674],[-121.75032126336907,46.75681196923219],[-121.74956744408604,46.75695697994043],[-121.74946274449415,46.756695971015596],[-121.74569361204607,46.757420959964236],[-121.7457982978424,46.75768197235655],[-121.74466753777594,46.75789945021532],[-121.74456285611843,46.75763843678289],[-121.74418593581512,46.75771092701824],[-121.74408125636766,46.757449913372405],[-121.74370433661362,46.75752240224222],[-121.74328563264558,46.75647834760523],[-121.74290871757971,46.75655083406951],[-121.74269937333673,46.75602880685739],[-121.74194554623257,46.756173775342894],[-121.74184087811571,46.75591276124346],[-121.74146396469786,46.75598524361135],[-121.74135929879084,46.755724229298565],[-121.74098238592235,46.75579671030106],[-121.74087772222516,46.755535695774846],[-121.74050080990607,46.7556081754119],[-121.7403961484187,46.7553471606724],[-121.740019236649,46.75541963894409],[-121.73960060451974,46.75437557993213],[-121.73922369743828,46.75444805579852],[-121.73932835284575,46.75470907069823],[-121.73895144355454,46.75478154589245],[-121.73905609841259,46.75504256127203],[-121.73867918691164,46.755115035794134],[-121.73878384122018,46.75537605165354],[-121.73727618139648,46.75566594094032],[-121.73717153260652,46.75540492369441],[-121.73641770047331,46.75554986153179],[-121.73652234650392,46.755810879470815],[-121.73539158793946,46.75602827962553],[-121.73549623066101,46.75628929873762],[-121.7347423847082,46.75643422777318],[-121.73484702550033,46.75669524771175],[-121.73296238919363,46.75705755420365],[-121.7330670239169,46.757318576008494],[-121.73269009278565,46.75739103459685],[-121.73279472695914,46.757652056881724],[-121.73241779361804,46.75772451479776],[-121.73231316082439,46.75746349216638],[-121.73193622803308,46.757535948716956],[-121.73183159744929,46.7572749258724],[-121.73145466520783,46.757347381057556],[-121.73135003683386,46.75708635799985],[-121.73059617262074,46.757231264620486],[-121.73049154783641,46.756970241003074],[-121.7278530066065,46.75747737965471],[-121.72764377884586,46.75695532796878],[-121.725382156271,46.75738997434634],[-121.72580058199321,46.758434086567846],[-121.72617752668346,46.758361646666245],[-121.72638674728356,46.758883702884795],[-121.72676369390392,46.75881126127123],[-121.72686830682879,46.759072289234275],[-121.72724525399926,46.75899984625524],[-121.72755910189326,46.75978292990561],[-121.72718215058279,46.75985537392425],[-121.727809860499,46.76142154690928],[-121.72705593882752,46.76156643604819],[-121.72716055729158,46.76182746603957],[-121.72640662954007,46.76197235179569],[-121.72651124607384,46.76223338261383],[-121.72613427957302,46.762305824309934],[-121.72623889555662,46.76256685560814],[-121.72586192684568,46.76263929663192],[-121.72596654227907,46.76290032841031],[-121.725589571358,46.76297276876157],[-121.72569418624117,46.76323380102018],[-121.72531721310996,46.763306240698924],[-121.72563105859871,46.764089339316335],[-121.72525408049685,46.7641617790158],[-121.72535869593949,46.76442281250209],[-121.72498171562744,46.764495251529176],[-121.7250863305198,46.76475628549574],[-121.72470934799749,46.7648287238503],[-121.72512781034574,46.76587286243994],[-121.7255047983892,46.76580042269903],[-121.72581865800647,46.76658352700543],[-121.72544166582205,46.76665596778615],[-121.72554628597422,46.766917003169105],[-121.7251692915794,46.76698944327739],[-121.72527391118128,46.76725047914063],[-121.72489691457604,46.76732291857644],[-121.72500153362758,46.767583954920106],[-121.72462453481192,46.7676563936834],[-121.72472915331312,46.7679174305075],[-121.72435215228701,46.76798986859835],[-121.72445677023785,46.76825090590282],[-121.72407976700127,46.76832334332118],[-121.72418438440175,46.768584381106066],[-121.72380737895467,46.76865681785195],[-121.72391199580476,46.76891785611726],[-121.7235349881472,46.768990292190686],[-121.72395345832619,46.7700344479768],[-121.72470748385514,46.76988957203777],[-121.72481210623607,46.77015061062558],[-121.72594314244513,46.769933288033606],[-121.72698945332837,46.77254367087495],[-121.72661242828362,46.772616116224995],[-121.7267170625575,46.7728771555923],[-121.72634003530196,46.77294960026989],[-121.7264446690255,46.77321064011781],[-121.72606763955912,46.773283084122895],[-121.7261722727323,46.7735441244515],[-121.72579524105508,46.77361656778419],[-121.72589987367786,46.773877608593395],[-121.72552283978978,46.773950051253664],[-121.72604600845422,46.77525525904327],[-121.72566896683253,46.775327702417904],[-121.72577360167551,46.7755887447246],[-121.72501951317992,46.77573362910977],[-121.72512414609174,46.77599467224392],[-121.72437005151363,46.77613955324564],[-121.72457931430503,46.77666164130314],[-121.72420226300906,46.776734080968644],[-121.72451615928088,46.77751721510061],[-121.72489321471924,46.7774447743949],[-121.72531176022912,46.778488953727795],[-121.72493469926745,46.77856139582065],[-121.72503933633988,46.7788224413359],[-121.72466227316703,46.77889488275626],[-121.72539474625789,46.78072220754692],[-121.72501767258836,46.78079465037556],[-121.72512231354192,46.781055697657735],[-121.72436816094981,46.78120058095066],[-121.72447279997185,46.781461629060715],[-121.72371864129626,46.78160650896997],[-121.72382327838669,46.781867557907844],[-121.72344619642233,46.78193999668025],[-121.72355083296213,46.782201046099175],[-121.72317374878638,46.78227348419917],[-121.72327838477551,46.78253453409909],[-121.72290129838832,46.78260697152651],[-121.72311057009564,46.78312907242284],[-121.72273348011595,46.78320150952455],[-121.72315202797097,46.784245714316015],[-121.72277493163651,46.78431815178564],[-121.72298420778424,46.78484025568092],[-121.72260710785704,46.78491269282486],[-121.72271174579541,46.78517374532082],[-121.72233464365664,46.785246181792175],[-121.72243928104426,46.78550723476939],[-121.72206217669391,46.7855796705682],[-121.72216681353075,46.785840724026635],[-121.72178970696875,46.785913159152805],[-121.72189434325482,46.786174213092494],[-121.72151723448118,46.78624664754613],[-121.72162187021644,46.786507701966976],[-121.72124475923114,46.78658013574807],[-121.7213493944156,46.786841190650236],[-121.72097228121861,46.78691362375875],[-121.72107691585224,46.78717467914212],[-121.72069980044353,46.78724711157805],[-121.72080443452631,46.7875081674427],[-121.72005019845507,46.78765302994994],[-121.72015483060564,46.78791408664273],[-121.71940058845004,46.78805894576582],[-121.71950521866839,46.7883200032868],[-121.71912809496362,46.788392431666],[-121.71923272463101,46.788653489668285],[-121.71885559871447,46.78872591737488],[-121.71896022783092,46.78898697585852],[-121.71858309970256,46.78905940289247],[-121.71868772826801,46.78932046185744],[-121.71831059792784,46.78939288821875],[-121.71841522594228,46.789653947665116],[-121.71728382579505,46.7898712216725],[-121.71738845049556,46.790132282293975],[-121.71701131407089,46.79020470527094],[-121.71742981565119,46.79124895048983],[-121.71705267287011,46.79132137383473],[-121.71715729895972,46.79158243582277],[-121.71602586148938,46.79179970078071],[-121.71613048426477,46.792060763943894],[-121.71499903517608,46.79227802076645],[-121.71510365463709,46.79253908510489],[-121.71472650189847,46.7926115023534],[-121.71483112080828,46.79287256717342],[-121.71445396585766,46.79294498374922],[-121.71455858421623,46.79320604905072],[-121.71418142705356,46.79327846495382],[-121.71428604486087,46.7935395307368],[-121.71390888548613,46.79361194596713],[-121.71401350274219,46.79387301223169],[-121.7136363411554,46.7939454267893],[-121.71374095786014,46.79420649353539],[-121.71336379406125,46.794278907420335],[-121.7134684102147,46.79453997464797],[-121.7130912442037,46.79461238786009],[-121.71319585980581,46.794873455569395],[-121.71281869158267,46.794945868108755],[-121.71292330663346,46.79520693629959],[-121.71254613619814,46.795279348166204],[-121.71285998218757,46.796062554587856],[-121.71248280677655,46.796134966475464],[-121.71258742238538,46.79639603589907],[-121.71145588702437,46.79661326648465],[-121.71156049931815,46.79687433708365],[-121.71118331782182,46.796946745586446],[-121.71128792956411,46.79720781666721],[-121.71091074585554,46.797280224497094],[-121.71101535704635,46.79754129605952],[-121.71063817112551,46.79761370321668],[-121.71084739323454,46.79813584743979],[-121.71047020371948,46.798208254270996],[-121.71078403896539,46.79899147265772],[-121.71116123262628,46.79891906478582],[-121.7112658474177,46.7991801375042],[-121.7116430416301,46.799107728265675],[-121.71174765863394,46.79936880077207],[-121.71212485339782,46.79929639016689],[-121.71233409266085,46.79981853489042],[-121.71308848522492,46.799673709233254],[-121.71319310886611,46.79993478110345],[-121.7135703052843,46.79986236639839],[-121.71367493113796,46.800123438056545],[-121.71405212810755,46.80005102198477],[-121.71415675617371,46.80031209343086],[-121.71453395369471,46.80023967599245],[-121.71474321508263,46.80076181859534],[-121.71512041453691,46.80068939944328],[-121.71522504785874,46.80095047060011],[-121.7156022478644,46.80087805008133],[-121.71581151976376,46.80140019210565],[-121.71618872170272,46.801327769873176],[-121.71671192289749,46.80263312556013],[-121.71708913091562,46.80256070057288],[-121.71719377502863,46.802821771768016],[-121.71757098359811,46.80274934541399],[-121.71767562992385,46.803010416397065],[-121.71805283904455,46.80293798867628],[-121.71826213695225,46.803460130353216],[-121.71788492506752,46.803532558768076],[-121.71840817746514,46.804837917057675],[-121.71878539626006,46.80476548690738],[-121.71889005061402,46.80502655862323],[-121.71926726996017,46.804954127106086],[-121.71937192652702,46.805215198609815],[-121.7197491464244,46.805142765725925],[-121.71985380520415,46.805403837017565],[-121.72023102565277,46.80533140276675],[-121.72033568664543,46.80559247384626],[-121.72071290764522,46.80552003822859],[-121.72155023655583,46.80760860894885],[-121.7219274677814,46.807536169534316],[-121.72213681108278,46.80805831287059],[-121.72251404424165,46.80798587174201],[-121.72261871852095,46.80824694326552],[-121.72299595223092,46.80817450076998],[-121.72320530604688,46.80869664352794],[-121.72282806957261,46.80876908671794],[-121.72314210238287,46.80955230290976],[-121.72276486093106,46.809624746121585],[-121.7228695388144,46.80988581880289],[-121.72249229514934,46.809958261342096],[-121.72270165064478,46.810480407804675],[-121.72232440338422,46.810552850018446],[-121.72242908099628,46.81081392379965],[-121.72205183152244,46.81088636534085],[-121.72215650858332,46.81114743960447],[-121.72177925689613,46.81121988047301],[-121.72198861074658,46.8117420301002],[-121.72161135546375,46.811814470643355],[-121.72182070987391,46.81233662150581],[-121.72144345099537,46.8124090617236],[-121.7218621642595,46.813453366460045],[-121.72148489902047,46.81352580704691],[-121.72179893854815,46.81430903806115],[-121.72142166833083,46.81438147866993],[-121.7217357111915,46.815164711943474],[-121.72135843599574,46.8152371525741],[-121.7220912220844,46.81706470404615],[-121.72171393638007,46.817137146087845],[-121.72223737303851,46.81844254579385],[-121.72186007959019,46.81851498855221],[-121.72196476803303,46.81877606924691],[-121.72234206286396,46.81870362614127],[-121.72265613732789,46.819486867995955],[-121.72303343547529,46.81941442282836],[-121.72313813000845,46.819675503370135],[-121.72351542870713,46.819603056835184],[-121.72372482303267,46.82012521763033],[-121.72410212366523,46.820052769380744],[-121.72504445172657,46.8224024965379],[-121.72466713865015,46.82247494791398],[-121.72498125882139,46.823258193781],[-121.72535857604596,46.823185741362614],[-121.72567270784852,46.82396898740712],[-121.72605002838979,46.8238965329264],[-121.72678304137814,46.82572410934287],[-121.72716037076721,46.82565165140988],[-121.72726509161744,46.82591273394996],[-121.72764242155775,46.825840274649394],[-121.72774714462233,46.82610135697762],[-121.72816604519697,46.82714568764657],[-121.72778870834257,46.8272181486847],[-121.7281028883573,46.82800139915317],[-121.72772554652269,46.82807386021381],[-121.72824918959961,46.829379282112534],[-121.72787184001884,46.82945174389078],[-121.72797656974637,46.82971282902523],[-121.72759921795092,46.82978529013091],[-121.72770394712721,46.83004637574856],[-121.72732659311711,46.830118836181754],[-121.7278502445595,46.831424268044266],[-121.72822760548459,46.83135180587324],[-121.72864654714206,46.832396152416855],[-121.72902391276746,46.832323687835334],[-121.72965235850626,46.83389020963938],[-121.73002973159818,46.83381774195192],[-121.73013447684922,46.83407882904708],[-121.73051185049238,46.83400635999186],[-121.7310355961415,46.83531179576694],[-121.73141297586827,46.83523932395325],[-121.73151772887698,46.8355004111682],[-121.7318951091549,46.83542793798668],[-121.73199986437874,46.83568902498986],[-121.73313200436996,46.835471598281295],[-121.7332367645751,46.83573268437723],[-121.73361414429128,46.835660206419696],[-121.73371890671157,46.83592129230372],[-121.7340962869788,46.83584881297835],[-121.7342010516142,46.83610989865061],[-121.73457843243249,46.836037417957286],[-121.73468319928308,46.836298503417694],[-121.73506058065239,46.83622602135657],[-121.73516534971814,46.83648710660507],[-121.7359201127267,46.83634213872681],[-121.73602488539076,46.83660322341575],[-121.73640226702996,46.83653073759864],[-121.73650704190922,46.83679182207566],[-121.73688442409939,46.83671933489068],[-121.73698920119386,46.83698041915588],[-121.73774396584389,46.83683544102993],[-121.73784874653671,46.83709652473536],[-121.73822612899654,46.83702403379437],[-121.73895962682971,46.83885162110342],[-121.73933701813904,46.8387791267077],[-121.73965139098642,46.83956237940696],[-121.7400287856129,46.83948988294752],[-121.74065756207911,46.8410563899298],[-121.74103496417227,46.840983890363],[-121.74124456575291,46.84150605974919],[-121.74162196978011,46.84143355846641],[-121.74225080279918,46.84300006780178],[-121.74187339047262,46.843072571172016],[-121.7419781975061,46.84333365688532],[-121.74160078296379,46.843406159583196],[-121.7418103967616,46.84392833211374],[-121.74218781407046,46.84385582872],[-121.74229262360134,46.84411691484142],[-121.74267004146103,46.844044410079476],[-121.74277485320775,46.84430549598912],[-121.7431522716182,46.84423298985897],[-121.7432570855807,46.8444940755567],[-121.74363450454194,46.8444215680584],[-121.74384413773116,46.844943739166126],[-121.74422155862645,46.84487122995173],[-121.7443263778532,46.84513231536175],[-121.7447037992992,46.84505980477911],[-121.74480862074182,46.84532088997723],[-121.74518604273857,46.845248378026376],[-121.7452908663971,46.84550946301262],[-121.74566828894451,46.84543694969352],[-121.74577311481897,46.845698034467866],[-121.74615053791706,46.84562551978059],[-121.74636019493052,46.846147689041544],[-121.74673761996256,46.84607517263795],[-121.74684245110157,46.84633625712459],[-121.74721987668426,46.84626373935278],[-121.74742954422697,46.84678590803834],[-121.74780697174359,46.84671338855022],[-121.74791180814734,46.846974472749125],[-121.74828923621455,46.84690195189266],[-121.74839407483432,46.84716303587969],[-121.74877150345212,46.84709051365499],[-121.74887634428796,46.84735159743001],[-121.7492537734563,46.847279073837065],[-121.74935861650825,46.847540157400154],[-121.74973604622713,46.847467632438814],[-121.7498408914952,46.84772871578999],[-121.75021832176456,46.84765618946041],[-121.75032316924876,46.847917272599624],[-121.75070060006864,46.84784474490167],[-121.75091030030211,46.84836691089232],[-121.75128773305578,46.84829438147795],[-121.7513925858051,46.84855546432939],[-121.75177001910927,46.84848293354668],[-121.75208458650452,46.84926618187351],[-121.75246202312576,46.84919364902622],[-121.75256688197334,46.849454731726034],[-121.752944319145,46.84938219751032],[-121.75304918020883,46.84964327999815],[-121.7534266179309,46.849570744414066],[-121.75353148121103,46.84983182668989],[-121.75390891948346,46.84975928973746],[-121.7540137849799,46.85002037180129],[-121.7543912238027,46.84994783348044],[-121.75449609151548,46.85020891533228],[-121.75487353088862,46.85013637564299],[-121.75497840081772,46.850397457282824],[-121.75535584074117,46.850324916225134],[-121.75546071288665,46.85058599765299],[-121.75583815336043,46.850513455226846],[-121.75594302772227,46.850774536442756],[-121.75820766137039,46.85033925837183],[-121.7583125448652,46.85060033763464],[-121.75906741884965,46.8504552360861],[-121.75917230594413,46.850716314788514],[-121.75954974306994,46.850643762135725],[-121.75965463238087,46.85090484062607],[-121.7600320700568,46.850832286604806],[-121.76024185394473,46.851354443297446],[-121.76061929355402,46.85128188755947],[-121.76072418813108,46.85154296576182],[-121.7603467471385,46.8516155218481],[-121.76076632824575,46.85265983741241],[-121.7603888808867,46.85273239387157],[-121.76049377686326,46.85299347345146],[-121.76011632728759,46.8530660292387],[-121.76022122271404,46.85332710930308],[-121.75984377092178,46.85339966441831],[-121.75994866579806,46.853660744967236],[-121.75768392924626,46.85409605632305],[-121.75757904267047,46.85383497368442],[-121.75720158504572,46.85390752165786],[-121.75709670068656,46.85364643880723],[-121.75671924361208,46.853718985412094],[-121.75661436146952,46.85345790234948],[-121.75623690494533,46.853530447585804],[-121.75613202501934,46.85326936431125],[-121.75575456904546,46.853341908179026],[-121.7551253152854,46.85177540930357],[-121.75474786677901,46.851847950061774],[-121.7546429954515,46.85158686704451],[-121.75426554749545,46.85165940643426],[-121.75416067838437,46.851398323205025],[-121.75378323097871,46.8514708612263],[-121.75367836408405,46.85120977778506],[-121.7533009172288,46.85128231443793],[-121.75319605255052,46.85102123078475],[-121.75244115910785,46.85116630033328],[-121.7523362980294,46.850905216119976],[-121.75195885144201,46.850977749015705],[-121.75185399257992,46.85071666459048],[-121.75147654654302,46.850789196117766],[-121.75137168989728,46.85052811148062],[-121.75099424441086,46.85060064163949],[-121.75088938998147,46.85033955679039],[-121.75051194504556,46.85041208558084],[-121.75040709283245,46.850151000519816],[-121.74776496464487,46.85065867104847],[-121.74766012294873,46.850397583686906],[-121.74728267411696,46.85047010361888],[-121.74717783463709,46.85020901604547],[-121.74642293724207,46.850354052152376],[-121.74631810136194,46.850092964019005],[-121.74594065279878,46.85016548019393],[-121.74583581913491,46.84990439184873],[-121.74545837112245,46.84997690665531],[-121.74535353967482,46.84971581809826],[-121.74497609221312,46.849788331536494],[-121.74487126298168,46.84952724276762],[-121.74449381607079,46.84959975483746],[-121.74438898905552,46.84933866585681],[-121.74363409550264,46.849483686239545],[-121.74352927208703,46.84922259669907],[-121.74239692966327,46.84944011857672],[-121.74250174892835,46.84970120916133],[-121.73683990365544,46.85078868602527],[-121.73673510514435,46.85052759022075],[-121.73635764351617,46.850600080167496],[-121.73625284722125,46.850338984151364],[-121.73587538614423,46.85041147272978],[-121.73577059206548,46.850150376501986],[-121.73463820799073,46.850367835071175],[-121.73453341889544,46.850106737935846],[-121.73415595725602,46.85017922173688],[-121.73405117037684,46.849918124389916],[-121.73367370928874,46.84999060682267],[-121.73356892462564,46.84972950926418],[-121.73319146408882,46.849801990328565],[-121.7330866816418,46.849540892558466],[-121.73270922165632,46.84961337225461],[-121.73260444142534,46.8493522742729],[-121.7322269819912,46.849424752600726],[-121.73212220397627,46.84916365440741],[-121.7317447450935,46.84923613136697],[-121.73163996929458,46.84897503296214],[-121.73126251096319,46.84904750855344],[-121.73115773738026,46.84878640993703],[-121.73078027960028,46.84885888416002],[-121.73067550823333,46.848597785332025],[-121.73029805100477,46.84867025818681],[-121.7301932818538,46.84840915914729],[-121.72981582517669,46.8484816306338],[-121.72971105824165,46.848220531382715],[-121.72895614515811,46.84836547059888],[-121.72885138182268,46.84810437078841],[-121.72847392541632,46.84817683851806],[-121.72836916429682,46.847915738496106],[-121.72497203164568,46.84856789901444],[-121.72486728381203,46.8483067959985],[-121.72411235905936,46.848451708637946],[-121.7240076148254,46.84819060506278],[-121.72249776087052,46.84848041670543],[-121.72260249956923,46.84874152167167],[-121.72147009621524,46.84895887073233],[-121.72136536166809,46.848697764722736],[-121.72023295497763,46.84891510355601],[-121.72012822541406,46.848653996639584],[-121.71899581538759,46.84887132524536],[-121.71889109080763,46.848610217422184],[-121.7177586774455,46.84882753580058],[-121.71765395784922,46.84856642707055],[-121.7153891169677,46.849001034188014],[-121.71528440650697,46.848739923508276],[-121.70999968070684,46.84975385904317],[-121.71010437179103,46.85001497459009],[-121.70972688375463,46.85008739125046],[-121.70962219405455,46.84982627535593],[-121.70848972910757,46.85004351817075],[-121.70838504439155,46.849782401369815],[-121.70649759310103,46.850144450578355],[-121.70639291613745,46.8498833321759],[-121.70563793256834,46.850028144020094],[-121.70553325920466,46.849767025059045],[-121.70515576755695,46.84983942910267],[-121.70505109640901,46.84957830993056],[-121.70240864128142,46.85008510722619],[-121.70251330273977,46.85034622883114],[-121.70062580292547,46.850708198018694],[-121.70052114838849,46.85044707467603],[-121.69938864267543,46.85066424289838],[-121.6992839931228,46.85040311864963],[-121.69890649093995,46.85047550566833],[-121.69880184360305,46.85021438120873],[-121.69842434197312,46.85028676685926],[-121.69831969685193,46.85002564218877],[-121.69756469386665,46.85017040973282],[-121.69746005234546,46.84990928450398],[-121.69670504880351,46.85005404727045],[-121.6966004108823,46.84979292148326],[-121.69622290924872,46.84986530098798],[-121.69611827354315,46.84960417498996],[-121.6957407724626,46.84967655312662],[-121.69563613897266,46.84941542691767],[-121.6952586384452,46.84948780368619],[-121.69515400717087,46.849226677266444],[-121.69477650719648,46.849299052666886],[-121.69467187813775,46.849037926036225],[-121.693916878464,46.849182673080314],[-121.69381225300518,46.848921545891415],[-121.69192474619662,46.84928339390275],[-121.69182012849086,46.84902226511336],[-121.69031011362078,46.8493117237607],[-121.69020550228379,46.84905059371841],[-121.68945049263095,46.84919531622314],[-121.68934588489391,46.84893418562267],[-121.6889683802053,46.84900654499667],[-121.68886377468375,46.848745414185466],[-121.68810876558221,46.8488901291766],[-121.68789956257002,46.8483678665746],[-121.68752205954159,46.84844022184446],[-121.6873128626223,46.84791795909424],[-121.68693536153175,46.84799031264874],[-121.68683076570302,46.84772918113118],[-121.68532075856886,46.84801858375283],[-121.68521616910884,46.847757450982705],[-121.68483866663242,46.84782979873905],[-121.68473407938777,46.847568665758196],[-121.67718388307088,46.84901539958617],[-121.67707932434801,46.84875425979686],[-121.67670180719365,46.84882658542305],[-121.67659725068617,46.84856544542327],[-121.67621973408576,46.848637769681496],[-121.67611517979357,46.848376629471275],[-121.67573766374713,46.84844895236149],[-121.67563311167027,46.84818781194071],[-121.6752555961778,46.848260133462965],[-121.67515104631623,46.84799899283167],[-121.67477353137775,46.848071312986],[-121.67466898373146,46.847810172144264],[-121.6724038849659,46.848244069550475],[-121.6722993464582,46.84798292676246],[-121.67192182847494,46.8480552390769],[-121.6718172921825,46.84779409607844],[-121.67143977475338,46.847866407024924],[-121.67133524067616,46.847605263816085],[-121.67095772380122,46.847677573394606],[-121.6708531919392,46.847416429975326],[-121.67047567561848,46.84748873818591],[-121.67037114597161,46.84722759455623],[-121.66886107792281,46.84751681580216],[-121.66875655464526,46.847255670920816],[-121.66837903694167,46.84732797333317],[-121.66827451587926,46.84706682824142],[-121.66789699872999,46.847139129285914],[-121.66779247988269,46.84687798398377],[-121.66703744586239,46.84702258231603],[-121.66693293061495,46.84676143645644],[-121.66617789604264,46.84690603001132],[-121.66607338439505,46.84664488359441],[-121.66531834927088,46.84678947237187],[-121.66542285814897,46.84705061948289],[-121.66504533795663,46.847122912687375],[-121.66514984628027,46.84738406028223],[-121.66401727656701,46.84760093481193],[-121.66412178156655,46.847862083584616],[-121.66374425528336,46.84793437339987],[-121.66384875972837,46.84819552265636],[-121.66347123123003,46.84826781179778],[-121.66357573512052,46.84852896153813],[-121.6628206728632,46.848673537452385],[-121.66271617174246,46.848412387017966],[-121.66196110893375,46.84855695815456],[-121.66185661141304,46.84829580716285],[-121.65959141137037,46.84872949398935],[-121.65969590058157,46.84899064706311],[-121.65894082448908,46.849135201865366],[-121.65904531176056,46.84939635577],[-121.65791268724044,46.849613181357455],[-121.65801717118713,46.84987433643998],[-121.65537434188924,46.85038022950678],[-121.65547881697073,46.85064138715507],[-121.6547237126442,46.85078591953664],[-121.6548281857856,46.85104707801578],[-121.6540730753684,46.851191607007365],[-121.65417754656964,46.85145276631745],[-121.65266731023344,46.851741813436554],[-121.65277177672411,46.85200297427153],[-121.65163908660051,46.85221974993115],[-121.65174354976561,46.852480911943886],[-121.65098841609574,46.85262542463916],[-121.65109287732042,46.85288658748288],[-121.65071530785514,46.8529588426459],[-121.65092423002407,46.85348116943826],[-121.65054665695821,46.85355342427415],[-121.65065111790247,46.853814588222896],[-121.6502735426212,46.853886842384696],[-121.65037800301022,46.85414800681743],[-121.64924526803011,46.85436476421734],[-121.64934972509315,46.854625929828025],[-121.648972143721,46.85469818059951],[-121.64886768804332,46.85443701464186],[-121.64584701826863,46.85501498127858],[-121.64574257450423,46.85475381268248],[-121.64536498843292,46.8548260535702],[-121.64546943081187,46.8550872225132],[-121.64320388864282,46.85552064847745],[-121.64309945457674,46.85525947745297],[-121.6423442699855,46.85540394391156],[-121.64223983952034,46.855142772330474],[-121.6414846543807,46.855287234010696],[-121.64138022751642,46.855026061873055],[-121.64100263508736,46.855098290834555],[-121.64089821043845,46.854837118487225],[-121.64052061856512,46.85490934608073],[-121.64041619613153,46.85464817352362],[-121.63928341968943,46.85486484913669],[-121.63917900224224,46.85460367567629],[-121.63804622248895,46.85482034105843],[-121.63794181002818,46.85455916669464],[-121.63718662214852,46.8547036044833],[-121.6370822132886,46.85444242956307],[-121.6367046194898,46.85451464657885],[-121.63660021284514,46.854253471449034],[-121.63508983489564,46.85454232791311],[-121.634985434623,46.85428115153324],[-121.62969902666946,46.8552920156323],[-121.62980340754261,46.855553196866786],[-121.62942579936727,46.85562539413289],[-121.62953017968415,46.855886575851365],[-121.62915256929351,46.855958772442975],[-121.62883943498859,46.85517522665917],[-121.62846182792578,46.85524742118939],[-121.62835745286884,46.85498623918922],[-121.62797984636231,46.8550584323515],[-121.62777110150824,46.85453606806957],[-121.62739349694382,46.85460825951717],[-121.62728912714662,46.85434707723538],[-121.62691152313855,46.85441926731503],[-121.6264940577867,46.85337453817366],[-121.62573885836831,46.8535189124959],[-121.6256344968752,46.853257729860275],[-121.6252568973077,46.85332991514289],[-121.62483946517122,46.85228518458605],[-121.62446187031733,46.8523573674609],[-121.62425316199618,46.85183500231246],[-121.6238755690844,46.85190718347281],[-121.6237712175534,46.85164600075773],[-121.62339362519809,46.85171818055029],[-121.623289275882,46.8514569976258],[-121.62291168408316,46.85152917605052],[-121.62259864526715,46.85074562706041],[-121.6222210567962,46.850817803424114],[-121.62211671356825,46.850556620355164],[-121.62060635693565,46.85084531421166],[-121.6205020200796,46.85058412989363],[-121.62012443023434,46.85065630045816],[-121.62002009559309,46.850395115930716],[-121.61964250630446,46.850467285127486],[-121.61953817387797,46.850206100390686],[-121.61916058514599,46.850278268219704],[-121.61905625493428,46.850017083273556],[-121.61867866675894,46.85008924973475],[-121.618574338762,46.849828064579285],[-121.61781916269562,46.84997239374499],[-121.61792348792113,46.85023357959356],[-121.61641312029734,46.85052222705614],[-121.61651744080883,46.850783414427895],[-121.61613984544464,46.85085557408695],[-121.61624416539932,46.851116761942414],[-121.61548896941234,46.851261078889685],[-121.61559328742443,46.851522267575426],[-121.61295006565662,46.85202734714614],[-121.61257245923119,46.85209949728539],[-121.61267676698527,46.85236068888027],[-121.61078871549486,46.852721425988946],[-121.61068441467042,46.85246023266178],[-121.60841873384493,46.85289308140963],[-121.60852302635347,46.8531542768156],[-121.60814540859565,46.85322641504532],[-121.60824970054698,46.85348761093502],[-121.6078720805743,46.85355974848988],[-121.60797637196839,46.85382094486342],[-121.60759874978085,46.85389308174329],[-121.6077030406177,46.85415427860061],[-121.60732541621528,46.854226414805545],[-121.60742970649486,46.854487612146755],[-121.60667445243135,46.85463188218542],[-121.60677874076755,46.85489308035685],[-121.60602348061656,46.85503734700283],[-121.60612776700931,46.855298546004576],[-121.60423959519719,46.855659196477035],[-121.60434387548784,46.85592039734847],[-121.60396623725286,46.855992524725075],[-121.60407051698608,46.85625372608038],[-121.60293759314999,46.85647010312102],[-121.60304186955322,46.856731305653106],[-121.60228658007956,46.856875552599135],[-121.60239085453897,46.85713675596154],[-121.60201320717275,46.85720887824879],[-121.60211748107461,46.857470082095126],[-121.60173983149332,46.85754220370731],[-121.60194837901065,46.85806461250546],[-121.60157072582797,46.858136733789024],[-121.6016749994434,46.85839793874088],[-121.60129734404562,46.85847005934939],[-121.60140161710342,46.85873126478517],[-121.60064630104884,46.85887550363068],[-121.60075057216264,46.85913670989689],[-121.60037291150581,46.859208828133774],[-121.60047718206194,46.85947003488406],[-121.60009951918995,46.85954215244588],[-121.6002037891884,46.85980335968024],[-121.59982612410124,46.85987547656692],[-121.59993039354198,46.86013668428531],[-121.59955272623961,46.86020880049694],[-121.59976126483437,46.86073121703948],[-121.59938359393028,46.860803332922465],[-121.59959213306706,46.86132575070848],[-121.59921445856122,46.86139786626284],[-121.59931872798622,46.86165907570877],[-121.59856337371517,46.86180330444562],[-121.59866764119582,46.86206451472222],[-121.59828996143061,46.862136627904725],[-121.59839422835346,46.86239783866541],[-121.59801654637289,46.86246995117283],[-121.59812081273789,46.86273116241768],[-121.59774312854199,46.862803274249984],[-121.59784739434915,46.863064485979024],[-121.59746970793785,46.86313659713617],[-121.59757397318715,46.86339780934938],[-121.59719628456047,46.863469919831424],[-121.59740481477202,46.863992345364075],[-121.59702712254325,46.864064455517315],[-121.59723565329652,46.86458688229402],[-121.59685795746559,46.86465899211861],[-121.59696222269869,46.864920206060134],[-121.59658452465229,46.864992315209584],[-121.59668878932744,46.86525352963538],[-121.59631108906552,46.8653256381096],[-121.5964153531827,46.86558685301969],[-121.59603765070526,46.86565896081879],[-121.59593338797484,46.86539774556228],[-121.59555568605539,46.86546985199325],[-121.59545142554047,46.86520863652806],[-121.59507372417902,46.86528074159092],[-121.5949694658796,46.86501952591713],[-121.5945917650762,46.86509162961196],[-121.59448750899229,46.86483041372948],[-121.59410980874692,46.86490251605622],[-121.59400555487845,46.864641299965164],[-121.59362785519114,46.864713400923755],[-121.59341935271377,46.86419096846222],[-121.59304165497133,46.864263067706304],[-121.59293740636238,46.86400185133589],[-121.59255970917803,46.864073949211914],[-121.59245546278447,46.86381273263286],[-121.59207776615828,46.86388482914085],[-121.5919735219801,46.863623612353194],[-121.59159582591202,46.86369570749316],[-121.59149158394919,46.863434490496864],[-121.5911138884393,46.863506584268784],[-121.5910096486918,46.86324536706398],[-121.59063195374007,46.8633174594679],[-121.5905277162079,46.863056242054455],[-121.59015002181438,46.86312833309032],[-121.5900457864975,46.86286711546832],[-121.58966809266224,46.862939205136186],[-121.58925116522684,46.861894334640716],[-121.58887347611002,46.86196642190152],[-121.58876924770912,46.86170520427574],[-121.58839155915057,46.861777290168554],[-121.58828733296485,46.861516072334254],[-121.58790964496458,46.86158815685917],[-121.58780542099403,46.861326938816305],[-121.58742773355206,46.861399021973185],[-121.58732351179668,46.86113780372177],[-121.58694582491302,46.86120988551073],[-121.58684160537275,46.860948667050785],[-121.58646391904743,46.86102074747183],[-121.58635970172229,46.860759528803285],[-121.58598201595532,46.860831607856454],[-121.58587780084527,46.86057038897937],[-121.5855001156367,46.86064246666465],[-121.58529169067508,46.860120028631194],[-121.58491400741161,46.86019210460227],[-121.58480979755998,46.8599308854459],[-121.58405443132163,46.860075033630565],[-121.58395022507179,46.85981381391945],[-121.58243948820272,46.860102096644034],[-121.58233528832811,46.85984087568569],[-121.581957603427,46.859912943466554],[-121.58185340576738,46.85965172229975],[-121.58147572142481,46.859723788712635],[-121.58126733136369,46.85920134609991],[-121.58051196574105,46.85934547447597],[-121.58040777472628,46.85908425268385],[-121.58003009205949,46.8591563149932],[-121.57992590325959,46.85889509299264],[-121.57879285445075,46.85911127275223],[-121.57868867063931,46.858850049850865],[-121.57717793284796,46.85913827384228],[-121.57738629020446,46.85966072255206],[-121.5770086009128,46.85973277668805],[-121.57721695880791,46.86025522664117],[-121.57683926591443,46.86032728044775],[-121.57694344471726,46.86058850597722],[-121.57618805367233,46.86073261121762],[-121.57639640821462,46.861255064074626],[-121.5760187086762,46.86132711585454],[-121.57612288580255,46.861588342835944],[-121.57574518404913,46.861660393940355],[-121.57595353801217,46.862182849009095],[-121.57557583265675,46.86225489978411],[-121.57568000949344,46.8625161278715],[-121.57530230192292,46.86258817797088],[-121.57540647820072,46.862849406542296],[-121.57465105780143,46.862993504368205],[-121.57475523213328,46.86325473376989],[-121.57437751930445,46.86332678149643],[-121.57448169307737,46.86358801138215],[-121.57372626216139,46.863732104462116],[-121.57383043398826,46.86399333517822],[-121.57345271590106,46.86406538053174],[-121.57355688716892,46.864326611731855],[-121.57317916686655,46.86439865640978],[-121.57328333757538,46.864659888094025],[-121.57290561505783,46.864731932096284],[-121.57332230062552,46.865776861597894],[-121.57370002869165,46.86570481621087],[-121.57390837921845,46.866227281097274],[-121.57353064837798,46.86629932717673],[-121.57373899944302,46.86682179330756],[-121.573361265,46.866893839057596],[-121.57419469128897,46.868983711872815],[-121.57381694491978,46.869055759370866],[-121.5741294892816,46.86983946499378],[-121.5737517379223,46.869911512508715],[-121.57396010219665,46.870433984307134],[-121.57358234723439,46.87050603149268],[-121.5736865292266,46.87076726794542],[-121.57330877204876,46.87083931445536],[-121.57341295348182,46.87110055139254],[-121.5719019109385,46.871388728598376],[-121.57179773505501,46.87112749027619],[-121.57066444861357,46.87134361141164],[-121.57056027772062,46.871082372188894],[-121.56904922308742,46.871370518010856],[-121.56894505857242,46.87110927754142],[-121.56781176306463,46.87132537513887],[-121.56770760354019,46.87106413376898],[-121.56732983810221,46.87113616391131],[-121.56722568079334,46.87087492233341],[-121.56684791591479,46.87094695110768],[-121.56674376082147,46.87068570932181],[-121.56636599650236,46.870757736727896],[-121.56626184362457,46.87049649473404],[-121.56550631527725,46.870640545788035],[-121.5654021660025,46.87037930324007],[-121.56464663711817,46.87052334951391],[-121.5645424914464,46.87026210641178],[-121.5637869620252,46.87040614790542],[-121.56368281995644,46.870144904249265],[-121.56330505539142,46.870216923117006],[-121.56320091553812,46.869955679252904],[-121.56282315153271,46.87002769675254],[-121.56271901389484,46.869766452680516],[-121.56120795514434,46.87005451107492],[-121.56110382388451,46.86979326575666],[-121.56034829231714,46.86993728812983],[-121.56024416466026,46.86967604225758],[-121.55948863255668,46.86982005985059],[-121.55938450850276,46.86955881342437],[-121.55636235807762,46.87013484014826],[-121.55646647103067,46.87039608934304],[-121.55608869711499,46.87046808843055],[-121.55619280950809,46.87072933810967],[-121.55543725641822,46.870873333910716],[-121.5555413668637,46.87113458442022],[-121.55516358768946,46.87120658113376],[-121.55537180828817,46.87172908325985],[-121.55461624190563,46.87187307500497],[-121.55482446026429,46.87239557906858],[-121.55444667305595,46.872467574100284],[-121.5542384574728,46.871945069344484],[-121.55386067221227,46.87201706266194],[-121.55354835920862,46.87123330552776],[-121.55317057728364,46.871305296785],[-121.55306647599221,46.87104404433761],[-121.5526886946273,46.87111603422677],[-121.55248049730287,46.870593529054815],[-121.5521027178858,46.8706655172299],[-121.5516863387192,46.869620507161585],[-121.55130856402545,46.86969249293064],[-121.55120447269047,46.86943124041333],[-121.55082669855686,46.86950322481435],[-121.55072260943716,46.869241972089306],[-121.55034483586373,46.86931395512231],[-121.55024074895924,46.86905270218959],[-121.54986297594598,46.869124683854594],[-121.54975889125674,46.86886343071422],[-121.54862557141513,46.869079368539104],[-121.54852149171653,46.868818114499156],[-121.54814371816877,46.8688900913841],[-121.54803964068536,46.868628837136484],[-121.54728409388295,46.86877278714829],[-121.54686780332547,46.8677277687732],[-121.54649003423405,46.86779974086242],[-121.54596969659187,46.86649346927487],[-121.54559193361156,46.866565438612604],[-121.54538380712144,46.866042930253485],[-121.54462828422956,46.86618686447937],[-121.54452422500081,46.865925609815406],[-121.54376870157519,46.86606953926148],[-121.54366464594904,46.86580828404409],[-121.54328688438304,46.86588024688825],[-121.54318283097183,46.86561899146323],[-121.54167178198632,46.86590683123612],[-121.54177582984671,46.866168088044375],[-121.5410202976153,46.866312002490176],[-121.54112434352737,46.86657326012834],[-121.54036880521171,46.866717171177505],[-121.54047284917543,46.86697842964555],[-121.53745065172392,46.86755403572518],[-121.53755468541218,46.86781529709788],[-121.53717690562075,46.86788724360421],[-121.53728093874825,46.86814850546109],[-121.53652537390832,46.868292396098894],[-121.53662940508713,46.86855365878571],[-121.53587383416291,46.86869754602652],[-121.53597786339296,46.86895880954327],[-121.53484449663961,46.86917463377583],[-121.53494852253284,46.86943589846824],[-121.53343734973066,46.869723651184565],[-121.53354137089894,46.86998491739856],[-121.53316357424272,46.87005685336795],[-121.53326759485002,46.870318120066074],[-121.53288979597869,46.87039005535909],[-121.53320185859872,46.871173857321544],[-121.53206844452964,46.87138966017938],[-121.5321724628928,46.871650928814475],[-121.53179465516088,46.87172286140176],[-121.53189867296295,46.871984130521156],[-121.53114305224162,46.872127993320596],[-121.53124706809442,46.87238926326999],[-121.53086925510502,46.87246119348216],[-121.53097327039669,46.872722463915935],[-121.53021763916037,46.87286632196505],[-121.53032165250266,46.873127593228865],[-121.52956601518177,46.87327144788058],[-121.52967002657462,46.873532719974456],[-121.52929220528536,46.87360464611274],[-121.52939621611701,46.87386591869096],[-121.52901839261246,46.87393784415269],[-121.52912240288283,46.87419911721535],[-121.52798892324218,46.87441488850414],[-121.5278849171367,46.87415361440424],[-121.52750709032411,46.87422553577686],[-121.52740308643392,46.8739642614697],[-121.52702526018267,46.87403618147429],[-121.52692125850778,46.87377490696007],[-121.52654343281789,46.87384682559655],[-121.52643943335828,46.873585550875184],[-121.52606160822972,46.873657468143676],[-121.52595761098536,46.87339619321516],[-121.52520196102414,46.87354002399383],[-121.52509796738336,46.873278748512384],[-121.52472014255072,46.87335066202258],[-121.52461615112513,46.87308938633403],[-121.52272702150064,46.873448936821816],[-121.52251905501345,46.872926382403655],[-121.52176340292928,46.873070194059856],[-121.52165942370263,46.87280891636734],[-121.52128159780871,46.87288082031629],[-121.5211776207972,46.872619542416686],[-121.5207997954649,46.87269144499767],[-121.5206958206685,46.87243016689109],[-121.52031799589781,46.87250206810407],[-121.52021402331653,46.87224078979038],[-121.51756923649246,46.87274406723712],[-121.51746527445665,46.87248278664262],[-121.51708744584921,46.87255467898575],[-121.51677556886688,46.87177083699727],[-121.51639774359806,46.87184272728124],[-121.51629378764558,46.87158144655007],[-121.51478248385811,46.871868996080465],[-121.5146785342859,46.87160771410561],[-121.51430070766105,46.87167959858678],[-121.51419676030383,46.871418316404885],[-121.5138189342409,46.871490199518185],[-121.51371498909864,46.87122891712937],[-121.51333716359763,46.871300798874806],[-121.5132332206703,46.87103951627913],[-121.51285539573122,46.87111139665656],[-121.51275145501884,46.87085011385396],[-121.51237363064172,46.87092199286357],[-121.51226969214423,46.870660709854],[-121.5118918683291,46.87073258749572],[-121.5117879320465,46.870471304279235],[-121.5114101087934,46.870543180553156],[-121.51130617472565,46.870281897129765],[-121.51092835203455,46.8703537720358],[-121.51082442018168,46.87009248840553],[-121.51044659805261,46.870164361943694],[-121.51034266841457,46.869903078106546],[-121.50996484684755,46.869974950276934],[-121.50986091942433,46.86971366623283],[-121.50948309841938,46.869785537035355],[-121.50917132527309,46.86900168469826],[-121.50879350760712,46.869073553442],[-121.5082739091649,46.86776713392431],[-121.50789609761469,46.86783899991853],[-121.50779218179343,46.867577716085236],[-121.50741437080535,46.86764958071172],[-121.50720654441837,46.86712701276982],[-121.50758435262972,46.86705514883416],[-121.50716870421687,46.86601001599426],[-121.50754650604861,46.865938152417904],[-121.50723477424904,46.86515430527835],[-121.50685697658223,46.865226167818506],[-121.506753069023,46.86496488537024],[-121.50637527191833,46.865036746542785],[-121.50627136657354,46.86477546388757],[-121.50551577266238,46.86491918247504],[-121.50541187092031,46.8646578992675],[-121.50465627648136,46.864801613075095],[-121.504552378342,46.8645403293154],[-121.50266338472994,46.864899594217256],[-121.50255949435831,46.86463830886947],[-121.50180389390795,46.86478200698339],[-121.50170000713905,46.86452072108339],[-121.50094440616145,46.86466441441739],[-121.50084052299529,46.86440312796529],[-121.50046272265588,46.8644749727535],[-121.50035884170404,46.86421368609454],[-121.49998104192709,46.864285529515236],[-121.49987716318955,46.86402424264952],[-121.49912156393462,46.86416792573321],[-121.49901768879973,46.863906638315484],[-121.49863988932181,46.863978477978584],[-121.49853601640122,46.86371719035402],[-121.49815821748577,46.86378902864952],[-121.49805434677945,46.863527740818206],[-121.49729874924775,46.86367141365176],[-121.49719488214407,46.86341012526843],[-121.49681708352784,46.86348195980649],[-121.4954669043752,46.86008521893494],[-121.49508912298167,46.86015704796311],[-121.4945698674064,46.858850613668906],[-121.49494764185863,46.8587787863665],[-121.49473994263158,46.85825621430765],[-121.49511771348172,46.85818438667322],[-121.4948061666688,46.8574005306578],[-121.49518393252875,46.857328703036416],[-121.49497623600517,46.856806133741244],[-121.49535399826318,46.85673430578789],[-121.49504245550544,46.855950453917565],[-121.4954202127735,46.85587862597734],[-121.49500482843551,46.854833493466124],[-121.49538257932565,46.854761665884034],[-121.49507104557634,46.853977818987204],[-121.49469329885035,46.85404964553409],[-121.49448561658785,46.85352708093707],[-121.4941078718124,46.85359890577161],[-121.49379635877396,46.85281505887729],[-121.4934186173371,46.852886881654484],[-121.49258796332475,46.85079662658837],[-121.49221023216626,46.85086844558325],[-121.49210640551696,46.850607163976605],[-121.49172867492102,46.850678981604396],[-121.49152102687437,46.85015641811538],[-121.49114329822898,46.85022823403105],[-121.49072801759122,46.849183107330326],[-121.49035029367222,46.849254920844025],[-121.49014266108088,46.84873235763228],[-121.49052038222409,46.84866054480843],[-121.49041656577843,46.84839926375458],[-121.49079428470851,46.848327450253635],[-121.49069046770025,46.84806616968272],[-121.49106818441719,46.847994355504575],[-121.49086055010072,46.84747179546679],[-121.49048283615946,46.847543608955135],[-121.4901713950375,46.846759768898785],[-121.48979368443447,46.846831580330296],[-121.48968987376539,46.84657030024261],[-121.49006758298061,46.84649848915609],[-121.48954853507395,46.84519209251206],[-121.48917083279764,46.84526390187418],[-121.48906702707953,46.845002622614416],[-121.48868932536584,46.84507443060957],[-121.48785892042676,46.84298419873816],[-121.4874812289898,46.84305600295253],[-121.48727363878106,46.84253344567415],[-121.48689594929445,46.84260524817678],[-121.4866883651611,46.84208269076034],[-121.48631067762487,46.84215449155132],[-121.48610309956682,46.84163193399682],[-121.48534772757017,46.84177553113352],[-121.48524394255391,46.84151425187348],[-121.48486625670586,46.84158604856395],[-121.48465869192349,46.84106348976796],[-121.48428100802587,46.84113528474687],[-121.48386589391048,46.840090167430255],[-121.48348821473859,46.84016196000812],[-121.48317689197596,46.83937812243375],[-121.48279921614215,46.83944991295539],[-121.48259167453304,46.83892735457215],[-121.48296934759163,46.83885556473994],[-121.48265803720112,46.83807172923267],[-121.48303570527217,46.83799993941245],[-121.48282816636055,46.837477383785945],[-121.48320583083172,46.83740559363312],[-121.4829982924441,46.83688303924696],[-121.48337595331546,46.83681124876146],[-121.48327218397127,46.83654997211969],[-121.48364984263033,46.83647818095698],[-121.48344230364121,46.835955628775885],[-121.48381995870062,46.83588383728046],[-121.48361242023556,46.83536128633951],[-121.48134649415807,46.835792015846216],[-121.48124273448745,46.83553073851434],[-121.48086507864231,46.83560252284392],[-121.48076132118382,46.835341245305095],[-121.4803836659015,46.835413028268064],[-121.48027991065516,46.835151750522364],[-121.47952460039166,46.835295312693],[-121.47942084874491,46.83503403439574],[-121.47904319376374,46.83510581360344],[-121.47893944432911,46.83484453509939],[-121.4785617899109,46.83491631294044],[-121.47845804268835,46.83465503422951],[-121.47808038883304,46.834726810704026],[-121.47797664382254,46.83446553178616],[-121.47759899053021,46.83453730689413],[-121.47749524773177,46.8342760277693],[-121.47711759500243,46.8343478015107],[-121.47701385441599,46.83408652217905],[-121.47663620224962,46.83415829455388],[-121.47611751862239,46.832851898238154],[-121.475739872569,46.83292366786827],[-121.47553240766418,46.83240110961658],[-121.4751547635613,46.83247287753563],[-121.47505103373301,46.83221159827176],[-121.47429574582897,46.8323551303549],[-121.4741920196,46.83209385053965],[-121.47381437579887,46.83216561470379],[-121.47371065178172,46.8319043346817],[-121.4733330085437,46.83197609747929],[-121.47302184560078,46.831192257205394],[-121.47264420570082,46.83126401794756],[-121.47222933886702,46.830218898131285],[-121.47185170369255,46.83029065647371],[-121.47164427799612,46.82976809670234],[-121.47126664477224,46.829839853333866],[-121.4708518088198,46.82879473406444],[-121.47122943649406,46.82872297881065],[-121.46998499110879,46.82558763833948],[-121.47036260131107,46.82551588619635],[-121.47015520251001,46.82499333206478],[-121.47053280911372,46.824921579588484],[-121.47032541083453,46.82439902669546],[-121.4707030138397,46.824327273885956],[-121.470599314549,46.82406599798993],[-121.47097691534292,46.82399424450286],[-121.47087321548909,46.82373296908852],[-121.47125081407175,46.82366121492392],[-121.47114711365487,46.82339993999143],[-121.47227990029693,46.823184672399535],[-121.47207249361252,46.82266212501275],[-121.4716949016635,46.82273388120985],[-121.47138380197869,46.821950060126795],[-121.47176138976643,46.821878304962695],[-121.47165769013252,46.82161703188732],[-121.47203527570913,46.82154527604567],[-121.47193157551219,46.82128400345204],[-121.47306432313668,46.82106873082908],[-121.47296061960266,46.82080745940568],[-121.47333819910902,46.82073570016548],[-121.47323449501205,46.820474429223715],[-121.4739896487786,46.82033090836645],[-121.47388594273174,46.82006963825059],[-121.47350836764747,46.820141398845756],[-121.47340466381164,46.819880128522875],[-121.4730270892903,46.819951887752],[-121.47281968686465,46.81942934682936],[-121.47244211429322,46.819501104348014],[-121.47213102099569,46.818717292960585],[-121.47175345176112,46.81878904842461],[-121.47164975703019,46.818527777892335],[-121.4712721883586,46.81859953199031],[-121.47116849583857,46.818338261251064],[-121.47079092772996,46.818410013982984],[-121.47068723742079,46.81814874303665],[-121.47030966987525,46.81822049440254],[-121.47020598177693,46.81795922324919],[-121.4698284147944,46.81803097324902],[-121.46972472890695,46.81776970188869],[-121.46934716248748,46.81784145052252],[-121.46924347881084,46.81758017895513],[-121.46886591295444,46.81765192622293],[-121.4685548710285,46.816868111311415],[-121.46817730850907,46.8169398565248],[-121.46796995411808,46.81641731324806],[-121.46759239354867,46.8164890567513],[-121.4674887189758,46.81622778497454],[-121.46711115896954,46.81629952711182],[-121.46690381506896,46.81577698328144],[-121.46652625701276,46.81584872370858],[-121.46631891918096,46.81532617973861],[-121.46594136307485,46.81539791845562],[-121.46583769678145,46.81513664633224],[-121.46546014123852,46.8152083836834],[-121.4652528138966,46.81468583915984],[-121.46487526030378,46.81475757480091],[-121.46477159925522,46.81449630240071],[-121.46439404622565,46.81456803667589],[-121.46418672937324,46.81404549159873],[-121.4638091782938,46.814117224163894],[-121.46349821335298,46.813333406544395],[-121.46312066561057,46.81340513705554],[-121.46291336254173,46.81288259197336],[-121.46253581674947,46.812954320774516],[-121.46232851974854,46.8124317755526],[-121.46195097590643,46.812503502643864],[-121.46184733002815,46.8122422298945],[-121.46146978674936,46.812313955619956],[-121.46136614308143,46.8120526826637],[-121.46098860036602,46.812124407023326],[-121.4608849589084,46.81186313386006],[-121.46012987378084,46.81200657882601],[-121.4600262359204,46.81174530511184],[-121.45813851562556,46.81210389792582],[-121.45762037334632,46.810797522810766],[-121.45724283375151,46.81086923658826],[-121.45693196242483,46.81008541213237],[-121.45730949785909,46.81001369938682],[-121.45720587434336,46.80975242518633],[-121.45758340756745,46.80968071176301],[-121.4573761602323,46.80915816446111],[-121.45813121866338,46.80901473592518],[-121.45802759345719,46.80875346316775],[-121.45840512005098,46.80868174771118],[-121.45799062191243,46.80763665942737],[-121.4576131008656,46.80770837350811],[-121.45750947977591,46.80744710143569],[-121.45713195929252,46.80751881415079],[-121.45692472235639,46.80699626972902],[-121.45730224006633,46.806924557701784],[-121.45616248052391,46.8040505769571],[-121.45653998215754,46.803978867691185],[-121.45581472278346,46.80214998188509],[-121.45543723085575,46.80222168874395],[-121.4552300240727,46.801699150486165],[-121.45485253409498,46.801770855635766],[-121.45474893332454,46.801509586368205],[-121.45437144391028,46.80158129015235],[-121.45416424761156,46.80105875134012],[-121.45378676014731,46.80113045341502],[-121.45368316461898,46.8008691838703],[-121.45292818999455,46.801012584267674],[-121.45282459806224,46.80075131417216],[-121.4516921341129,46.80096640607474],[-121.45158854716311,46.80070513508469],[-121.45121105892068,46.80077682999851],[-121.45110747418035,46.80051555880149],[-121.45072998650154,46.80058725234992],[-121.44959062391914,46.79771327442953],[-121.44921315066892,46.79778496317529],[-121.44900600730531,46.79726242282557],[-121.44862853600522,46.797334109862376],[-121.44842139870552,46.79681156937219],[-121.44804392935553,46.796883254700006],[-121.44794036332624,46.79662198431629],[-121.44756289453997,46.79669366827888],[-121.44735576772234,46.79617112723426],[-121.44697830088622,46.79624280948795],[-121.44677118013217,46.79572026830288],[-121.44639371524623,46.795791948847594],[-121.44629015748961,46.79553067811644],[-121.44591269316741,46.79560235729596],[-121.44580913761985,46.7953410863579],[-121.44543167386145,46.79541276417223],[-121.44532812052293,46.79515149302722],[-121.44495065732832,46.79522316947635],[-121.44474355589188,46.79470062690908],[-121.44436609464752,46.794772301649424],[-121.44415899927415,46.79424975894169],[-121.44378153998004,46.794321431973245],[-121.44347090724824,46.79353761790577],[-121.44309345129078,46.79360928888505],[-121.44267929137558,46.79256420400053],[-121.44607631547422,46.79191914077982],[-121.44617986669604,46.792180408703885],[-121.44655731109178,46.79210872956147],[-121.44666086452244,46.79236999727857],[-121.44854808109362,46.79201158452573],[-121.44844452073174,46.79175031852667],[-121.44882196019195,46.791678633255174],[-121.44871839926648,46.791417367736244],[-121.4494732729466,46.79127399481604],[-121.44936971007141,46.79101273012083],[-121.44974714429138,46.79094104247214],[-121.44964358085261,46.790679778257086],[-121.45039844405238,46.79053640058247],[-121.45029487866397,46.79027513719112],[-121.4506723076438,46.79020344716521],[-121.4505687416919,46.789942184253974],[-121.45283328997863,46.78951202470967],[-121.452729716533,46.78925076399662],[-121.45348455660849,46.789107369997645],[-121.45338098121347,46.78884611010828],[-121.45375839863118,46.78877441192027],[-121.45365482267286,46.78851315251098],[-121.45403223788188,46.78844145364515],[-121.45392866136025,46.788180194715835],[-121.45430607436063,46.78810849517233],[-121.45420249727573,46.787847236723046],[-121.45457990806749,46.78777553650171],[-121.45447633041933,46.78751427853245],[-121.45485373900244,46.78744257763335],[-121.45475016079104,46.78718132014408],[-121.45512756716556,46.78710961856725],[-121.45502398839095,46.786848361557915],[-121.45540139255687,46.786776659303314],[-121.45529781321906,46.78651540277396],[-121.45567521517643,46.786443699841605],[-121.45536447794143,46.78565993210236],[-121.45574187491859,46.78558822917949],[-121.45522398905098,46.78428195405813],[-121.45560137827646,46.78421025183192],[-121.45497993406723,46.78264272824431],[-121.45535731415566,46.78257102705819],[-121.45504659899883,46.78178726813395],[-121.45542397410762,46.78171556695722],[-121.45500969320493,46.78067055833901],[-121.45538706194856,46.7805988575151],[-121.45517992366119,46.78007635470998],[-121.45480255768877,46.780148054846876],[-121.45438829652647,46.77910304949608],[-121.45401093527394,46.77917474723768],[-121.45328601960335,46.77734599070921],[-121.45290866722729,46.777417685025185],[-121.45259800557538,46.77663393323796],[-121.45222065653351,46.77670562550232],[-121.45191000643925,46.77592187390914],[-121.45153266073154,46.77599356412206],[-121.45122202219454,46.77520981272285],[-121.45084467982097,46.775281500884304],[-121.45053405284088,46.77449774967892],[-121.45015671380143,46.77456943578901],[-121.44984609837782,46.77378568477737],[-121.44909142614502,46.77392905187367],[-121.44898789208575,46.773667801121675],[-121.44861055612154,46.773739482794674],[-121.44840349324039,46.77321698101196],[-121.44802615922491,46.773288660977094],[-121.44781910240323,46.77276615905149],[-121.44630976920355,46.77305286595333],[-121.44641329166154,46.773314118221435],[-121.44414925888684,46.77374414999775],[-121.44425277385389,46.7740054044617],[-121.4438754307954,46.77407707319344],[-121.44377191721385,46.773815818386154],[-121.4433945747189,46.77388748575336],[-121.44308404306304,46.773103721117906],[-121.44346138140143,46.77303205478054],[-121.44263332206877,46.770942024481904],[-121.44225599481419,46.771013688073225],[-121.44215249248178,46.77075243455444],[-121.44177516579073,46.77082409678128],[-121.44167166566567,46.77056284305519],[-121.44129433953819,46.7706345039176],[-121.44119084162044,46.77037324998423],[-121.44043618967075,46.77051656795909],[-121.44033269534576,46.77025531347516],[-121.43995536952359,46.770326970587604],[-121.43954140598363,46.769281952638536],[-121.4391640848814,46.76935360735696],[-121.43885362501149,46.768569844292735],[-121.44074020152371,46.768211565636086],[-121.44063670961707,46.76795031326896],[-121.4410140210688,46.767878654817274],[-121.43842695582796,46.76134739834734],[-121.43880423182753,46.761275747452345],[-121.43870075851407,46.76101449930092],[-121.43907803230698,46.76094284772796],[-121.43897455842998,46.76068160005521],[-121.43935183001626,46.76060994780419],[-121.43873099569647,46.75904246667397],[-121.43458105447876,46.75983056263728],[-121.43447760020301,46.75956931248385],[-121.43296851156688,46.75985586083038],[-121.43286506365301,46.75959460944066],[-121.43135596741567,46.75988114007806],[-121.4312525258637,46.7596198874522],[-121.43012069921738,46.75983477367994],[-121.43001726264224,46.75957352016098],[-121.42963998683607,46.75964514651842],[-121.42953655246737,46.75938389279221],[-121.42915927722512,46.75945551778564],[-121.42905584506283,46.75919426385215],[-121.42867857038453,46.75926588748161],[-121.42857514042868,46.75900463334091],[-121.42819786631435,46.75907625560629],[-121.42778416024352,46.75803123902841],[-121.42740689084869,46.758102858901225],[-121.42730346776906,46.75784160475293],[-121.42692619893823,46.75791322326175],[-121.4268227780649,46.757651968906266],[-121.4264455097981,46.75772358605111],[-121.42634209113105,46.757462331488455],[-121.42558755490441,46.75760556202916],[-121.42548413982877,46.757344306916394],[-121.42510687186898,46.757415920312305],[-121.42427959190316,46.75532588154936],[-121.42465684878192,46.75525427089601],[-121.42455344109568,46.75499301700356],[-121.42493069576838,46.75492140567186],[-121.42482728751808,46.75466015225778],[-121.4252045399847,46.7545885402479],[-121.42510113117032,46.75432728731209],[-121.4254783814309,46.75425567462387],[-121.42516815575868,46.75347191765813],[-121.42479090965318,46.75354352931796],[-121.42458409941327,46.75302102466612],[-121.4242068552568,46.75309263461936],[-121.42410345275326,46.752831382153886],[-121.42372620916086,46.7529029907434],[-121.42362280886323,46.75264173807071],[-121.42400005107065,46.75257012982394],[-121.42389665020895,46.75230887762946],[-121.42427389021047,46.75223726870443],[-121.42406708817987,46.75171476540738],[-121.42444432459057,46.75164315614679],[-121.42434092342168,46.751381905044234],[-121.42509539101047,46.751238684145534],[-121.42499198789267,46.75097743386384],[-121.42536921907079,46.750905822225704],[-121.425265815389,46.75064457242219],[-121.42564304436131,46.75057296010584],[-121.42553964011556,46.75031171078049],[-121.4259168668821,46.75024009778586],[-121.4258134620724,46.74997884893861],[-121.42619068663319,46.749907235265795],[-121.42608728125956,46.74964598689664],[-121.4264645036146,46.7495743725456],[-121.42636109767706,46.74931312465453],[-121.42673831782638,46.749241509625286],[-121.4265315056444,46.748719014934764],[-121.42690872220325,46.74864739956998],[-121.42659850593273,46.74786365957742],[-121.42697571751643,46.747792044219786],[-121.42687231234994,46.74753079816896],[-121.427249521728,46.747459182133206],[-121.4271461159977,46.7471979365604],[-121.42790052952176,46.747054702111456],[-121.42779712184294,46.74679345735938],[-121.42817432598898,46.74672183894625],[-121.42807091774638,46.74646059467215],[-121.42844811968685,46.74638897558086],[-121.42834471088048,46.746127731784696],[-121.42872191061541,46.74605611201522],[-121.42861850124532,46.74579486869702],[-121.42899569877473,46.745723248249405],[-121.42889228884093,46.74546200540912],[-121.42926948416483,46.74539038428334],[-121.4291660736673,46.74512914192099],[-121.42954326678574,46.745057520117],[-121.42943985572455,46.74479627823256],[-121.42981704663754,46.74472465575041],[-121.42971363501265,46.74446341434392],[-121.43009082372018,46.74439179118361],[-121.42998741153164,46.74413055025495],[-121.42988400016397,46.7438693094615],[-121.43026118528158,46.74379768596578],[-121.4301577733503,46.74353644565017],[-121.43053495626252,46.74346482147629],[-121.43032813209358,46.7429423419359],[-121.43070531141599,46.74287071742656],[-121.43060189917834,46.74260947820177],[-121.4309790762954,46.742537853014305],[-121.42984158062791,46.73966423422679],[-121.42946441873919,46.73973585564494],[-121.42925761478412,46.73921338057222],[-121.42888045484331,46.73928500028435],[-121.42877705548125,46.73902376260785],[-121.42802273590618,46.7391669982846],[-121.42791934013347,46.73890576005794],[-121.42754218049923,46.738977376022554],[-121.42743878693157,46.738716137588305],[-121.42668446796979,46.73885936576999],[-121.4265810779915,46.73859812678562],[-121.4258267585158,46.73874135019895],[-121.42572337212687,46.738480110664526],[-121.42496905213741,46.73862332930958],[-121.42486566933783,46.738362089224964],[-121.42411134883477,46.738505303101824],[-121.42400796962453,46.73824406246713],[-121.42363080952654,46.73831566753179],[-121.42342405633651,46.73779318598241],[-121.42304689818673,46.737864789341224],[-121.42253003649257,46.73655858611791],[-121.42215288444407,46.736630186743405],[-121.42184278142636,46.7358464654018],[-121.42146563271044,46.735918063979064],[-121.42105217904347,46.73487310270985],[-121.42067503504434,46.73494469889648],[-121.4205716750629,46.734683458574104],[-121.42019453162771,46.73475505339749],[-121.42009117385093,46.734493812867555],[-121.41971403097969,46.73456540632769],[-121.41961067540754,46.734304165590345],[-121.41923353310025,46.734375757687324],[-121.41913017973273,46.734114516742444],[-121.41875303798942,46.73418610747619],[-121.41864968682651,46.73392486632382],[-121.4182725456472,46.733996455694395],[-121.41816919668888,46.73373521433457],[-121.41779205607357,46.733806802341945],[-121.41768870931982,46.73354556077465],[-121.41693442839701,46.73368873304237],[-121.41683108523215,46.73342749092522],[-121.41645394492468,46.733499075185534],[-121.41635060396433,46.73323783286089],[-121.41559632365738,46.73338099763445],[-121.41549298628587,46.73311975476006],[-121.41511584628641,46.73319133527329],[-121.41501251111941,46.732930092191424],[-121.41463537168408,46.7330016713415],[-121.41453203872156,46.73274042805218],[-121.41415489985043,46.73281200583922],[-121.41405156909236,46.73255076234248],[-121.41367443078542,46.732622338766355],[-121.41336444758488,46.73183860805865],[-121.41298731261075,46.731910182434774],[-121.41288398790174,46.731648938793015],[-121.41250685349182,46.73172051180604],[-121.41240353098718,46.73145926795692],[-121.41202639714152,46.73153083960688],[-121.41181975736096,46.73100835162861],[-121.41144262546385,46.731079921573254],[-121.41133930818789,46.730818677444205],[-121.41096217685507,46.73089024602571],[-121.41065223410008,46.730106513421],[-121.41027510610012,46.730178079954975],[-121.4101717948727,46.72991683568089],[-121.40979466743704,46.729988400851845],[-121.4094847428272,46.72920466781194],[-121.40910761872443,46.72927623093538],[-121.40900431354522,46.72901498651625],[-121.40862719000681,46.72908654827675],[-121.40852388703178,46.728825303650204],[-121.40814676405773,46.72889686404775],[-121.40804346328683,46.7286356192138],[-121.40766634087719,46.728707178248385],[-121.40756304231037,46.7284459332071],[-121.40643167431521,46.72866060315966],[-121.40632838072104,46.72839935722658],[-121.40595125780062,46.72847091149371],[-121.40584796641052,46.7282096653533],[-121.40245383569619,46.72885360474335],[-121.40235055758468,46.72859235565839],[-121.40197342923553,46.728663899033464],[-121.40176687824024,46.72814140058383],[-121.40214400382075,46.728069857893054],[-121.40204072816826,46.72780860921263],[-121.40166360397208,46.727880151561315],[-121.40156033052361,46.72761890267364],[-121.40118320689213,46.72769044365942],[-121.40087339561744,46.726906696779274],[-121.39974203226421,46.72712131053289],[-121.39963876763147,46.72686006081621],[-121.3992616462589,46.7269315963505],[-121.39915838383006,46.72667034642656],[-121.39840414139489,46.72681341374853],[-121.39830088255428,46.726552163275336],[-121.39792376149175,46.72662369506303],[-121.39802701894803,46.72688494587834],[-121.39387861794594,46.72767173193293],[-121.39377537571805,46.727410477355164],[-121.39188971304374,46.72776806483685],[-121.3917864785576,46.727506808683984],[-121.3914093449491,46.72757832277575],[-121.3913061126668,46.72731706641582],[-121.39092897962347,46.727388579144765],[-121.390825749545,46.72712732257775],[-121.38931721471646,46.72741336191707],[-121.38942043925687,46.727674619852],[-121.38678046207299,46.72817515178613],[-121.38667724722451,46.72791389145754],[-121.38630010573445,46.727985391594075],[-121.38619689308976,46.72772413105844],[-121.38506546785815,46.727938624316835],[-121.38496226018648,46.72767736289044],[-121.38194510126995,46.72824929725761],[-121.3820482978644,46.72851056141929],[-121.38167114792915,46.728582048962885],[-121.3815679527194,46.728320784459335],[-121.38119080334975,46.72839227064022],[-121.3810876103438,46.72813100592977],[-121.38071046153979,46.72820249074777],[-121.38040089159026,46.727418696400974],[-121.37964659983334,46.72756166092293],[-121.37944022950082,46.727039130666114],[-121.37906308516324,46.72711061071196],[-121.37875353996084,46.72632681531353],[-121.37837639895832,46.726398293313046],[-121.37817004235411,46.72587576303868],[-121.37741576343097,46.72601871460767],[-121.37731258912657,46.72575744898934],[-121.37693544982132,46.725828922900625],[-121.37631642949907,46.724261329974],[-121.3751850315939,46.72447573943039],[-121.37487554494861,46.72369194171296],[-121.37449841482983,46.723763408464684],[-121.37377631767271,46.721934549453856],[-121.37339919642739,46.72200601279269],[-121.37298659303008,46.720960952101436],[-121.37260947650431,46.72103241305258],[-121.37250632908616,46.720771147875276],[-121.3721292131263,46.7208426074639],[-121.37151035411527,46.719275017181374],[-121.37113324564395,46.71934647369923],[-121.37092696862447,46.71882394400036],[-121.37054986210356,46.71889539881413],[-121.37044672620611,46.718634133825226],[-121.37006962025119,46.71870558727648],[-121.36986335368078,46.718183057019935],[-121.3694862496763,46.71825450876718],[-121.36886747791515,46.71668691918249],[-121.36849038139893,46.71675836785938],[-121.36838725702103,46.716497103058664],[-121.36801016107084,46.716568550373125],[-121.36790703889577,46.71630728536562],[-121.36752994351163,46.716378731317725],[-121.36742682353935,46.716117466103384],[-121.3670497287213,46.716188910693106],[-121.3669466109518,46.715927645272046],[-121.3661924216295,46.716070530705885],[-121.36608930744724,46.715809264736436],[-121.36571221294305,46.71588070558058],[-121.36560910096352,46.715619439404364],[-121.36523200702547,46.71569087888618],[-121.36512889724868,46.71542961250321],[-121.36475180387679,46.71550105062263],[-121.36464869630272,46.71523978403282],[-121.36389450987302,46.71538265652624],[-121.36379140588609,46.7151213893882],[-121.36341431282837,46.715192823762166],[-121.36331121104409,46.71493155641737],[-121.36293411855259,46.71500298942901],[-121.362831018971,46.71474172187748],[-121.36245392704575,46.7148131535268],[-121.36235082966681,46.7145518857686],[-121.36197373830782,46.71462331605558],[-121.36187064313148,46.71436204809058],[-121.3614935523388,46.7144334770153],[-121.3613904593651,46.71417220884357],[-121.3610133691387,46.71424363640601],[-121.36091027836758,46.713982368027615],[-121.36053318870754,46.714053794227745],[-121.36043010013898,46.713792525642575],[-121.36005301104527,46.71386395048045],[-121.35994992467926,46.713602681688634],[-121.35957283615191,46.713674105164216],[-121.35946975198844,46.71341283616566],[-121.35909266402751,46.713484258279],[-121.35888650092363,46.71296172000322],[-121.35850941491353,46.713033140412975],[-121.35830325785066,46.71251060199324],[-121.35792617379144,46.71258202069929],[-121.35782309787147,46.712320751350106],[-121.36083973636535,46.711749375849216],[-121.36073665018824,46.71148810936572],[-121.36186787197266,46.711273827733606],[-121.36176478246061,46.71101256240897],[-121.36289599272942,46.710798272613886],[-121.36279289988256,46.71053700844808],[-121.36392409863566,46.710322710490225],[-121.36382100245417,46.710061447483234],[-121.3645751280972,46.70991857775704],[-121.36447202996536,46.70965731556741],[-121.36786554240331,46.70901435434551],[-121.36776243263213,46.70875309536326],[-121.36889358456524,46.70853875760734],[-121.36879047145996,46.7082774997839],[-121.36916751908385,46.70820605216528],[-121.36885818052508,46.70742228052621],[-121.36923522317859,46.7073508329112],[-121.36913211057805,46.707089576308526],[-121.36950915102935,46.70701812801433],[-121.36940603786297,46.706756871887464],[-121.37016011354298,46.706613972919904],[-121.37005699842682,46.70635271761039],[-121.37043403365556,46.7062812669371],[-121.37033091797362,46.70602001210339],[-121.37108498320855,46.70587710837764],[-121.37118810165839,46.70613836252846],[-121.37269622784528,46.70585254146357],[-121.37279935264904,46.706113794382944],[-121.37317638353403,46.70604233622369],[-121.37307325734639,46.70578108364577],[-121.37458136716796,46.70549524216833],[-121.37447823626309,46.705233991090644],[-121.37523228349639,46.705091064911194],[-121.37512915064212,46.70482981465083],[-121.37701424748569,46.704472483049294],[-121.37691110853079,46.70421123463059],[-121.37728812406071,46.70413976559007],[-121.37718498454039,46.70387851764717],[-121.37831602206882,46.70366410542657],[-121.37821287921568,46.70340285864242],[-121.37858988870471,46.70333138620267],[-121.37848674528622,46.70307013989419],[-121.38263378043119,46.702283879458065],[-121.3824274656095,46.70176139475696],[-121.38205046927379,46.70183287739795],[-121.38194731447419,46.701571634907154],[-121.38157031870362,46.701643116186176],[-121.38115771322352,46.700598146198665],[-121.38153470345989,46.70052666628569],[-121.38143155275228,46.70026542446568],[-121.38180854078674,46.700193943873685],[-121.38170538951404,46.69993270252931],[-121.38208237534658,46.69986122125831],[-121.38197922350876,46.699599980389564],[-121.38235620713948,46.699528498439605],[-121.38225305473654,46.6992672580464],[-121.3826300361654,46.69919577541748],[-121.38252688319739,46.698934535499895],[-121.38290386242441,46.69886305219203],[-121.38280070889135,46.698601812749935],[-121.38317768591656,46.69853032876313],[-121.38307453181844,46.698269089796575],[-121.38345150664186,46.69819760513083],[-121.38334835197874,46.697936366639865],[-121.38372532460039,46.69786488129512],[-121.38362216937225,46.69760364327971],[-121.38437610939366,46.69746067021195],[-121.38427295221719,46.6971994330135],[-121.38464991961695,46.697127945290475],[-121.38454676187553,46.69686670856749],[-121.38605461775741,46.696580748837484],[-121.38595145530117,46.69631951361443],[-121.38632841584233,46.69624802147248],[-121.38622525282122,46.69598678672484],[-121.38660221116069,46.69591529390399],[-121.38649904757477,46.69565405963181],[-121.38687600371259,46.6955825661321],[-121.3863601911428,46.694276398487744],[-121.3867371395462,46.694204905674994],[-121.38663397810423,46.69394367288934],[-121.38738786968958,46.69380068488582],[-121.38728470629965,46.693539452917065],[-121.3876616494816,46.69346795772623],[-121.38755848552695,46.69320672623275],[-121.38793542650741,46.69313523036314],[-121.38783226198802,46.692873999344954],[-121.38820920076697,46.69280250279645],[-121.38810603568287,46.692541272253564],[-121.38848297226039,46.69246977502625],[-121.38837980661158,46.69220854495869],[-121.38875674098762,46.692137047052555],[-121.38865357477417,46.6918758174602],[-121.38903050694877,46.69180431887525],[-121.38892734017067,46.69154308975825],[-121.38930427014385,46.69147159049445],[-121.3892011028011,46.69121036185267],[-121.3895780305729,46.69113886191001],[-121.38947486266555,46.690877633743526],[-121.38985178823597,46.69080613312208],[-121.38943911925831,46.68976122315943],[-121.38981603847851,46.68968972288352],[-121.38960970613397,46.68916726938754],[-121.38998662177002,46.68909576877425],[-121.38988345544233,46.68883454256831],[-121.39026036887714,46.68876304127624],[-121.39015720198493,46.6885018155454],[-121.3905341132185,46.6884303135745],[-121.39043094576175,46.68816908831884],[-121.39080785479413,46.68809758566916],[-121.39070468677286,46.68783636088857],[-121.39108159360406,46.68776485756013],[-121.39097842501832,46.68750363325461],[-121.39135532964833,46.68743212924739],[-121.39125216049811,46.68717090541693],[-121.39200596453753,46.687027895024805],[-121.39210913645333,46.68728911817239],[-121.39550122656567,46.686645517836354],[-121.39560441174464,46.686906738044556],[-121.3959813079366,46.68683522145392],[-121.3960844953167,46.68709644145424],[-121.39646139207291,46.68702492350193],[-121.39656458165422,46.687286143294386],[-121.39694147897464,46.687214623980395],[-121.39704467075715,46.68747584356496],[-121.39742156864176,46.687404322889385],[-121.3975247626255,46.687665542266124],[-121.39903235150943,46.68737944799632],[-121.39913555184252,46.68764066614056],[-121.39951244839978,46.68756913968123],[-121.39961565093411,46.68783035761766],[-121.39999254805545,46.68775882979667],[-121.39988934413843,46.68749761220187],[-121.4002662390585,46.687426083702256],[-121.40016303457745,46.68716486658253],[-121.40053992729626,46.68709333740433],[-121.40043672225114,46.68683212075975],[-121.40081361276873,46.68676059090297],[-121.40071040715961,46.686499374733444],[-121.401087295476,46.68642784419813],[-121.40098408930285,46.686166628503656],[-121.40136097541804,46.68609509728976],[-121.40125776868092,46.68583388207039],[-121.4020115356903,46.68569081726532],[-121.40190832700667,46.6854296028625],[-121.4022852079009,46.68535806927138],[-121.40218199865333,46.68509685534364],[-121.40293575522094,46.684953785784124],[-121.40303896723353,46.685214999028844],[-121.40379272329166,46.68507192470604],[-121.40368950851403,46.68481071214442],[-121.40557387742044,46.68445301019418],[-121.40547065654918,46.684191799473766],[-121.40622439561615,46.68404871223643],[-121.4061211727987,46.68378750233254],[-121.40838236205637,46.68335821818953],[-121.4081759022892,46.68283580288075],[-121.40855276153528,46.68276425263666],[-121.40824307387795,46.68198063169856],[-121.40861992815842,46.68190908145924],[-121.40851669919445,46.681647875088096],[-121.40889355127392,46.68157632417035],[-121.4087903217464,46.681315118274135],[-121.40916717162489,46.68124356667795],[-121.40885748380778,46.680459950814026],[-121.40923432872088,46.680388399222494],[-121.40902787150519,46.679865989996145],[-121.40940471283521,46.67979443806773],[-121.40919825612983,46.679272030057646],[-121.40995193080525,46.6791289245072],[-121.40984870091626,46.6788677213851],[-121.41060236955266,46.678724612437954],[-121.41049913771813,46.678463410132174],[-121.4108759694262,46.6783918544703],[-121.41077273702824,46.67813065263925],[-121.41114956653553,46.678059096299016],[-121.41104633357418,46.677797894942735],[-121.41142316088073,46.67772633792414],[-121.41131992735602,46.677465137042596],[-121.41207357674892,46.67732202062877],[-121.41197034127882,46.6770608205635],[-121.41234716336523,46.67698926116826],[-121.41224392733177,46.67672806157767],[-121.41262074721749,46.67665650150416],[-121.41241427484267,46.6761341034055],[-121.41279109114573,46.67606254299513],[-121.41248138457776,46.675278947870304],[-121.41285819591627,46.67520738746471],[-121.41254849257047,46.674423794562436],[-121.4129252989446,46.67435223416147],[-121.41282206475141,46.67409103713511],[-121.41319886892502,46.6740194760558],[-121.41226978558736,46.671668711879335],[-121.41264657650588,46.67159715285354],[-121.4125433477351,46.671335957840505],[-121.4129201364533,46.6712643981364],[-121.4128169071193,46.67100320359782],[-121.41319369363718,46.6709316432154],[-121.41298723466139,46.67040925522011],[-121.41336401759722,46.67033769450077],[-121.41274465202468,46.66877053575432],[-121.4131214258519,46.668698976063915],[-121.41208920156096,46.666087058866076],[-121.41246596075366,46.666015501569895],[-121.4123627414445,46.66575431092216],[-121.41273949843723,46.66568275294765],[-121.41263627856496,46.665421562774135],[-121.41301303335774,46.6653500041214],[-121.4128065933054,46.6648276248555],[-121.41318334451678,46.66475606586573],[-121.41287368643188,46.663972498986894],[-121.41325043268046,46.66390094000159],[-121.41314721357418,46.66363975164884],[-121.4135239576229,46.66356819198522],[-121.41342073795359,46.663307004106585],[-121.41379747980251,46.66323544376469],[-121.41369425957014,46.66297425636013],[-121.41407099921928,46.662902695339916],[-121.41396777842392,46.66264150840946],[-121.41434451587328,46.662569946710995],[-121.41424129451494,46.66230876025457],[-121.41499476419573,46.66216563448149],[-121.41489154089308,46.661904448840446],[-121.41526827312452,46.66183288476586],[-121.41516504925897,46.66157169959885],[-121.41554177929069,46.661500134846015],[-121.41543855486222,46.661238950153006],[-121.41581528269425,46.661167384721885],[-121.41519594502186,46.65960028139752],[-121.41557266374795,46.65952871699486],[-121.41546944228563,46.6592675339129],[-121.41584615881213,46.659195968832016],[-121.41574293678696,46.658934786223966],[-121.41611965111392,46.65886322046483],[-121.41601642852588,46.65860203833071],[-121.4163931406533,46.658530471893336],[-121.41618669516996,46.65800810870549],[-121.41656340371674,46.657936541931186],[-121.4162537374858,46.65715299916733],[-121.41663044107086,46.657081432397476],[-121.41642399824633,46.656559071900105],[-121.41680069825091,46.656487504793304],[-121.41669747668504,46.65622632508462],[-121.41707417449022,46.656154757299625],[-121.41697095236161,46.65589357806474],[-121.41734764796743,46.65582200960155],[-121.4170379823483,46.65503847371568],[-121.41741467299276,46.65496690525677],[-121.41669213885429,46.65313866188058],[-121.41706881901374,46.65306709479109],[-121.41696560174317,46.65280591803681],[-121.41658892296468,46.65287748478505],[-121.41576322530278,46.65078807278598],[-121.4153865567532,46.650859635785004],[-121.4150769377722,46.65007610744536],[-121.41470027254707,46.65014766840147],[-121.41449386674527,46.64962531615425],[-121.41411720346369,46.64969687540858],[-121.41391080369588,46.64917452300825],[-121.4135341423579,46.64924608056086],[-121.41343094508188,46.64898490421796],[-121.41305428430667,46.64905646040999],[-121.41274470152923,46.64827293115161],[-121.41236804407845,46.64834448530093],[-121.4122648528361,46.64808330880485],[-121.41188819594817,46.64815486159362],[-121.4117850069046,46.647893684888786],[-121.4091483954522,46.648394523479055],[-121.40904521689238,46.64813334451879],[-121.40829189473511,46.64827643140196],[-121.4081887197549,46.648015251891856],[-121.40781205883034,46.64808679346323],[-121.40770888604885,46.64782561374433],[-121.40695556450795,46.64796869314674],[-121.40685239530605,46.64770751287799],[-121.40534574793406,46.64799365808542],[-121.40524258507357,46.64773247658488],[-121.40448925924274,46.64787554238991],[-121.40438609996177,46.647614360339595],[-121.40400943720068,46.64768589137194],[-121.40390628011838,46.64742470911289],[-121.40352961792047,46.647496238784804],[-121.4034264630368,46.647235056317086],[-121.4030498014021,46.64730658462851],[-121.40294664871705,46.64704540195213],[-121.40181666304966,46.647259979746714],[-121.40171351532508,46.646998796179695],[-121.40133685318158,46.647070319731384],[-121.40123370765555,46.64680913595565],[-121.40085704607536,46.64688065814692],[-121.40075390274791,46.646619474162485],[-121.40037724173105,46.64669099499332],[-121.40027410060213,46.64642981080033],[-121.39989744014862,46.646501330270716],[-121.39979430121825,46.646240145869065],[-121.3994176413281,46.64631166397909],[-121.39931450459623,46.64605047936878],[-121.39893784526946,46.64612199611842],[-121.39883471073607,46.64586081129948],[-121.3984580519727,46.64593232668875],[-121.39835491963781,46.645671141661175],[-121.3972249425855,46.64588568068954],[-121.39712181521092,46.64562449477147],[-121.39561517322034,46.64591053117315],[-121.39540893197136,46.645388157006934],[-121.39578559093323,46.6453166501175],[-121.3956824701539,46.64505546357365],[-121.39605912691738,46.64498395600562],[-121.39595600557455,46.64472276993502],[-121.39708596681756,46.644508242136816],[-121.39698284214938,46.64424705722108],[-121.39735949288126,46.644175546257],[-121.39725636764965,46.643914361814424],[-121.3976330161832,46.64384285017176],[-121.39752989038813,46.643581666202294],[-121.39790653672338,46.64351015388115],[-121.39780341036489,46.643248970384775],[-121.39818005450184,46.643177457385065],[-121.39807692757995,46.64291627436175],[-121.39845356951864,46.6428447606835],[-121.39824731536552,46.64232239571526],[-121.39862395372515,46.64225088169935],[-121.39841770008019,46.64172851794163],[-121.39804106448213,46.64180003127582],[-121.39793794026653,46.64153884925436],[-121.39756130523183,46.64161036122828],[-121.39745818321441,46.6413491789981],[-121.3970815487431,46.64142068961184],[-121.39697842892384,46.64115950717297],[-121.39660179501595,46.64123101642646],[-121.39649867739482,46.64096983377895],[-121.39612204405037,46.64104134167223],[-121.39601892862736,46.64078015881601],[-121.39564229584632,46.64085166534906],[-121.39553918262139,46.640590482284225],[-121.39516255040385,46.640661987457115],[-121.39505943937702,46.640400804183614],[-121.39468280772294,46.64047230799624],[-121.39457969889416,46.640211124514096],[-121.3942030678036,46.64028262696655],[-121.39409996117287,46.64002144327577],[-121.39372333064586,46.6400929443681],[-121.39362022621313,46.63983176046866],[-121.39324359624963,46.63990326020075],[-121.39314049401493,46.63964207609268],[-121.392763864615,46.639713574464665],[-121.39266076457828,46.63945239014798],[-121.3919075060884,46.63959538315222],[-121.39180440963042,46.63933419828611],[-121.39067451990924,46.63954867912471],[-121.39057142841082,46.63928749336858],[-121.39019479825028,46.63935898460193],[-121.38988553280012,46.63857542710419],[-121.38950890596486,46.638646916295954],[-121.38899348679345,46.63734098807206],[-121.38861686604501,46.637412474540916],[-121.38820455093752,46.63636773297686],[-121.38782793489503,46.6364392170637],[-121.38751871128497,46.63565566125549],[-121.38714209856765,46.635727143300926],[-121.38662674912648,46.63442121789167],[-121.38700335494035,46.63434973754933],[-121.38679721812088,46.63382736899099],[-121.38717382035655,46.63375588831051],[-121.38707075179153,46.63349470456995],[-121.38744735182969,46.63342322321075],[-121.38734428270095,46.63316203994277],[-121.3877208805416,46.63309055790486],[-121.38751474197356,46.63256819244608],[-121.38789133623617,46.632496710070015],[-121.3877882667969,46.63223552787918],[-121.38854145011038,46.63209256075035],[-121.38843837872687,46.631831379372606],[-121.38881496777778,46.63175989461986],[-121.3884026848905,46.63071517179053],[-121.38877926760252,46.63064368738083],[-121.38867619754238,46.63038250734381],[-121.38905277805705,46.63031102225544],[-121.38894970743333,46.630049842690866],[-121.38932628575071,46.62997835692384],[-121.38901707463931,46.62919482004305],[-121.38939364799857,46.629123334278496],[-121.38908444009749,46.62833979960597],[-121.38946100849878,46.62826831384384],[-121.38935793945171,46.628007136223836],[-121.38973450565582,46.62793564978306],[-121.38932223211422,46.6268909419832],[-121.38969879198027,46.626819455885354],[-121.38949265734962,46.62629710345709],[-121.38911610024418,46.626368588873895],[-121.38849772423616,46.624801532707686],[-121.38812117459557,46.62487301506211],[-121.38781200175791,46.624089487735624],[-121.38818854725783,46.62401800640264],[-121.38757021535133,46.622450957347816],[-121.38794675175355,46.622379477038514],[-121.38774064489087,46.62185712908762],[-121.38736411124893,46.62192860871603],[-121.38715801041292,46.62140626061079],[-121.38753454129463,46.62133478166322],[-121.38701929659433,46.62002891540515],[-121.38739581975905,46.619957437140584],[-121.3869836331766,46.61891274786394],[-121.38736015000465,46.61884126994195],[-121.38725710402038,46.61858009829203],[-121.38763361865189,46.61850861969136],[-121.38753057210414,46.618247448513294],[-121.38790708453917,46.61817596923392],[-121.38780403742798,46.617914798527856],[-121.38818054766654,46.61784331856981],[-121.38807749999188,46.61758214833553],[-121.388454008034,46.61751066769883],[-121.38835095979596,46.617249497936506],[-121.3887274656416,46.61717801662107],[-121.38862441684014,46.61691684733061],[-121.38900092048937,46.61684536533657],[-121.38889787112456,46.61658419651786],[-121.38965087321365,46.61644123015341],[-121.38975392533821,46.616702398291295],[-121.39050692692088,46.61655942716991],[-121.39040387203661,46.616298259712856],[-121.39153336414685,46.61608379640927],[-121.39143030593968,46.61582263010481],[-121.39218329383733,46.61567965015486],[-121.39208023368712,46.61541848466265],[-121.39320970526988,46.61520400811638],[-121.39310664179698,46.61494284377681],[-121.39423610189107,46.61472835908095],[-121.39413303509558,46.61446719589396],[-121.39488600164914,46.614324201682656],[-121.3947829329109,46.61406303930791],[-121.39628885069966,46.61377704001955],[-121.39618577725943,46.613515879137815],[-121.39656225328538,46.613444377108806],[-121.39645917928216,46.61318321669876],[-121.39871801001001,46.612754185169806],[-121.39861492854604,46.612493026933734],[-121.39899139609604,46.61242151845313],[-121.3988883140692,46.612160360688705],[-121.39926477942299,46.612088851529705],[-121.39916169683335,46.61182769423694],[-121.39991462233175,46.61168467354309],[-121.39981153779983,46.61142351706246],[-121.40018799794451,46.61135200552768],[-121.4000849128498,46.61109084951877],[-121.4004613707983,46.61101933730553],[-121.40035828514087,46.61075818176821],[-121.4007347408932,46.61068666887653],[-121.40063165467302,46.61042551381084],[-121.4010081082292,46.61035400024079],[-121.40080193548017,46.60983169118375],[-121.40117838546087,46.609760177275724],[-121.40107529893203,46.60949902328435],[-121.40145174671663,46.60942750869797],[-121.40124557335027,46.60890520178949],[-121.40162201755945,46.608833686865104],[-121.4009004268471,46.607005619198105],[-121.4012768605845,46.60693410563776],[-121.40117377808434,46.60667295397857],[-121.4049380567495,46.605957765746545],[-121.40483496127393,46.605696617622534],[-121.40521138326949,46.60562509353655],[-121.40510828723149,46.605363945883965],[-121.4054847070312,46.60529242111964],[-121.4053816104308,46.60503127393847],[-121.40575802803468,46.60495974849581],[-121.40565493087186,46.604698601785984],[-121.40603134627993,46.60462707566513],[-121.40592824855473,46.60436592942664],[-121.406304661767,46.60429440262747],[-121.40620156347946,46.60403325686038],[-121.40657797449593,46.60396172938286],[-121.40647487564605,46.603700584087136],[-121.40722769247078,46.60355752675687],[-121.40712459167956,46.60329638227284],[-121.40750099748782,46.60322485242008],[-121.4073978961343,46.60296370840742],[-121.40777429974685,46.60289217787641],[-121.40767119783106,46.60263103433499],[-121.40804759924792,46.6025595031257],[-121.40794449676989,46.602298360055634],[-121.40832089599105,46.602226828168064],[-121.40790848873027,46.60118225855788],[-121.40753209502483,46.601253789083835],[-121.40722280229119,46.60047036222868],[-121.40684641190583,46.600541890714744],[-121.40674331734014,46.60028074835093],[-121.40636692751703,46.60035227547801],[-121.40616074359335,46.59982999046207],[-121.4057843557114,46.59990151588979],[-121.40526891708693,46.59859580393694],[-121.40489253528276,46.59866732664425],[-121.40344943503422,46.59501134580038],[-121.40307307171666,46.59508286272495],[-121.40245465743965,46.593516019591256],[-121.40207830157802,46.59358753345585],[-121.40166604723493,46.59254297261841],[-121.40204239758187,46.59247146011469],[-121.40183627255085,46.59194918116],[-121.40221261932422,46.5918776683181],[-121.4020064948011,46.591355390566136],[-121.40238283800097,46.59128387738612],[-121.40217671398575,46.59076160083667],[-121.4025530536122,46.590690087318556],[-121.40234693010491,46.59016781197165],[-121.402723266158,46.59009629811534],[-121.40251714315866,46.58957402397086],[-121.40289347563844,46.58950250977639],[-121.40268735314709,46.5889802368342],[-121.4030636820536,46.58890872230157],[-121.40275450030286,46.588125314887414],[-121.40313082425776,46.5880538003568],[-121.40292470441481,46.587531530079936],[-121.40330102479663,46.587460015211136],[-121.40319796472106,46.58719888060846],[-121.40357428290827,46.587127365061384],[-121.40347122227048,46.58686623092926],[-121.40384753826308,46.58679471470391],[-121.40374447706316,46.58653358104232],[-121.40412079086114,46.586462064138615],[-121.40391466815315,46.585939797887],[-121.40429097837826,46.585868280645144],[-121.40418791687023,46.58560714805509],[-121.4045642249008,46.58553563013492],[-121.40446116283064,46.585274498015345],[-121.40483746866671,46.58520297941686],[-121.40473440603446,46.584941847767766],[-121.40511070967605,46.584870328491014],[-121.40500764648172,46.584609197312346],[-121.40538394792883,46.58453767735738],[-121.40507475910819,46.58375428562373],[-121.40545105560437,46.58368276567069],[-121.40534799291831,46.58342163569358],[-121.40572428722011,46.583350115062295],[-121.40551816154009,46.58282785617897],[-121.40589445226931,46.58275633520965],[-121.40579138927536,46.58249520630351],[-121.40616767781029,46.58242368465584],[-121.40606461425433,46.58216255622011],[-121.40644090059492,46.582091033894216],[-121.40633783647702,46.5818299059288],[-121.40671412062329,46.58175838292465],[-121.40661105594343,46.581497255429596],[-121.40698733789544,46.581425731747196],[-121.40688427265364,46.58116460472245],[-121.40726055241137,46.58109308036186],[-121.40715748660764,46.5808319538074],[-121.4082863168496,46.58061737563601],[-121.4083893867875,46.580878501170126],[-121.40989448786222,46.58059238132468],[-121.40999756412849,46.58085350562845],[-121.41150265765542,46.58056736812957],[-121.41160574024997,46.580828491202915],[-121.411982012969,46.58075695394235],[-121.41177584584022,46.58023470860609],[-121.41215211498701,46.580163171007506],[-121.41194594836745,46.57964092687209],[-121.41232221394208,46.57956938893551],[-121.41211604783173,46.5790471460009],[-121.41249230983424,46.578975607726385],[-121.41238922662558,46.578714486794325],[-121.4127654864339,46.57864294784168],[-121.41255931970959,46.57812070704816],[-121.4129355759459,46.578049167757484],[-121.41283249243025,46.577788047895964],[-121.41320874647246,46.57771650792721],[-121.41310566239524,46.5774553885359],[-121.41348191424338,46.577383847889074],[-121.41337882960457,46.57712272896787],[-121.41450757611796,46.576908101938415],[-121.41440448816203,46.57664698416766],[-121.41703819181222,46.57614615450948],[-121.41714128941236,46.5764072698992],[-121.41751753090341,46.5763357183923],[-121.41762063069761,46.57659683357182],[-121.41837311398605,46.57645372682309],[-121.41827001143645,46.57619261232387],[-121.41902248870402,46.57604950218285],[-121.41891938421544,46.57578838849392],[-121.41929562024698,46.575716832236324],[-121.41919251519712,46.57545571901754],[-121.41994498205578,46.57531260412825],[-121.41984187506704,46.575051491719776],[-121.42021810589418,46.57497993308806],[-121.42011499834423,46.57471882114965],[-121.42049122697735,46.574647261840035],[-121.42038811886621,46.57438615037171],[-121.42076434530536,46.574314590384084],[-121.42066123663307,46.57405347938585],[-121.42103746087825,46.573981918720314],[-121.42093435164477,46.57372080819211],[-121.42131057369606,46.57364924684861],[-121.42110435492317,46.57312702686216],[-121.42185679106647,46.57298390248152],[-121.42175368014962,46.57272279336339],[-121.42288232410921,46.57250810017733],[-121.42277920987632,46.57224699220954],[-121.4235316323458,46.572103859008756],[-121.42342851617445,46.5718427518511],[-121.42380472480716,46.5717711840638],[-121.42370160807481,46.571510077376125],[-121.42407781451368,46.57143850891093],[-121.42314978826393,46.56908855762264],[-121.4235259814903,46.56901699120076],[-121.42331975966015,46.56849478191063],[-121.42294356918836,46.56856634765217],[-121.42273735337804,46.568044138200584],[-121.42236116484453,46.56811570224392],[-121.42215495505395,46.56759349263078],[-121.4217787684587,46.56766505497591],[-121.42136636418167,46.56662063594531],[-121.42174254526793,46.566549074960484],[-121.4213301485416,46.56550465936441],[-121.42170632330283,46.56543309872193],[-121.42139703019663,46.564649789405884],[-121.42102085956692,46.56472134902826],[-121.42081467099797,46.564199142785405],[-121.42043850230642,46.56427070070974],[-121.42033541062331,46.56400959744266],[-121.41995924249278,46.564081154009],[-121.41975306432923,46.5635589471835],[-121.41937689813685,46.563630502051794],[-121.41896455711135,46.56258608859548],[-121.41858839561141,46.562657641085856],[-121.4184853137723,46.562396537705695],[-121.41810915283345,46.56246808883813],[-121.4179029943575,46.56194588178638],[-121.41752683535685,46.56201743122088],[-121.41732068289913,46.56149522400734],[-121.41694452583668,46.56156677174399],[-121.41663530740118,46.5607834608751],[-121.41625915365401,46.56085500657403],[-121.41615608385115,46.56059390287013],[-121.41577993066517,46.56066544721119],[-121.41567686305527,46.56040434329687],[-121.41530071043044,46.560475886280095],[-121.41519764501356,46.560214782155306],[-121.41482149294991,46.56028632378071],[-121.41451230572567,46.559503011163656],[-121.41413615697739,46.55957455075137],[-121.41382698122692,46.55879123827987],[-121.41345083579395,46.55886277583007],[-121.41334778021913,46.558601671591994],[-121.4129716353474,46.558673207784324],[-121.4128685819654,46.5584121033358],[-121.41399701000209,46.5581974927245],[-121.41389395330481,46.55793638942496],[-121.41539850709118,46.55765022905197],[-121.41529544570179,46.5573891272414],[-121.41567158073187,46.55731758494324],[-121.41556851878136,46.55705648360193],[-121.4159446516187,46.55698494062584],[-121.41584158910707,46.556723839753744],[-121.41621771975164,46.55665229609963],[-121.41611465667893,46.556391195696825],[-121.4164907851308,46.55631965136468],[-121.41638772149702,46.556058551431086],[-121.41676384775617,46.555987006420956],[-121.41666078356133,46.55572590695658],[-121.41778915331327,46.55551126683885],[-121.41768608580372,46.55525016852337],[-121.41994279501878,46.554820862845716],[-121.41983972006433,46.554559766698844],[-121.42021583403451,46.55448821253009],[-121.42011275851918,46.55422711685234],[-121.42048887029675,46.554155562005704],[-121.42007657088725,46.553111181946946],[-121.42045267634211,46.55303962744201],[-121.4203496021527,46.55277853309034],[-121.42072570541501,46.5527069779075],[-121.4199011302565,46.550618230463705],[-121.41952503800725,46.55068978292772],[-121.41942197116016,46.550428689738695],[-121.41904587947174,46.550500240845196],[-121.41894281481699,46.55023914744548],[-121.41856672368942,46.5503106971944],[-121.41836059958034,46.5497885101028],[-121.41798451039023,46.54986005815439],[-121.4175722774669,46.54881568416167],[-121.4171961929674,46.54888722983638],[-121.41699008415291,46.54836504293517],[-121.41661400159086,46.548436586912615],[-121.41651094978363,46.548175493315924],[-121.41688703096912,46.54810394967824],[-121.41668092704849,46.547581763551726],[-121.41705700466531,46.54751021957587],[-121.41695395255189,46.54724912704598],[-121.41770610258568,46.54710603672065],[-121.4176030485349,46.54684494499932],[-121.41835519255321,46.546701851282705],[-121.41825213656514,46.54644076036993],[-121.41862820597437,46.54636921232481],[-121.41852514942553,46.54610812188087],[-121.41927728304422,46.545965023417196],[-121.41917422455818,46.545703933781716],[-121.41955028876765,46.54563238336313],[-121.41944722972083,46.545371294196386],[-121.4198232917383,46.545299743099925],[-121.41972023213077,46.54503865440197],[-121.4200962919562,46.54496710262757],[-121.41999323178796,46.544706014398336],[-121.4203692894214,46.544634461946025],[-121.42026622869246,46.54437337418553],[-121.42064228413393,46.544301821055335],[-121.42053922284428,46.54404073376349],[-121.42091527609384,46.54396917995543],[-121.42081221424354,46.543708093132324],[-121.42156431554307,46.54356498314286],[-121.42146125175587,46.54330389712816],[-121.42258939345895,46.54308922553109],[-121.4226924613749,46.54335031052654],[-121.42419664439768,46.54306406612498],[-121.42409357097686,46.54280298248862],[-121.4248456548416,46.542659854861846],[-121.42474257948416,46.54239877203397],[-121.42511861881677,46.542327207034006],[-121.42501554289886,46.54206612467466],[-121.42539158003959,46.54199455899692],[-121.42508235305182,46.54121131371142],[-121.42545838524846,46.541139748035434],[-121.4253553098412,46.54087866687096],[-121.42573133984602,46.54080710051724],[-121.42562826387835,46.54054601982135],[-121.42675634487043,46.540331315674074],[-121.42665326559029,46.54007023612628],[-121.42778133511268,46.53985552384061],[-121.42767825252022,46.53959444544091],[-121.42805427268688,46.53952287298375],[-121.42815735665533,46.539783951043724],[-121.43154151382919,46.53913975008418],[-121.43164461099704,46.53940082521471],[-121.43202062575764,46.53932924190313],[-121.43212372511726,46.539590316822505],[-121.43249974043792,46.53951873215362],[-121.43260284198935,46.539779806861915],[-121.43297885787004,46.53970822083572],[-121.43287575494271,46.539447146467246],[-121.43437980480297,46.539160793547175],[-121.43427669718801,46.538899720666706],[-121.43540472188853,46.53868494631298],[-121.43530161096196,46.53842387458077],[-121.4356776161878,46.53835228143448],[-121.43557450470136,46.53809121017077],[-121.4367025113558,46.53787642564691],[-121.43659939655794,46.53761535553143],[-121.43772739174152,46.537400562870474],[-121.43762427363238,46.53713949390309],[-121.43875225734504,46.53692469310515],[-121.43864913592475,46.53666362528597],[-121.43977710816648,46.53644881635112],[-121.43967398343514,46.5361877496802],[-121.44042595809832,46.53604453931655],[-121.44032283143173,46.53578347345387],[-121.44220274693114,46.53542543144048],[-121.44230588047576,46.535686495603755],[-121.44305784371434,46.53554327099724],[-121.44316098082618,46.53580433460923],[-121.44391294355157,46.53566110525362],[-121.44411922572583,46.53618323150355],[-121.45163872844246,46.534750700542816],[-121.45029759505036,46.53135697748556],[-121.45067354373637,46.53128534467556],[-121.45036406687863,46.53050218191657],[-121.45074001062272,46.53043054910912],[-121.45063685192727,46.5301694954527],[-121.4513887342165,46.53002622746616],[-121.45128557358683,46.52976517461783],[-121.45203744986095,46.529621903242365],[-121.4519342872971,46.529360851202185],[-121.45231022283473,46.529289214328585],[-121.45220705971191,46.52902816275656],[-121.45258299305821,46.52895652520576],[-121.45217034322832,46.52791232155967],[-121.45254627025798,46.527840684351396],[-121.45223678733004,46.5270575339828],[-121.45261270941837,46.526985896777056],[-121.45230322971052,46.52620274858182],[-121.45267914685762,46.52613111137861],[-121.45247282838298,46.525609013902326],[-121.45284874196399,46.52553737636176],[-121.45274558257586,46.52527632815573],[-121.45312149396574,46.52520468993797],[-121.45301833401878,46.52494364219989],[-121.45339424321759,46.52487200330495],[-121.45329108271176,46.52461095603485],[-121.45366698971955,46.52453931646261],[-121.45356382865492,46.52427826966053],[-121.45431563747228,46.52413498814466],[-121.45400615092565,46.52335185054607],[-121.45438204998553,46.5232802092821],[-121.45417572695187,46.522758118869746],[-121.45455162244593,46.5226864772685],[-121.45424213989165,46.52190334362975],[-121.45461803044518,46.52183170203098],[-121.45451486985108,46.52157065808058],[-121.45489075821375,46.52149901580465],[-121.45468443672422,46.52097692896756],[-121.45506032152129,46.5209052863543],[-121.45495716062588,46.52064424346761],[-121.45533304323216,46.52057260017716],[-121.45471408674827,46.51900634758267],[-121.4550899602903,46.518934705314194],[-121.45488364524118,46.51841262281905],[-121.45525951521786,46.51834098021317],[-121.4550532006835,46.517818898909255],[-121.45542906709491,46.517747255966086],[-121.45522275307529,46.51722517585324],[-121.45559861592152,46.51715353257263],[-121.45549545876109,46.51689249304775],[-121.45587131941673,46.51682084909001],[-121.45545869343657,46.515776693628226],[-121.45583454777807,46.51570505001267],[-121.4556282369347,46.515182973728116],[-121.45600408771122,46.51511132977527],[-121.45590093213897,46.51485029216443],[-121.45627678072506,46.5147786475344],[-121.45607046927942,46.514256573375704],[-121.45576100823043,46.51347346309574],[-121.45538516651662,46.51354510602704],[-121.45507571693399,46.512761995877604],[-121.45469987852755,46.512833636772875],[-121.45428729600374,46.511789490336106],[-121.4539114622791,46.51186112885562],[-121.45349889830585,46.5108169831033],[-121.4531230692629,46.510888619247275],[-121.45281365897165,46.5101055102546],[-121.45243783323599,46.51017714436266],[-121.451819042924,46.50861092778597],[-121.45219486041375,46.508539295715806],[-121.4520917301757,46.508278260405945],[-121.45246754547551,46.508206627658495],[-121.45226128469787,46.507684558100976],[-121.4526370964335,46.507612925016005],[-121.45253396589395,46.507351890768234],[-121.45290977543966,46.50728025700604],[-121.45270351405908,46.50675818957241],[-121.4523277072618,46.50682982265536],[-121.45212145189221,46.50630775505277],[-121.45174564702768,46.50637938643971],[-121.4516425219405,46.50611835249015],[-121.45126671763455,46.50618998252071],[-121.45075111130343,46.504884812987896],[-121.45037531305282,46.50495644030385],[-121.44985973398104,46.503651272260925],[-121.44948394178562,46.50372289686234],[-121.44927771861363,46.503200829858564],[-121.44890192835096,46.503272452764215],[-121.44869571118906,46.50275038559118],[-121.44756834375319,46.5029652461706],[-121.44746524051772,46.50270421175678],[-121.44671366089835,46.502847446380244],[-121.44650746237009,46.50232537657711],[-121.4461316740856,46.50239699168474],[-121.44602857741866,46.50213595663489],[-121.44565278969293,46.502207570386254],[-121.44554969521545,46.5019465351244],[-121.44517390804855,46.50201814751959],[-121.44496772428772,46.50149607669931],[-121.44459193905377,46.50156768739883],[-121.44448884977044,46.50130665184047],[-121.4441130650953,46.50137826118374],[-121.44400997800136,46.50111722541333],[-121.44363419388509,46.50118883340052],[-121.44353110898054,46.50092779741815],[-121.44315532542315,46.500999404049054],[-121.4430522427079,46.50073836785473],[-121.4426764597094,46.50080997312951],[-121.44257337918354,46.50054893672317],[-121.44219759674395,46.500620540641755],[-121.44209451840737,46.50035950402349],[-121.44171873652672,46.50043110658594],[-121.44161566037945,46.50017006975571],[-121.44123987905778,46.500241670962005],[-121.44113680509977,46.4999806339198],[-121.4400094603662,46.50019543041999],[-121.43990639134574,46.49993439248712],[-121.43915482686269,46.50007758439131],[-121.43905176140562,46.49981654590714],[-121.43867597931562,46.499888139994724],[-121.43857291604776,46.499627101298685],[-121.43819713451686,46.499698694030144],[-121.43809407343824,46.4994376551222],[-121.43771829246641,46.499509246497546],[-121.43761523357698,46.499248207377626],[-121.43686367193654,46.49939138639938],[-121.43676061661041,46.49913034672836],[-121.43638483594187,46.49920193437468],[-121.43628178280491,46.49894089449178],[-121.4359060026955,46.49901248078202],[-121.43569990161485,46.49849040071982],[-121.43532412343882,46.4985619853148],[-121.43522107549505,46.49830094513551],[-121.4344695194465,46.498444110596395],[-121.43436647506599,46.498183069866],[-121.4336149185061,46.49832623058131],[-121.43351187768882,46.49806518929983],[-121.4308814136801,46.49856621739941],[-121.43077838329707,46.49830517387067],[-121.43040260083929,46.49837674490704],[-121.43019654526611,46.49785465755337],[-121.42982076474199,46.49792622689445],[-121.42961471517633,46.49740413937214],[-121.42923893658589,46.497475707018076],[-121.42903289302764,46.496953619327016],[-121.42865711637089,46.49702518527775],[-121.42845107881993,46.49650309741804],[-121.42807530409685,46.49657466167356],[-121.42786927255302,46.49605257364519],[-121.42749349976367,46.49612413620563],[-121.42728747422687,46.49560204800845],[-121.42691170337122,46.4956736088738],[-121.42649966756983,46.494629432651536],[-121.42612390139624,46.494700991143525],[-121.42591789113142,46.49417890311837],[-121.42554212689151,46.494250459915435],[-121.42523312172587,46.493467327815466],[-121.42485736079382,46.493538882578385],[-121.42475436207513,46.49327783846065],[-121.42437860170271,46.493349391867724],[-121.42417260945706,46.492827303336156],[-121.4237968510184,46.49289885504833],[-121.42369385749139,46.49263781063441],[-121.42331809961237,46.49270936099077],[-121.42311211774998,46.492187271866804],[-121.4234878728808,46.49211572218861],[-121.42328189152795,46.491593634252055],[-121.42403339384991,46.49145053320151],[-121.42393040164703,46.49118949010224],[-121.42580913632898,46.490831721378264],[-121.4257061380704,46.49057068010152],[-121.42720910565951,46.490284448177526],[-121.42710610271956,46.490023408384296],[-121.42823331573732,46.489808724783174],[-121.42813030949007,46.48954768613429],[-121.42888177801485,46.48940455932821],[-121.42877876983437,46.48914352148465],[-121.42915450150105,46.48907195689572],[-121.42905149276122,46.48881091951846],[-121.42942722223953,46.48873935425183],[-121.42932421294037,46.48847831734085],[-121.42969994023032,46.48840675139669],[-121.42959693037184,46.48814571495185],[-121.42997265547343,46.488074148330135],[-121.42986964505567,46.48781311235148],[-121.43024536796891,46.48774154505219],[-121.43014235699188,46.48748050953975],[-121.43126951672312,46.487265802559214],[-121.43116650243931,46.487004768191056],[-121.43191793543994,46.48686162579902],[-121.43181491922317,46.48660059223618],[-121.43219063312795,46.486529019854345],[-121.43177857091149,46.48548488822978],[-121.43215427850694,46.48541331618758],[-121.43194824953855,46.48489125181568],[-121.43232395357218,46.48481967943499],[-121.43222093893613,46.484558647778634],[-121.43259664078161,46.484487074720505],[-121.43249362558642,46.48422604353021],[-121.43324502408663,46.48408289504216],[-121.43314200695876,46.48382186465694],[-121.43351770361349,46.483750289227174],[-121.43341468592658,46.48348925930795],[-121.43379038039322,46.48341768320071],[-121.43368736214727,46.483156653747535],[-121.43443874588989,46.48301349916143],[-121.4343357257114,46.482752470513354],[-121.43508710344885,46.48260931253921],[-121.43488106004143,46.48208725697996],[-121.4352567449414,46.48201567714623],[-121.435153723086,46.48175464989601],[-121.43552940579795,46.48168306938483],[-121.43501430187155,46.48037793673229],[-121.43538997690185,46.480306356899774],[-121.43518393828596,46.47978430540489],[-121.43555960975497,46.47971272523395],[-121.4354565902954,46.479451700015765],[-121.4358322595766,46.479380119167395],[-121.43572923955811,46.47911909441507],[-121.43610490665151,46.47904751288923],[-121.43600188607418,46.47878648860274],[-121.43637755097973,46.47871490639944],[-121.43617150952188,46.47819285888481],[-121.43654717086636,46.47812127634316],[-121.43644414998586,46.47786025311503],[-121.43681980914258,46.47778866989588],[-121.43578963139929,46.4751784479756],[-121.43541398597483,46.47525002780488],[-121.43500194317335,46.4742059412287],[-121.43462630242719,46.474277518685795],[-121.43442028865877,46.47375547547981],[-121.43404464984461,46.473827051242665],[-121.4338386420797,46.47330500786552],[-121.4330873675011,46.47344815498641],[-121.43288136848584,46.47292611076023],[-121.43250573272141,46.47299768211828],[-121.43240273580828,46.47273665985624],[-121.43202710060281,46.47280822985903],[-121.431924105877,46.47254720738481],[-121.43154847123044,46.4726187760323],[-121.43134248696775,46.47209673078592],[-121.43096685425326,46.47216829773935],[-121.43065788808484,46.47138522980291],[-121.43028225867556,46.47145679472334],[-121.43007628804686,46.47093474938777],[-121.4297006605697,46.47100631261418],[-121.42887682160305,46.468918133624705],[-121.4285012042964,46.46898969312429],[-121.42819228223466,46.46820662707506],[-121.4278166682331,46.46827818454192],[-121.42761072700793,46.46775614046425],[-121.42723511493841,46.46782769623722],[-121.42713214691977,46.467566674049465],[-121.42675653540934,46.46763822846738],[-121.42665356957765,46.46737720606734],[-121.4262779586263,46.4674487591302],[-121.42607203215071,46.46692671403218],[-121.42644764035609,46.46685516164676],[-121.42603579167971,46.46581107432354],[-121.42641139357927,46.465739522276735],[-121.4256906801187,46.4639123767007],[-121.42531508782955,46.463983926376635],[-121.42521213339195,46.463722905747076],[-121.42408535576041,46.46393754766114],[-121.42398240625528,46.46367652614195],[-121.42323121984455,46.463819614992524],[-121.423128273899,46.463558592922524],[-121.42275268084595,46.46363013548473],[-121.42264973708703,46.46336911320244],[-121.42152295716438,46.4635837337753],[-121.42142001833793,46.46332271060358],[-121.42104442477594,46.463394248423285],[-121.42083855230989,46.462872201781856],[-121.4204629606801,46.46294373790802],[-121.42036002704049,46.46268271443835],[-121.41998443597,46.46275424920963],[-121.41988150451691,46.46249322552777],[-121.41950591400575,46.462564758944104],[-121.41919712864683,46.46178168764119],[-121.41882154144083,46.46185321902547],[-121.41871861598793,46.461592195172095],[-121.41834302934127,46.461663725201504],[-121.41824010607482,46.46140270113597],[-121.41786451998755,46.461474229810506],[-121.41776159890752,46.46121320553272],[-121.41738601337963,46.46128473285252],[-121.41718017640592,46.46076268399904],[-121.41680459281034,46.460834209625396],[-121.41639293411625,46.45979011208082],[-121.41451503139459,46.46014771819776],[-121.41441212561914,46.45988669243501],[-121.4140365440075,46.45995821027098],[-121.4133162359637,46.45813103110033],[-121.41369180796518,46.45805951563365],[-121.41348601024123,46.457537466255886],[-121.41386157868371,46.45746595044984],[-121.41365578146736,46.45694390225415],[-121.41403134635094,46.45687238610876],[-121.41382554964216,46.456350339095096],[-121.41420111096689,46.456278822610244],[-121.41409821245965,46.45601779963128],[-121.41447377159835,46.45594628246864],[-121.41426797427826,46.45542423756628],[-121.4150190846249,46.45528120154607],[-121.41481328506707,46.454759158502284],[-121.41518883627506,46.454687639644696],[-121.41498303722497,46.45416559778263],[-121.41535858487435,46.454094078585634],[-121.41484409461789,46.45278897783046],[-121.41521963459091,46.45271745930936],[-121.41449937277898,46.45089032591875],[-121.41412384241394,46.45096184207112],[-121.41237482436784,46.44652453808765],[-121.41199931652162,46.44659604747257],[-121.41179356788528,46.446074013427356],[-121.41141806197083,46.44614552111958],[-121.41121231933114,46.44562348690163],[-121.4108368153485,46.44569499290133],[-121.41052821160305,46.44491194150427],[-121.41090371146859,46.44484043651936],[-121.41028651769199,46.443274339154584],[-121.41066200851076,46.44320283518296],[-121.40942769227735,46.44007065810507],[-121.40905221792529,46.44014215801861],[-121.40853796089844,46.43883708789214],[-121.40816249259446,46.438908585098936],[-121.40805964499933,46.43864757111284],[-121.4084351119312,46.438576074244196],[-121.40833226377663,46.43831506072193],[-121.4087077285237,46.438243563175384],[-121.40829633854382,46.43719951169618],[-121.40867179698985,46.437128014486056],[-121.40774620472607,46.43477890905375],[-121.40812165001131,46.43470741387046],[-121.40791596903621,46.4341853924993],[-121.40829141076499,46.43411389697616],[-121.40818857012437,46.43385288681707],[-121.40856400966861,46.43378139061603],[-121.40835832808119,46.4332593713508],[-121.40873376406905,46.43318787481],[-121.40801389450503,46.43136081370327],[-121.40838932007733,46.43128931851276],[-121.40787514504773,46.42998428032119],[-121.40749972633444,46.430055773821664],[-121.40729406475344,46.42953375874753],[-121.40691864797125,46.42960525055619],[-121.40681581977118,46.42934424286933],[-121.40644040354837,46.42941573332421],[-121.40633757753247,46.42915472542489],[-121.40596216186903,46.42922621452589],[-121.4058593380373,46.428965206414055],[-121.40473309028803,46.42917966660809],[-121.40442463601296,46.428396639983944],[-121.40404922258722,46.42846812366973],[-121.40260988516984,46.42481400962],[-121.40223449013583,46.42488548755946],[-121.40202888624356,46.42436347259725],[-121.4016534931407,46.42443494884518],[-121.40155069378444,46.42417394121429],[-121.4011753012411,46.424245416108626],[-121.40107250406862,46.42398440826524],[-121.4006971120848,46.42405588180587],[-121.4005943170961,46.42379487375004],[-121.4002189256718,46.423866345937014],[-121.40011613286684,46.42360533766871],[-121.39936535032531,46.42374827831969],[-121.39926256107573,46.4234872695011],[-121.39888716995854,46.42355873796506],[-121.39878438289266,46.42329772893403],[-121.39840899233509,46.42336919604435],[-121.3983062074529,46.42310818680088],[-121.39755542664501,46.423251117298605],[-121.39734986480329,46.42272909783648],[-121.39697447592467,46.42280056088611],[-121.39666614336684,46.42201753161971],[-121.39629075779123,46.42208899264017],[-121.39546858433458,46.42000091740827],[-121.39509320891997,46.42007237471118],[-121.394579383753,46.41876733007411],[-121.39420401438437,46.41883878467282],[-121.39358745920242,46.41727273321504],[-121.39321209725114,46.41734418477201],[-121.39300658809414,46.41682216794573],[-121.39263122807412,46.41689361781165],[-121.39252847608466,46.416632609248715],[-121.39215311662444,46.41670405776125],[-121.39205036681818,46.41644304898589],[-121.39167500791777,46.41651449614503],[-121.39157226029462,46.416253487157256],[-121.39119690195405,46.416324932963064],[-121.39099141188571,46.41580291468773],[-121.39061605547649,46.4158743588026],[-121.39041057139757,46.41535234035274],[-121.39078592506388,46.41528089691302],[-121.39027222221225,46.413975854666454],[-121.38989687540312,46.414047296418325],[-121.38958866754513,46.41326427155912],[-121.38921332403872,46.41333571128268],[-121.38890512759859,46.41255268653677],[-121.38852978739484,46.41262412423196],[-121.38832432990164,46.41210210768508],[-121.38794899162917,46.4121735436896],[-121.3878462654711,46.411912535266254],[-121.38747092775859,46.4119839699175],[-121.3872654806195,46.41146195277104],[-121.38689014483829,46.411533385731595],[-121.3863765480468,46.410228343366555],[-121.3867518769713,46.41015691209339],[-121.3866491586758,46.40989590433298],[-121.38702448541763,46.409824472381544],[-121.38692176656217,46.40956346508358],[-121.38729709112137,46.40949203245388],[-121.38709165310198,46.4089700189079],[-121.38746697410724,46.40889858593751],[-121.38736425494334,46.40863757968944],[-121.38773957376603,46.40856614604082],[-121.38763685404221,46.40830514025511],[-121.38801217068234,46.40823370592834],[-121.38790945039867,46.40797270060506],[-121.38828476485622,46.40790126560002],[-121.38818204401268,46.40764026073917],[-121.38855735628772,46.40756882505598],[-121.38845463488437,46.40730782065747],[-121.38882994497685,46.40723638429607],[-121.38872722301369,46.406975380359945],[-121.38910253092368,46.40690394332038],[-121.38899980840071,46.40664293984654],[-121.3897504190444,46.40650006339545],[-121.38964769459056,46.406239060721454],[-121.39002299732425,46.40616762130989],[-121.38992027231066,46.40590661909827],[-121.39029557286192,46.40583517900853],[-121.3901928472886,46.4055741772592],[-121.39056814565744,46.40550273649133],[-121.39046541952439,46.405241735204264],[-121.39084071571082,46.40517029375831],[-121.39042981380801,46.40412629120808],[-121.39005452310566,46.404197731304386],[-121.3899518010293,46.40393673064144],[-121.38957651088666,46.40400816938471],[-121.38947379099258,46.40374716850919],[-121.38984907976423,46.40367573010331],[-121.38954092083675,46.40289272923775],[-121.38991620468417,46.40282129082851],[-121.38971076671362,46.402299291550165],[-121.3900860470079,46.40222785280015],[-121.38936703006875,46.40040086161705],[-121.38974229995551,46.40032942421311],[-121.38963958512394,46.40006842630889],[-121.39001485282866,46.39999698822687],[-121.38980942285743,46.39947499346716],[-121.39018468700927,46.39940355504436],[-121.38997925754121,46.39888156145802],[-121.39035451814027,46.398810122694414],[-121.38901928786511,46.39541718091931],[-121.38939452983365,46.39534574552533],[-121.38929182411955,46.395084751213524],[-121.38966706390636,46.395013315141405],[-121.38946165217013,46.39449132756594],[-121.38983688840462,46.39441989115293],[-121.38942606918236,46.39337591884523],[-121.39017652825348,46.393233045671224],[-121.3900738227344,46.392972053580074],[-121.39082427582025,46.39282917701903],[-121.39072156837113,46.39256818572684],[-121.39147201547175,46.392425305778815],[-121.39136930609268,46.392164315285676],[-121.3917445270559,46.392092874125865],[-121.39184723780545,46.392353864281795],[-121.39297289994012,46.392139533698426],[-121.39307561561216,46.39240052296696],[-121.39345083607199,46.392329077071125],[-121.39334811902947,46.39206808813988],[-121.39409855477484,46.39192519397693],[-121.39399583580254,46.39166420584467],[-121.39437105108811,46.39159275757741],[-121.39426833155656,46.391331769906905],[-121.3953939684353,46.391117420025076],[-121.39467492564745,46.38929051689654],[-121.39505012672572,46.38921906726626],[-121.39494740820155,46.38895808193967],[-121.39607300245888,46.38874372796903],[-121.39597028063494,46.38848274377852],[-121.39672067001047,46.38833983672958],[-121.39661794625717,46.38807885333793],[-121.39699313835804,46.38800739862781],[-121.39689041404563,46.38774641569768],[-121.39726560396515,46.38767496030963],[-121.39736832964778,46.38793594290247],[-121.3977435201264,46.38786448616186],[-121.39784624799039,46.38812546854167],[-121.39822143902806,46.38805401044853],[-121.39832416907338,46.38831499261534],[-121.39869936067012,46.388243533169636],[-121.39880209289683,46.38850451512339],[-121.39917728505259,46.38843305432518],[-121.39928001946068,46.38869403606591],[-121.40340709470536,46.38790789656903],[-121.40350984499642,46.38816887472335],[-121.40426021450733,46.38802592639681],[-121.40436296834993,46.38828690400059],[-121.40473815325848,46.38821542797713],[-121.40514918222284,46.389259338285164],[-121.4055243718005,46.389187859896985],[-121.4063464796374,46.391275683777955],[-121.40672167936492,46.39120420167525],[-121.40682444786624,46.3914651798822],[-121.40719964815247,46.39139369642673],[-121.40740519032994,46.3919156525387],[-121.4085307945407,46.39170119405626],[-121.40863357095726,46.39196217128629],[-121.41238554594307,46.39124724031363],[-121.41248833687264,46.391508214293076],[-121.41361391765207,46.3912937141921],[-121.41371671350359,46.3915546872833],[-121.41446709937166,46.391411681464945],[-121.41456989877499,46.391672654005355],[-121.41494509186154,46.39160114923585],[-121.41504789344665,46.39186212156288],[-121.41579827992467,46.39171910830328],[-121.41590108506165,46.39198008007949],[-121.4166514710328,46.39183706208403],[-121.41675427972163,46.392098033309395],[-121.41750466518575,46.39195501057804],[-121.41740185375681,46.391694040027836],[-121.4230296206782,46.390621245174096],[-121.4229267895118,46.390360279812114],[-121.42330196610824,46.39028875237174],[-121.4231991343839,46.39002778747146],[-121.42357430879856,46.38995625935369],[-121.42347147651631,46.389695294915185],[-121.42759832642045,46.38890842233721],[-121.42770117377042,46.38916938306169],[-121.4280763384413,46.389097842762915],[-121.42817918797306,46.389358803273765],[-121.42930468122265,46.38914417527407],[-121.4295103909407,46.38966609464203],[-121.42988555647256,46.38959454927007],[-121.42998841391946,46.38985550880244],[-121.43036358000892,46.38978396207763],[-121.43046643963766,46.39004492139643],[-121.4308416062847,46.389973373318895],[-121.4309444680953,46.390234332424065],[-121.43131963529997,46.390162782993784],[-121.43142249929245,46.39042374188539],[-121.43179766705467,46.39035219110229],[-121.43190053322905,46.3906131497802],[-121.4322757015488,46.39054159764436],[-121.43237856990514,46.39080255610867],[-121.43350407410033,46.39058789259764],[-121.43340120163487,46.390326935146554],[-121.43565217987674,46.38989758274512],[-121.43575506056021,46.39015853816958],[-121.43988179311988,46.38937129348141],[-121.43977889737087,46.389110341772565],[-121.44202979275545,46.388680885841886],[-121.44192688960185,46.38841993628392],[-121.44305232221804,46.388205195630164],[-121.44294941576848,46.38794424720965],[-121.44332455697956,46.38787266529969],[-121.44322164997303,46.38761171734089],[-121.44359678900226,46.38754013475384],[-121.44349388143874,46.387279187256794],[-121.44386901828614,46.38720760399266],[-121.44376611016567,46.386946656957356],[-121.44414124483123,46.386875073016135],[-121.44403833615384,46.38661412644253],[-121.44441346863758,46.38654254182421],[-121.44451637868434,46.386803488059975],[-121.44639203576286,46.386445548055924],[-121.44628911886944,46.386184603509335],[-121.44703937327483,46.386041421079206],[-121.44693645445534,46.38578047733221],[-121.44731157906999,46.385708884932676],[-121.44720865969374,46.38544794164729],[-121.44758378212663,46.38537634857075],[-121.44748086219363,46.38511540574706],[-121.44785598244476,46.38504381199354],[-121.44775306195504,46.38478286963151],[-121.44850329728135,46.38463967975553],[-121.44860622050949,46.3849006214419],[-121.44898133832308,46.38482902464381],[-121.44908426373296,46.38508996611611],[-121.44945938210321,46.385018367965344],[-121.44956230969485,46.385279309223534],[-121.44993742862174,46.38520770972011],[-121.45004035839516,46.38546865076423],[-121.45041547787866,46.38539704990802],[-121.4506213426017,46.38591893169207],[-121.45099646401104,46.385847329145285],[-121.45109939896066,46.386108269885085],[-121.4514745209266,46.38603666598555],[-121.45157745805807,46.386297606511334],[-121.45195258058058,46.386226001259026],[-121.45205551989392,46.386486941570716],[-121.45280576523932,46.38634372734579],[-121.45290870810376,46.38660466710547],[-121.45328383092667,46.38653305813286],[-121.45338677597299,46.38679399767838],[-121.45413702191904,46.38665077601275],[-121.45423997051647,46.38691171500626],[-121.45461509363959,46.38684010231326],[-121.45482099601114,46.387361979995816],[-121.45519612105987,46.38729036561205],[-121.45540202942088,46.387812243114034],[-121.45577715639527,46.38774062703948],[-121.45588011316418,46.38800156563828],[-121.45625524069497,46.38792994821095],[-121.45635819964592,46.388190886595545],[-121.45673332773306,46.388119267815405],[-121.45683628886606,46.38838020598594],[-121.45721141750957,46.38830858585294],[-121.45731438082463,46.38856952380924],[-121.45806463841147,46.388426279822774],[-121.45816760527781,46.38868721722689],[-121.45854273422111,46.388615593373366],[-121.45926353463166,46.390442156304516],[-121.45888839610375,46.39051378252426],[-121.45919731865195,46.39129659808155],[-121.45882217520322,46.391368224300635],[-121.45892514964262,46.39162916340569],[-121.45930029446065,46.391557536848495],[-121.45940327108235,46.391818475739335],[-121.4597784164567,46.391746847829225],[-121.46008735530785,46.39252966423124],[-121.4604625039771,46.39245803429198],[-121.46056548658954,46.39271897300244],[-121.46094063581508,46.39264734171017],[-121.46104362060993,46.392908280206484],[-121.46141877039167,46.392836647561275],[-121.46152175736896,46.393097585843456],[-121.46189690770694,46.393025951845246],[-121.46199989686664,46.393286889913206],[-121.46237504776082,46.39321525456203],[-121.46247803910296,46.39347619241588],[-121.46285319055335,46.393404555711584],[-121.46295618407797,46.39366549335125],[-121.46333133608452,46.393593855293986],[-121.46343433179162,46.393854792719516],[-121.46380948435433,46.39378315330923],[-121.46391248224391,46.39404409052049],[-121.46428763536278,46.39397244975717],[-121.46469964053054,46.39501619848948],[-121.4650747983135,46.39494455535862],[-121.46517780300786,46.395205492513476],[-121.46555296134692,46.395133848029474],[-121.46565596822391,46.395394784970144],[-121.46603112711904,46.395323139133055],[-121.47766064943379,46.39310161481953],[-121.47755759874248,46.39284068870304],[-121.48168400045601,46.392052175186805],[-121.48158093551936,46.39179125291574],[-121.48195605669717,46.39171956411874],[-121.48185299120529,46.391458642309814],[-121.48410369297174,46.39102849024914],[-121.4840006200802,46.39076757059405],[-121.4855010661753,46.39048078361334],[-121.48539798862215,46.390219865435405],[-121.48577309674283,46.3901481664919],[-121.48567001863462,46.38988724877608],[-121.48604512457277,46.389815549156296],[-121.48594204590951,46.3895546319025],[-121.48669225260713,46.38941123029566],[-121.48658917202008,46.38915031384234],[-121.48696427277956,46.38907861185528],[-121.4868611916375,46.388817695863956],[-121.48723629021454,46.38874599320071],[-121.4871332085175,46.388485077671405],[-121.48750830491208,46.38841337433183],[-121.48730214122182,46.38789154432081],[-121.48767723406532,46.38781984064341],[-121.48747107089258,46.38729801180356],[-121.48784616018506,46.38722630778821],[-121.48774307845062,46.38696539389205],[-121.48811816556076,46.38689368920046],[-121.48780892113383,46.386110949268485],[-121.48818400332446,46.38603924457738],[-121.48808092210763,46.38577833185221],[-121.48845600211598,46.385706626484854],[-121.48835292034428,46.38544571422155],[-121.48947815138155,46.38523059304713],[-121.48937506631792,46.38496968192236],[-121.49087535750157,46.38468284083944],[-121.49077226777769,46.38442193119159],[-121.49152240575019,46.3842785052396],[-121.49131622326979,46.38375668766771],[-121.49206635251358,46.38361325901109],[-121.49196325975713,46.38335235108701],[-121.4934635030061,46.383065482953064],[-121.49356660123611,46.383326389523695],[-121.49394166138228,46.3832546696156],[-121.49383856178393,46.38299376338334],[-121.49421361974797,46.38292204279912],[-121.49411051959505,46.38266113702868],[-121.49486063034507,46.38251769349354],[-121.4947575282693,46.38225678852322],[-121.49513258105529,46.3821850655723],[-121.49461707604158,46.38088054426317],[-121.49424203009698,46.380952265522346],[-121.49403583652433,46.38043045718553],[-121.49366079250252,46.380502176753545],[-121.49345460492127,46.3799803682334],[-121.49307956282225,46.38005208611035],[-121.49287338123224,46.37953027740696],[-121.49249834105602,46.379601993592814],[-121.49239525284975,46.37934108908783],[-121.4920202132281,46.379412803920935],[-121.49160787401237,46.37836918578085],[-121.49198290816116,46.3782974723009],[-121.49187982402307,46.378036568412405],[-121.49225485599004,46.37796485425625],[-121.49215177129739,46.377703950829364],[-121.49252680108258,46.377632235997076],[-121.49242371583537,46.377371333031725],[-121.49279874343883,46.37729961752336],[-121.49269565763707,46.37703871501945],[-121.49307068305878,46.37696699883496],[-121.49296759670251,46.37670609679264],[-121.49334261994248,46.376634379932014],[-121.49323953303171,46.376373478351134],[-121.49361455408999,46.376301760814364],[-121.49351146662474,46.37604085969504],[-121.4938864855013,46.37596914148214],[-121.4936803102755,46.37544734028961],[-121.49405532560237,46.375375621738904],[-121.49384915089486,46.3748538217156],[-121.49422416267207,46.374782102827055],[-121.4941210751707,46.374521203338396],[-121.49487109354835,46.37437776319479],[-121.49476800412457,46.37411686450576],[-121.49514301072502,46.37404514325071],[-121.49503992074686,46.373784245023145],[-121.49541492516579,46.37371252309198],[-121.49531183463326,46.37345162532581],[-121.49568683687065,46.373379902718575],[-121.49558374578378,46.373119005413734],[-121.49595874583963,46.37304728213045],[-121.4956494733569,46.37226459196932],[-121.49602446849548,46.372192868686426],[-121.4959213779272,46.37193197255043],[-121.49629637088431,46.37186024859152],[-121.49619327976175,46.37159935291682],[-121.49656827053747,46.37152762828185],[-121.49646517886062,46.37126673306844],[-121.49684016745493,46.37119500775747],[-121.49673707522383,46.3709341130053],[-121.49711206163674,46.37086238701829],[-121.4970089688514,46.37060149272742],[-121.49738395308296,46.37052976606433],[-121.49707467550509,46.36974708494454],[-121.49744965481976,46.36967535828183],[-121.49724347110013,46.369153572159995],[-121.49761844686579,46.369081845159556],[-121.49751535485858,46.368820952621284],[-121.49789032844298,46.36874922494486],[-121.49778723588159,46.36848833286775],[-121.49853717787437,46.36834487514852],[-121.49843408339119,46.36808398387087],[-121.49880905179958,46.36801225382809],[-121.49839667653168,46.36696869129936],[-121.49802171359384,46.367040419989245],[-121.49781553357626,46.36651863878591],[-121.49744057256012,46.36659036578523],[-121.4973374851392,46.36632947502974],[-121.49696252467723,46.36640120067667],[-121.49685943943736,46.36614030970584],[-121.49760935681265,46.365996858074126],[-121.49750626965105,46.36573596790249],[-121.4978812257509,46.3656642409035],[-121.49777813803523,46.36540335119294],[-121.49815309195404,46.36533162351796],[-121.49805000368426,46.365070734268414],[-121.49842495542207,46.36499900591738],[-121.4983218665982,46.364738117128894],[-121.49869681615502,46.36466638810185],[-121.49859372677709,46.36440549977434],[-121.4993436207153,46.3642620393542],[-121.49924052941587,46.36400115182587],[-121.49961547379726,46.36392942043272],[-121.49951238194383,46.36366853336527],[-121.49988732414428,46.36359680129624],[-121.49978423173688,46.3633359146897],[-121.50015917175641,46.36326418194467],[-121.50005607879505,46.363003295799125],[-121.50043101663368,46.36293156237812],[-121.50022483041651,46.36240979113158],[-121.50059976470689,46.36233805737279],[-121.50029048737996,46.361555402437986],[-121.50066541675473,46.36148366867956],[-121.50045923320263,46.360961900012846],[-121.50083415902928,46.360890165916665],[-121.5006279759963,46.360368398417044],[-121.50100289827489,46.36029666398302],[-121.50089980661123,46.36003578075534],[-121.50127472670911,46.35996404564539],[-121.5011716344916,46.35970316287851],[-121.50154655240877,46.35963142709256],[-121.50144345963743,46.35937054478652],[-121.502193290297,46.359227070848775],[-121.5020901956046,46.358966189341636],[-121.50246510834702,46.35889445118984],[-121.50236201310084,46.35863357014338],[-121.5027369236626,46.35856183131571],[-121.50263382786264,46.35830095072999],[-121.50300873624381,46.3582292112264],[-121.5029056398901,46.35796833110138],[-121.50328054609065,46.35789659092194],[-121.50317744918321,46.35763571125769],[-121.50430215880279,46.35742048564952],[-121.50419905860741,46.357159607122256],[-121.50757313123488,46.35651387858559],[-121.50767624373391,46.35677475406958],[-121.50805113799203,46.35670300104632],[-121.50794802412597,46.35644212590057],[-121.50832291620354,46.35637037220157],[-121.508219801784,46.3561094975164],[-121.50859469168101,46.356037743141634],[-121.50849157670801,46.3557768689171],[-121.50886646442451,46.35570511386651],[-121.50876334889806,46.35544424010268],[-121.50913823443406,46.355372484376296],[-121.50903511835422,46.35511161107311],[-121.5094100017097,46.355039854670956],[-121.50930688507647,46.35477898182831],[-121.50968176625149,46.35470722475044],[-121.50957864906486,46.35444635236842],[-121.50995352805944,46.354374594614825],[-121.5084068473763,46.350461528643685],[-121.50803198888421,46.35053328132549],[-121.50545462859736,46.34401155740209],[-121.5050798034585,46.34408330061952],[-121.5049767209856,46.34382243291318],[-121.50460189640013,46.34389417477895],[-121.50449881610692,46.34363330685678],[-121.50412399207487,46.343705047370776],[-121.50402091396131,46.343444179232854],[-121.50364609048272,46.34351591839516],[-121.50354301454881,46.34325505004137],[-121.50316819162367,46.343326787851964],[-121.50306511786943,46.343065919282395],[-121.50269029549776,46.34313765574128],[-121.50248415316152,46.342615918292736],[-121.5021093327099,46.342687653062015],[-121.4998420116988,46.336948565921126],[-121.50021680208866,46.33687683858455],[-121.50011375002458,46.3366159727282],[-121.50123811221809,46.33640078564969],[-121.50113505686792,46.33613992092861],[-121.50150984127377,46.33606819021292],[-121.50140678537014,46.33580732595156],[-121.50178156759686,46.335735594559964],[-121.50167851113979,46.33547473075837],[-121.50205329118741,46.335402998690846],[-121.50153801426336,46.33409868320016],[-121.50191278666705,46.33402695180802],[-121.50180973235447,46.333766089413224],[-121.50218450257915,46.333694357345195],[-121.50208144771321,46.33343349541007],[-121.50170667885472,46.333505227140364],[-121.50150057429357,46.33298350296004],[-121.50112580735461,46.33305523300115],[-121.50102275765937,46.33279437075601],[-121.50139752323216,46.33272264105264],[-121.50088228011639,46.33141833334278],[-121.50050752137425,46.33149006135749],[-121.5004044765554,46.33122919984314],[-121.50002971836666,46.331300926506415],[-121.49982363389921,46.33077920316774],[-121.49944887763003,46.33085092814204],[-121.49883065192796,46.32928575902197],[-121.4984559030426,46.32935748095656],[-121.49835286963584,46.329096619524975],[-121.4979781213039,46.32916834010827],[-121.49756600126672,46.328124894248546],[-121.49719125758642,46.32819661246765],[-121.49688218018828,46.327414028337905],[-121.49650743979355,46.32748574453051],[-121.49547724827077,46.32487713529742],[-121.49585197500583,46.324805422480765],[-121.49574895895601,46.324544562564114],[-121.49612368351279,46.32447284907151],[-121.49602066690946,46.324211989613985],[-121.49639538928793,46.32414027544546],[-121.49515923702259,46.32100997548819],[-121.49478453103407,46.32108168560618],[-121.49468152499125,46.32082082772886],[-121.49430681955623,46.3208925364959],[-121.49420381569142,46.32063167840252],[-121.49382911080991,46.32070338581851],[-121.49372610912316,46.320442527509194],[-121.49335140479516,46.32051423357426],[-121.49324840528642,46.3202533750489],[-121.49287370151201,46.320325079763],[-121.49256471195633,46.31954250390354],[-121.49219001146703,46.319614206591766],[-121.49116011272937,46.317005624914124],[-121.49078542508511,46.317077323214484],[-121.49068244104362,46.31681646537718],[-121.48955837733557,46.31703155318538],[-121.48945539820319,46.316770694457276],[-121.488706021069,46.31691408058732],[-121.4886030454801,46.316653221305934],[-121.48822835706072,46.316724912513386],[-121.48812538364949,46.316464053016],[-121.4877506957838,46.316535742872624],[-121.48764772455026,46.31627488315931],[-121.48727303723835,46.31634657166517],[-121.48717006818248,46.31608571173584],[-121.4875447541287,46.31601402356738],[-121.48744178451909,46.31575316409687],[-121.48706709993856,46.315824851927985],[-121.48696413250657,46.31556399224147],[-121.48733881572143,46.315492304747735],[-121.48713288056189,46.314970586413644],[-121.48750756023348,46.31489889858111],[-121.48740459250592,46.314638039933456],[-121.48815394668205,46.31449466190283],[-121.48805097703517,46.31423380405117],[-121.48842565153971,46.3141621138531],[-121.48811674337382,46.31337954203833],[-121.48849141296967,46.31330785183879],[-121.48818250801429,46.312525282127886],[-121.48855717270158,46.312453591926925],[-121.48845420464139,46.31219273593652],[-121.48882886715124,46.31212104505946],[-121.48872589853741,46.31186018952771],[-121.48910055886985,46.31178849797457],[-121.48879165380322,46.311005933118686],[-121.48916630922733,46.310934241564205],[-121.48875444170946,46.30989082480284],[-121.48912909085996,46.30981913358418],[-121.48861426790201,46.30851486704605],[-121.48823962557844,46.30858655657836],[-121.48813666478766,46.30832570329699],[-121.48776202301774,46.308397391478735],[-121.4876590644041,46.308136537981305],[-121.48728442318773,46.308208224812475],[-121.48718146675124,46.307947371098905],[-121.48680682608851,46.30801905657954],[-121.48670387182914,46.30775820264992],[-121.48632923172003,46.30782988677995],[-121.48622627963776,46.30756903263428],[-121.48585164008233,46.30764071541379],[-121.48574869017712,46.30737986105208],[-121.48537405117538,46.307451542480955],[-121.48527110344723,46.30719068790319],[-121.48489646499918,46.3072623679816],[-121.48479351944809,46.30700151318776],[-121.48441888155375,46.30707319191569],[-121.48431593817968,46.30681233690576],[-121.48394130083906,46.306884014283135],[-121.483838359642,46.306623159057175],[-121.48346372285515,46.306694835084045],[-121.48336078383508,46.30643397964211],[-121.48298614760199,46.30650565431847],[-121.4820597452303,46.304157957756914],[-121.48168512047373,46.30422962838557],[-121.48045003594319,46.3010993775136],[-121.48007542675825,46.30117104308389],[-121.4799725096868,46.30091018929417],[-121.47959790105568,46.30098185351415],[-121.47867169620959,46.298634171817156],[-121.4782970990537,46.298705831990574],[-121.47819419282577,46.29844497873643],[-121.47781959622372,46.29851663755968],[-121.47637901332124,46.29486469997906],[-121.47600443501912,46.29493635307156],[-121.47518132708883,46.29284953953647],[-121.47480675889554,46.29292118892054],[-121.47460099275338,46.29239948607099],[-121.47422642647895,46.29247113376815],[-121.4741235459893,46.29221028218765],[-121.47374898026885,46.29228192853484],[-121.47344034776064,46.29149937350735],[-121.47306578532405,46.29157101783078],[-121.47234568074197,46.28974505796824],[-121.47197112704879,46.28981669892075],[-121.47186825957405,46.2895558476579],[-121.46999548576979,46.28991403553924],[-121.46948119468072,46.28860977261593],[-121.46985574423879,46.28853813874982],[-121.4690329097369,46.28645132704204],[-121.46940744756559,46.28637969485676],[-121.46930459553631,46.28611884427293],[-121.46967913118954,46.286047211411244],[-121.46957627860618,46.28578636128475],[-121.46995081208397,46.28571472774674],[-121.46984795894656,46.28545387807758],[-121.47022249024889,46.28538224386321],[-121.46939968341654,46.28329545354422],[-121.46977420299066,46.28322382101041],[-121.46967135441989,46.282962973099636],[-121.47004587181874,46.2828913398895],[-121.46984017437987,46.28236964510296],[-121.47021468823884,46.282298011553074],[-121.46970045200452,46.280993778378665],[-121.47007495823,46.280922145499105],[-121.46997211205037,46.28066129956229],[-121.47034661610071,46.28058966600643],[-121.47024376936714,46.28032882052668],[-121.47061827124236,46.28025718629449],[-121.46979551563825,46.2781704294847],[-121.47091898365332,46.27795552878956],[-121.47081613875696,46.277694685739924],[-121.47119062510983,46.27762305048563],[-121.47108777965965,46.27736220789297],[-121.47146226383761,46.27729057196231],[-121.47135941783357,46.27702972982663],[-121.47173389983658,46.27695809321968],[-121.47163105327873,46.27669725154091],[-121.47200553310688,46.276625614257625],[-121.47190268599523,46.27636477303584],[-121.47227716364851,46.27629313507624],[-121.47196862308378,46.27551061314246],[-121.47234309583362,46.27543897517975],[-121.47213740344785,46.27491729516519],[-121.47251187265861,46.274845656862844],[-121.47240902631724,46.27458481737252],[-121.47278349335325,46.27451317839386],[-121.47257780037354,46.273991500447174],[-121.4729522638706,46.273919861128874],[-121.47274657140446,46.27339818433618],[-121.47237211063582,46.273469822981305],[-121.47206358210775,46.27268730768414],[-121.4716891246212,46.27275894430663],[-121.4715862847636,46.27249810577808],[-121.47121182783079,46.272569741051214],[-121.47080048196123,46.27152638679242],[-121.47117493343742,46.27145475286548],[-121.46963248144036,46.26754219656168],[-121.47000691164516,46.2674705666695],[-121.46990408663042,46.267209730879664],[-121.47027851466098,46.26713810031123],[-121.47007286433427,46.26661642976463],[-121.47044728882665,46.26654479885632],[-121.47024163901301,46.26602312946266],[-121.4706160599673,46.265951498214484],[-121.47030758723186,46.26516899603337],[-121.47068200328414,46.2650973647818],[-121.47047635611719,46.26457569793374],[-121.47085076863155,46.264504066342326],[-121.47054229986607,46.26372156797918],[-121.47091670747871,46.26364993638432],[-121.47081388481342,46.26338910417287],[-121.47118829025204,46.26331747190173],[-121.47077700223761,46.26227414560073],[-121.4711514014109,46.26220251366254],[-121.47063730280264,46.26089836016549],[-121.47101169434713,46.26082672889658],[-121.47090887569217,46.26056589889309],[-121.47128326506285,46.26049426694794],[-121.47025510943183,46.2578859768658],[-121.47062948435604,46.25781434727162],[-121.4702182393308,46.256771035937405],[-121.47059260799074,46.256699406675935],[-121.47048979739593,46.256438579478036],[-121.47123852955865,46.256295318590006],[-121.4711357170468,46.25603449218444],[-121.47151008054962,46.255962860557794],[-121.47130445522905,46.25544120877834],[-121.47167881519486,46.2553695768118],[-121.47157600238613,46.25510875143794],[-121.47195036017848,46.25503711879509],[-121.4718475468163,46.25477629387717],[-121.47222190243522,46.25470466055812],[-121.4721190885196,46.25444383609611],[-121.47249344196509,46.25437220210085],[-121.47074570614575,46.24993821026111],[-121.47112003560463,46.249866580970014],[-121.47029764177212,46.24778001121683],[-121.469923323219,46.24785163781812],[-121.4696149429831,46.24706917512303],[-121.46998925744673,46.24699754953029],[-121.46988646429112,46.24673672920691],[-121.47026077658182,46.246665102937854],[-121.47015798287286,46.24640428307017],[-121.47090660229875,46.246261028167154],[-121.47080380667332,46.24600020909111],[-121.47117811380852,46.24592858045714],[-121.47076693395192,46.24488530669161],[-121.47114123482513,46.244813678389896],[-121.47093564702918,46.2442920428956],[-121.47130994436657,46.2442204142538],[-121.47120715032018,46.243959597021785],[-121.47158144548484,46.24388796770375],[-121.47117027194444,46.242844701313395],[-121.47154456084749,46.24277307232756],[-121.4714417681237,46.242512256364385],[-121.47181605485409,46.24244062670234],[-121.47058258896737,46.23931084847788],[-121.4709568585336,46.23923922183686],[-121.47085407360946,46.23897840809576],[-121.47047980540604,46.23905003440064],[-121.46986312103888,46.23748515243966],[-121.46948886020263,46.2375567757158],[-121.46938608367091,46.237295962136585],[-121.46976034314442,46.237224339196466],[-121.46914369277707,46.235659462238594],[-121.46876944147996,46.235731083162484],[-121.46866667061461,46.23547027041692],[-121.46829241987076,46.23554188999259],[-121.46818965117752,46.23528107703012],[-121.46781540098696,46.23535269525742],[-121.46771263446587,46.23509188207804],[-121.46733838482858,46.23516349895701],[-121.46723562047958,46.23490268556069],[-121.46686137139561,46.234974301091434],[-121.46675860921872,46.23471348747818],[-121.46638436068808,46.23478510166064],[-121.46628160068322,46.23452428783052],[-121.46590735270593,46.234595900664715],[-121.46559908163553,46.23381345888074],[-121.46522483693701,46.23388506969472],[-121.46512208289485,46.233624255668836],[-121.46474783874972,46.23369586513466],[-121.46464508687954,46.23343505089193],[-121.46389659888683,46.23357826611477],[-121.46369110302503,46.233056636642644],[-121.46406534470064,46.23298503020926],[-121.46385984935048,46.23246340188506],[-121.46423408749152,46.23239179511124],[-121.46382310105132,46.2313485412347],[-121.46419733293263,46.23127693479221],[-121.46399184184256,46.23075530923969],[-121.46436607018948,46.23068370245675],[-121.46426332449568,46.23042289019478],[-121.46463755067084,46.23035128273553],[-121.46453480442366,46.230090470928374],[-121.46528325162132,46.229947253644895],[-121.46518050345824,46.22968644262854],[-121.46555472448074,46.22961483280438],[-121.46545197576438,46.22935402224278],[-121.46582619461515,46.229282411742275],[-121.4657234453455,46.22902160163555],[-121.46609766202461,46.22894999045872],[-121.46537843025693,46.22712432539115],[-121.46500422311496,46.22719593421687],[-121.4645932567844,46.2261526983067],[-121.46496745847675,46.22608109082438],[-121.46476197744134,46.22555947425384],[-121.46438777847371,46.22563108106453],[-121.46428504053199,46.22537027262167],[-121.46465923813726,46.2252986661468],[-121.46445376195635,46.224777050289084],[-121.46482795602788,46.22470544347375],[-121.4647252177887,46.22444463605884],[-121.46509940968883,46.22437302856721],[-121.4649966708964,46.22411222160694],[-121.46537086062519,46.224040613438945],[-121.46526812127954,46.223779806933216],[-121.46564230883699,46.22370819808893],[-121.4655395689381,46.223447392037706],[-121.46591375432423,46.22337578251714],[-121.46581101387218,46.22311497692046],[-121.466185197087,46.223043366723616],[-121.46587697649848,46.222260951653254],[-121.46625115481758,46.22218934145168],[-121.46614841487731,46.221928537001496],[-121.46652259102518,46.221856926123614],[-121.46641985053178,46.22159612212783],[-121.46679402450846,46.22152451057369],[-121.46669128346191,46.22126370703239],[-121.46706545526742,46.221192094801964],[-121.46696271366777,46.22093129171514],[-121.4673368833021,46.220859678808395],[-121.46723414114936,46.22059887617594],[-121.46798247526664,46.220455647997994],[-121.46787973119875,46.220194846155735],[-121.46825389568171,46.220123230884454],[-121.46815115106082,46.21986242949663],[-121.46852531337267,46.21979081354909],[-121.46842256819876,46.2195300126157],[-121.46879672833951,46.219458395991936],[-121.46869398261259,46.21919759551283],[-121.46981645409444,46.2189827405768],[-121.46991920390741,46.219243540048446],[-121.47029336081191,46.21917191937656],[-121.47039611279594,46.21943271863104],[-121.47077027025335,46.219361096611316],[-121.4706675169073,46.21910029769269],[-121.47104167219359,46.21902867499679],[-121.47093891829465,46.21876787653251],[-121.47131307140987,46.218696253160445],[-121.47121031695808,46.21843545515054],[-121.47158446790222,46.21836383110229],[-121.47148171289757,46.218103033546775],[-121.47185586167069,46.218031408822334],[-121.47175310611321,46.21777061172111],[-121.4725013985083,46.217627359907894],[-121.47239864103611,46.217366563596784],[-121.4727727846581,46.21729493650802],[-121.47267002663312,46.217034140651215],[-121.47304416808413,46.21696251288628],[-121.47294140950642,46.2167017174838],[-121.47406382491916,46.21648682912472],[-121.47396106306502,46.2162260348481],[-121.47433519855586,46.21615440370699],[-121.47423243614908,46.21589360988467],[-121.47460656946897,46.215821978067446],[-121.47450380650953,46.21556118469933],[-121.47712270756048,46.215059735995666],[-121.47701993587796,46.21479894509669],[-121.47739406000115,46.21472730585575],[-121.47729128776608,46.214466515410976],[-121.47766540971843,46.21439487549402],[-121.47756263693084,46.21413408550346],[-121.47793675671231,46.21406244491048],[-121.47783398337225,46.21380165537409],[-121.47820810098288,46.213730014105046],[-121.47810532709038,46.21346922502282],[-121.47847944253019,46.21339758307769],[-121.47837666808522,46.21313679444966],[-121.47875078135424,46.213065151828474],[-121.47864800635686,46.21280436365456],[-121.47902211745509,46.2127327203574],[-121.47891934190528,46.2124719326376],[-121.47929345083277,46.212400288664426],[-121.47919067473053,46.21213950139875],[-121.4795647814873,46.21206785674949],[-121.4794620048327,46.2118070699379],[-121.47983610941873,46.21173542461267],[-121.4797333322118,46.21147463825519],[-121.48010743462712,46.211402992253916],[-121.4800046568678,46.211142206350495],[-121.48411971505246,46.2103540372515],[-121.48401692312638,46.21009325516047],[-121.48439101310817,46.21002159768935],[-121.48428822062998,46.20976081605234],[-121.4846623084411,46.20968915790527],[-121.48455951541084,46.209428376722244],[-121.48493360105131,46.20935671789925],[-121.48483080746895,46.20909593717031],[-121.48520489093886,46.20902427767136],[-121.4851020968044,46.20876349739645],[-121.48547617810371,46.2086918372216],[-121.48537338341721,46.20843105740062],[-121.48836599378708,46.20785774226683],[-121.48826318901978,46.20759696525075],[-121.48901133079667,46.207453627021906],[-121.48890852411628,46.207192850795614],[-121.48928259242955,46.20712118049952],[-121.48917978519731,46.20686040472721],[-121.48955385134005,46.20678873375529],[-121.48945104355599,46.20652795843687],[-121.48982510752823,46.206456286789106],[-121.48972229919234,46.206195511924584],[-121.49009636099413,46.206123839601084],[-121.48989074402807,46.20560229089779],[-121.49026480229828,46.20553061823432],[-121.49005918584731,46.20500907067481],[-121.49043324058604,46.204937397671394],[-121.49022762465019,46.20441585125553],[-121.49060167585748,46.20434417791216],[-121.49049886774245,46.20408340521698],[-121.49087291677938,46.20401173119786],[-121.49077010811261,46.203750958956526],[-121.49114415497924,46.203679284261526],[-121.49063011697986,46.20237542650317],[-121.49137819467539,46.202232077436705],[-121.49127538678142,46.20197130691048],[-121.49239749317235,46.201756276731324],[-121.4922946820049,46.201495507330385],[-121.49304274616392,46.2013521494914],[-121.49314556005315,46.20161291822069],[-121.49389362369669,46.20146955566375],[-121.493996441117,46.20173032383919],[-121.49437047308565,46.20165864070757],[-121.49447329267618,46.201919408664985],[-121.49522135690715,46.20177603869528],[-121.49532418002879,46.20203680609887],[-121.49569821229107,46.201965119260784],[-121.49600669059497,46.20274742117123],[-121.49563265425007,46.20281910901691],[-121.4957354806093,46.20307987689204],[-121.49536144209408,46.20315156406208],[-121.49618407122055,46.20523771399501],[-121.49655812062335,46.20516602413774],[-121.49666095426777,46.20542679307418],[-121.49703500422206,46.20535510186933],[-121.49713784003693,46.205615870587806],[-121.50162639267438,46.204755493194966],[-121.50172924563003,46.205016257999844],[-121.5021032877816,46.204944552972506],[-121.5024118555891,46.20572684708661],[-121.50278590101365,46.20565514003977],[-121.50288875992975,46.20591590464427],[-121.5032628059055,46.205844196249885],[-121.50336566699218,46.206104960636324],[-121.50373971351915,46.20603325089431],[-121.50384257677645,46.20629401506265],[-121.50421662385456,46.206222303973036],[-121.5043194892825,46.206483067923294],[-121.50469353691176,46.20641135548609],[-121.50479640451033,46.206672119218226],[-121.50517045269072,46.20660040543344],[-121.50722800194659,46.21181569813129],[-121.50760207653667,46.211743976612965],[-121.50791074095034,46.21252627358146],[-121.50828481881366,46.21245455004302],[-121.50910797044662,46.21454067779966],[-121.50948205838878,46.21446895056006],[-121.50968785712003,46.21499048300816],[-121.51006194697439,46.214918754084486],[-121.51016484891635,46.21517952014951],[-121.5105389393217,46.215107789877976],[-121.51064184343495,46.21536855572496],[-121.51101593439131,46.2152968241055],[-121.51111884067586,46.21555758973436],[-121.51149293218322,46.21548585676704],[-121.51159584063909,46.215746622177825],[-121.5119699326974,46.215674887862605],[-121.51207284332463,46.21593565305533],[-121.51244693593391,46.21586391739212],[-121.51254984873249,46.216124682366726],[-121.5129239418927,46.21605294535561],[-121.51446775152192,46.219964429115315],[-121.51484186428999,46.219892686047906],[-121.51494479277588,46.22015345224149],[-121.51531890609485,46.22008170782596],[-121.5154218367524,46.220342473801466],[-121.51579595062223,46.220270728037924],[-121.51589888345147,46.22053149379528],[-121.51627299787215,46.22045974668369],[-121.51637593287312,46.22072051222298],[-121.51675004784462,46.22064876376334],[-121.5168529850173,46.22090952908452],[-121.51722710053963,46.22083777927673],[-121.51733003988406,46.22109854437985],[-121.51770415595715,46.22102679322389],[-121.51780709747334,46.2212875581089],[-121.51818121409724,46.22121580560484],[-121.51828415778519,46.22147657027177],[-121.51865827495985,46.22140481641962],[-121.51876122081961,46.2216655808684],[-121.519135338545,46.22159382566815],[-121.51923828657657,46.221854589898804],[-121.51961240485267,46.2217828333504],[-121.51971535505608,46.22204359736294],[-121.52008947388289,46.22197183946639],[-121.52019242625813,46.22223260326077],[-121.52056654563563,46.222160844016095],[-121.52066950018275,46.222421607592345],[-121.52104362011092,46.22234984699946],[-121.52114657682992,46.222610610357584],[-121.5215206973087,46.222538848416555],[-121.52162365619962,46.22279961155649],[-121.52199777722905,46.2227278482673],[-121.52210073829188,46.222988611189095],[-121.52247485987192,46.22291684655174],[-121.5225778231067,46.22317760925533],[-121.52295194523731,46.22310584326979],[-121.52305491064403,46.22336660575522],[-121.52342903332523,46.22329483842145],[-121.52353200090393,46.22355560068871],[-121.52390612413568,46.22348383200675],[-121.52400909388639,46.22374459405586],[-121.52438321766867,46.22367282402571],[-121.52448618959139,46.22393358585651],[-121.52486031392417,46.22386181447815],[-121.52496328801892,46.22412257609083],[-121.52533741290219,46.224050803364264],[-121.52544038916899,46.22431156475873],[-121.52581451460274,46.22423979068389],[-121.5259174930416,46.22450055186015],[-121.52629161902583,46.224428776437065],[-121.52639459963676,46.22468953739515],[-121.52676872617141,46.22461776062379],[-121.52687170895449,46.224878521363635],[-121.52724583603953,46.224806743243995],[-121.52734882099472,46.22506750376563],[-121.52772294863017,46.22499572429769],[-121.52782593575748,46.22525648460113],[-121.52820006394333,46.22518470378497],[-121.52892100606891,46.22701002686655],[-121.52929514297288,46.22693824268253],[-121.52950113645848,46.227459763955125],[-121.52987527527412,46.22738797808613],[-121.52997827459473,46.227648738563396],[-121.53035241396068,46.22757695134597],[-121.53076442479869,46.228619993092515],[-121.53113856879897,46.228548203516844],[-121.53124157489744,46.22880896391286],[-121.531615719448,46.22873717298877],[-121.5317187277189,46.22899793316654],[-121.53209287281972,46.22892614089406],[-121.53229889451752,46.2294476609315],[-121.53267304152996,46.22937586697387],[-121.53277605495688,46.22963662683362],[-121.53315020251956,46.22956483152759],[-121.53325321811899,46.22982559116904],[-121.53362736623185,46.22975379451456],[-121.5337303840038,46.23001455393772],[-121.53410453266687,46.22994275593483],[-121.53420755261136,46.23020351513974],[-121.5345817018246,46.23013171578835],[-121.53478774686991,46.230653233880055],[-121.53516189799466,46.23058143284354],[-121.53526492309548,46.23084219173029],[-121.53563907477039,46.23077038934527],[-121.53574210204383,46.23103114801378],[-121.53611625426885,46.230959344280215],[-121.53621928371493,46.23122010273045],[-121.53659343649002,46.23114829764843],[-121.53669646810876,46.23140905588036],[-121.53707062143394,46.23133724944983],[-121.53717365522532,46.231598007463425],[-121.53754780910056,46.23152619968439],[-121.53795995782482,46.23256923157653],[-121.53833411633423,46.2324974214386],[-121.53874628348584,46.23354045387942],[-121.5391204466295,46.233468641382466],[-121.53942958459717,46.23425091594702],[-121.5405520814124,46.23403546935414],[-121.54065513310877,46.23429622676885],[-121.54102929845233,46.2342244088775],[-121.54113235232161,46.23448516607386],[-121.5415065182151,46.23441334683396],[-121.54160957425731,46.23467410381194],[-121.5419837407007,46.23460228322342],[-121.54208679891585,46.2348630399831],[-121.54246096590911,46.23479121804583],[-121.54256402629721,46.23505197458723],[-121.54293819384037,46.23498015130137],[-121.54304125640142,46.23524090762438],[-121.54341542449446,46.23516908298986],[-121.54351848922849,46.23542983909452],[-121.54389265787131,46.23535801311137],[-121.54409879249702,46.23587952500243],[-121.54447296305112,46.23580769733371],[-121.54601909665202,46.23971904658157],[-121.54639328681671,46.23964721284672],[-121.5464963702454,46.239907970075194],[-121.54687056095986,46.23983613499159],[-121.54707673297574,46.24035764913052],[-121.54745092560148,46.24028581236102],[-121.54765710358771,46.240807326300654],[-121.54803129812476,46.240735487845285],[-121.54813438969718,46.24099624465609],[-121.54850858478396,46.24092440485184],[-121.54861167852981,46.24118516144426],[-121.54898587416628,46.24111332029125],[-121.54908897008556,46.241374076665316],[-121.54983736164596,46.241230390649726],[-121.54994046110026,46.24149114646833],[-121.55031465702415,46.24141930160578],[-121.55041775865195,46.241680057206],[-121.55079195512545,46.241608210994556],[-121.55089505892674,46.241868966376416],[-121.55164345216099,46.24172527024394],[-121.55174655949733,46.241986025070275],[-121.55212075625805,46.24191417514925],[-121.55222386576793,46.24217492975716],[-121.55259806307818,46.24210307848727],[-121.55270117476162,46.24236383287678],[-121.55344956966917,46.24222012662731],[-121.55355268488769,46.242480880461244],[-121.55392688248494,46.24240902548173],[-121.55402999987706,46.24266977909725],[-121.55440419802379,46.24259792276878],[-121.55450731758951,46.242858676165916],[-121.55600410750165,46.24257123938555],[-121.55610723332553,46.24283199155278],[-121.55648143013481,46.242760129491074],[-121.55658455813233,46.243020881439726],[-121.55695875549095,46.24294901802907],[-121.55706188566215,46.24320976975927],[-121.5574360835701,46.24313790499971],[-121.557642349072,46.24365940814181],[-121.5580165488908,46.24358754169609],[-121.5582228203645,46.24410904463859],[-121.55859702209413,46.24403717650668],[-121.55870016041084,46.244297927818764],[-121.55907436268974,46.24422605833784],[-121.55917750318021,46.24448680943144],[-121.55955170600839,46.24441493860156],[-121.55965484867262,46.24467568947665],[-121.56002905205004,46.24460381729772],[-121.5601321968881,46.244864567954245],[-121.5608806039291,46.244720819886574],[-121.56098375230246,46.24498156998731],[-121.56135795596603,46.244909694098595],[-121.56146110651324,46.245170443980825],[-121.56183531072597,46.24509856674308],[-121.56193846344702,46.24535931640678],[-121.56231266820889,46.245287437819954],[-121.56241582310383,46.245548187265136],[-121.56279002841485,46.24547630732921],[-121.56289318548367,46.24573705655579],[-121.56326739134381,46.24566517527085],[-121.56337055058653,46.245925924278914],[-121.56374475699577,46.245854041644904],[-121.56395108064149,46.24637553934263],[-121.56544790904607,46.2460879959904],[-121.56555107753361,46.24634874366807],[-121.56592528396507,46.24627685496329],[-121.56602845462659,46.24653760242237],[-121.56640266160707,46.24646571236848],[-121.56650583444255,46.24672645960896],[-121.566880041972,46.246654568205926],[-121.56698321698151,46.24691531522782],[-121.5673574250599,46.24684342247571],[-121.56746060224346,46.247104169278956],[-121.56783481087076,46.24703227517771],[-121.56793799022836,46.24729302176233],[-121.56868640776823,46.247149229849796],[-121.56878959066135,46.24740997587845],[-121.56916379957389,46.2473380780672],[-121.5692669846411,46.24759882387719],[-121.56964119410249,46.247526924716716],[-121.5697443813438,46.247787670308064],[-121.5704928005516,46.24764386827717],[-121.57059599132852,46.247904613312436],[-121.57097020107489,46.24783271044195],[-121.57107339402593,46.24809345525857],[-121.57144760432108,46.24802155103885],[-121.5715507994463,46.24828229563683],[-121.57229922032143,46.24813848348737],[-121.57240241898225,46.24839922752916],[-121.57277662956218,46.24832731959939],[-121.57287983039721,46.248588063422496],[-121.57325404152587,46.2485161541435],[-121.5733572445351,46.248776897747916],[-121.57373145621244,46.24870498711983],[-121.57404107420122,46.24948721763309],[-121.57441528915012,46.24941530498078],[-121.57462170792961,46.24993679190855],[-121.57499592478867,46.24986487756954],[-121.57509913675915,46.250125620874044],[-121.57547335416683,46.25005370518583],[-121.57557656831162,46.25031444827161],[-121.57595078626794,46.25024253123407],[-121.57605400258707,46.25050327410118],[-121.576428221092,46.25043135571439],[-121.57653143958552,46.25069209836273],[-121.576905658639,46.250620178626676],[-121.5770088793069,46.2508809210563],[-121.57738309890894,46.25080899997095],[-121.57800244815718,46.25237345501792],[-121.5791251265924,46.25215767961569],[-121.57953805868925,46.25320064797237],[-121.57991228865437,46.25312871946447],[-121.58032523920627,46.25417168837204],[-121.58069947380447,46.25409975750202],[-121.58111244281228,46.255142726960784],[-121.58073820276778,46.255214659181284],[-121.58146092030657,46.25703986267468],[-121.58183516988242,46.256967928090646],[-121.5820416706498,46.25748941519804],[-121.58166741835065,46.25756135045735],[-121.58228693200043,46.25912581666029],[-121.58303545212588,46.2589819410776],[-121.58313870997073,46.25924268518579],[-121.58388722956643,46.259098804880324],[-121.583990490948,46.25935954843203],[-121.58436475088756,46.25928760642378],[-121.5849843444277,46.26085206820681],[-121.58535861172429,46.26078012316025],[-121.5856684235604,46.26156235464526],[-121.58604269412882,46.261490407573525],[-121.58614596772948,46.261751151302185],[-121.58726877863936,46.26153530300261],[-121.58737205713878,46.261796045836874],[-121.58812059640145,46.26165214123559],[-121.58822387843784,46.26191288351329],[-121.58897241716996,46.26176897418896],[-121.58938556434482,46.26281194178783],[-121.58975983793755,46.26273998425654],[-121.58986312812692,46.263000726116026],[-121.59023740226782,46.26292876723507],[-121.59034069463254,46.26318950887577],[-121.59108924319699,46.26304558740257],[-121.59119253909886,46.26330632848659],[-121.59194108713227,46.263162402290256],[-121.59204438657125,46.26342314281763],[-121.59391574922427,46.2630633079299],[-121.59401905628552,46.26332404688689],[-121.59514186819796,46.26310813279839],[-121.59503855705165,46.262847394855044],[-121.59653562276252,46.262559496589695],[-121.59643230698336,46.26229876011702],[-121.59718083223297,46.26215480558925],[-121.59707751454437,46.26189406991131],[-121.59745177458693,46.26182209146762],[-121.5973484563505,46.261561356246624],[-121.59772271421772,46.26148937712903],[-121.59761939543353,46.26122864236486],[-121.59799365112536,46.26115666257339],[-121.5978903317934,46.2608959282661],[-121.59863883801273,46.260751966323674],[-121.59874216006776,46.26101269995519],[-121.59949066575497,46.260868733289875],[-121.59959399134685,46.26112946636444],[-121.59996824433122,46.261057481176195],[-121.60007157209846,46.26131821403182],[-121.60044582563052,46.261246227493885],[-121.60054915557312,46.26150696013043],[-121.60092340965285,46.261434972242824],[-121.6010267417708,46.261695704660355],[-121.60140099639814,46.261623715423],[-121.60191767600396,46.26292737760513],[-121.60154341456892,46.26299936853237],[-121.6029902066595,46.26664964320007],[-121.60336448715721,46.26657764754068],[-121.60367453887639,46.26735985127664],[-121.6033002542936,46.267431847950235],[-121.60340360513314,46.26769258310512],[-121.60377789107763,46.26762058609351],[-121.60388124409296,46.26788132102947],[-121.60462981626303,46.26773732329455],[-121.60473317281593,46.26799805767342],[-121.60585602905013,46.267782052467965],[-121.60595939050226,46.2680427859517],[-121.60633367564701,46.26797078185479],[-121.60643703927502,46.26823151511951],[-121.60868274121539,46.26779946726098],[-121.60878611382758,46.268060198616],[-121.60953467735042,46.26791617389238],[-121.60963805350015,46.26817690469026],[-121.6115094548653,46.26781682348373],[-121.6116128386374,46.26807755270991],[-121.61198711782907,46.268005533095064],[-121.6120905037771,46.26826626210206],[-121.61246478351602,46.268194241137245],[-121.61256817164,46.26845496992515],[-121.61294245192613,46.2683829476103],[-121.61304584222609,46.268643676179146],[-121.61342012305943,46.26857165251435],[-121.61352351553538,46.268832380863955],[-121.61427207748198,46.268688329822616],[-121.61416868228288,46.26842760214941],[-121.61454296067296,46.268355575449206],[-121.61443956492673,46.26809484823324],[-121.61556239112579,46.26787876307674],[-121.61566579095665,46.26813948927812],[-121.61641434040683,46.267995426771826],[-121.61651774377522,46.26825615241578],[-121.61764056592642,46.26804005005344],[-121.61753715847355,46.267779325424186],[-121.61791142953345,46.26770728961812],[-121.61801483834783,46.26796801390914],[-121.61876338074707,46.267823938585394],[-121.6188667930989,46.268084662318884],[-121.61924106443816,46.268012622801095],[-121.61934447896603,46.26827334631537],[-121.61971875085221,46.26820130544765],[-121.61951191988814,46.26767985921461],[-121.61988618823685,46.26760781801157],[-121.6197827726152,46.26734709541181],[-121.62015703878791,46.26727505353535],[-121.62005362261941,46.2670143313928],[-121.62042788661616,46.266942288842856],[-121.620221054,46.26642084559117],[-121.62059531445941,46.266348802706],[-121.62038848237873,46.265827360606494],[-121.62076273930086,46.26575531738619],[-121.62065932312095,46.265494596853074],[-121.62103357786722,46.26542255295929],[-121.62093016114055,46.26516183288334],[-121.62130441371094,46.265089788316075],[-121.62109757997855,46.264568349197326],[-121.62147182901184,46.26449630429487],[-121.62116158043835,46.26371414752305],[-121.62078733548887,46.2637861914108],[-121.62068392228801,46.26352547238638],[-121.6210581658762,46.2634534288368],[-121.62095475212857,46.26319271026942],[-121.62132899354104,46.26312066604639],[-121.62122557924664,46.26285994793606],[-121.62197405690566,46.26271585713158],[-121.62207747392247,46.26297657456548],[-121.62320018838578,46.26276042975678],[-121.62330361030071,46.26302114629485],[-121.62367784818724,46.26294909566377],[-121.62378127227791,46.26320981198238],[-121.62415551071109,46.263137760001406],[-121.6242589369775,46.26339847610063],[-121.62463317595726,46.26332642276979],[-121.62484003365624,46.26384785464818],[-121.6252142745438,46.2637757996292],[-121.62552457128551,46.26455794732315],[-121.62589881544201,46.26448589027772],[-121.62600225067975,46.26474660607509],[-121.62675073927117,46.26460248827273],[-121.62664730131104,46.26434177315192],[-121.62702154302355,46.2642697130716],[-121.62691810451689,46.26400899840792],[-121.62766658277553,46.26386487588891],[-121.62756314236124,46.26360416202068],[-121.62793737890739,46.26353209958206],[-121.62783393794666,46.26327138617094],[-121.62820817231699,46.26319932305895],[-121.62831161463882,46.263460036131846],[-121.62943431694488,46.263243839711585],[-121.62953776416474,46.26350455188837],[-121.63028623101732,46.26336041520692],[-121.63038968177413,46.263621126825775],[-121.63076391533937,46.26354905662932],[-121.63066046322149,46.26328834534879],[-121.6336542915224,46.262711750067226],[-121.63375775452862,46.262972458641045],[-121.63450620617765,46.26282829902833],[-121.6346096727207,46.26308900704413],[-121.6349838986839,46.263016925382054],[-121.63519083693666,46.26353834109315],[-121.63556506480697,46.26346625774274],[-121.63566853651672,46.26372696543802],[-121.63604276493311,46.26365488073771],[-121.63614623881877,46.26391558821327],[-121.63652046778122,46.26384350216304],[-121.63662394384284,46.26410420941902],[-121.63699817335133,46.26403212201878],[-121.63710165158889,46.26429282905509],[-121.63672742071937,46.26436491679376],[-121.63734829909339,46.265929163536356],[-121.63697405924265,46.26600125229398],[-121.63728450534906,46.26678337828438],[-121.6369102606,46.26685546704584],[-121.63722070995844,46.26763759512114],[-121.63759495879084,46.26756550534435],[-121.6382158876816,46.26912976267343],[-121.63859014386587,46.26905766985409],[-121.63890062339891,46.269839799108176],[-121.63852636313106,46.26991189294299],[-121.63873335083979,46.270433313717284],[-121.63835908703435,46.27050540721754],[-121.63856607528128,46.27102682914459],[-121.63819180793817,46.27109892231022],[-121.63829530192315,46.271359633790745],[-121.63792103240358,46.271431726283225],[-121.63802452584247,46.271692438221244],[-121.6383987967233,46.271620345390154],[-121.63850229233864,46.27188105710861],[-121.63887656376558,46.27180896292739],[-121.63908356016448,46.27233038604413],[-121.63945783349878,46.27225829017408],[-121.63976833829534,46.27304042472596],[-121.64014261489828,46.27296832682861],[-121.64066014600469,46.27427188510222],[-121.64140871037799,46.27412768288658],[-121.64161573397315,46.274649105674804],[-121.64236430053043,46.27450489805797],[-121.64246781627374,46.27476560895346],[-121.64321638229218,46.27462139661263],[-121.64331990157355,46.274882106949825],[-121.64406846705297,46.274737889885046],[-121.64417198987242,46.274998599663995],[-121.64454627275033,46.27492648927538],[-121.64475332355822,46.27544790851312],[-121.64699902003633,46.27501522087268],[-121.64689548605688,46.274754513226384],[-121.64764404230297,46.274610276596945],[-121.6475405064165,46.274349569747],[-121.64828905667798,46.274205329748426],[-121.64818551888462,46.27394462369479],[-121.64893406316153,46.273800380327046],[-121.64883052346129,46.27353967506979],[-121.64920479301526,46.27346755220718],[-121.64910125276937,46.27320684740755],[-121.64947552014661,46.27313472387203],[-121.6493719793551,46.27287401953],[-121.64974624455566,46.27280189532157],[-121.64964270321855,46.27254119143716],[-121.65039122845079,46.27239694066279],[-121.65028768520698,46.272136237574735],[-121.65066194523865,46.27206411100888],[-121.65055840144932,46.27180340837836],[-121.65093265930435,46.27173128113958],[-121.65082911496948,46.27147057896664],[-121.65606862024869,46.270460696152035],[-121.6561721836376,46.270721393583045],[-121.65766916122652,46.27043281786588],[-121.65756559239396,46.27017212178988],[-121.65793983339103,46.270099975670526],[-121.65783626401327,46.26983928005201],[-121.65933321440086,46.26955068681481],[-121.65943678922207,46.26981138107835],[-121.66018526224313,46.269667077713315],[-121.66049599976641,46.27044915918387],[-121.6608702391358,46.27037700496783],[-121.66097382130268,46.2706376986901],[-121.6613480612171,46.27056554312375],[-121.66217675880928,46.272651094468245],[-121.66255100879489,46.272578935179915],[-121.66265460102629,46.27283962929384],[-121.6660228264278,46.27219014713186],[-121.66591922194861,46.27192945606763],[-121.66853889759531,46.27142424900437],[-121.6686425116001,46.27168493769644],[-121.67013945660254,46.27139622433853],[-121.67024307686641,46.27165691179367],[-121.67136578113143,46.2714403651384],[-121.6714694062936,46.271701051695565],[-121.67184364077704,46.27162886711541],[-121.67194726811606,46.27188955345231],[-121.67232150314409,46.271817367521734],[-121.67242513265998,46.272078053638545],[-121.67317360298891,46.27193367806525],[-121.67327723604242,46.27219436362284],[-121.67365147134329,46.27212217398007],[-121.6737551065737,46.272382859317474],[-121.67412934241905,46.272310668324344],[-121.67433661805,46.27283203867738],[-121.67471085580051,46.27275984599486],[-121.67481449620108,46.27302053101055],[-121.67518873449605,46.27294833697766],[-121.67529237707359,46.27320902177307],[-121.67566661591299,46.27313682638974],[-121.67680675311146,46.27600436324976],[-121.67718100610284,46.2759321631257],[-121.67738831710975,46.27645353433025],[-121.67776257200629,46.276381332516635],[-121.67786623009519,46.276642017958174],[-121.67824048553612,46.27656981479396],[-121.67834414580228,46.27683050001524],[-121.67871840178755,46.27675829550048],[-121.67882206423099,46.27701898050146],[-121.67919632076058,46.27694677463623],[-121.67929998538132,46.27720745941701],[-121.67967424245523,46.27713525220119],[-121.67977790925327,46.277395936761685],[-121.68090067965824,46.27717930802809],[-121.6807970087778,46.27691862448491],[-121.68117126258562,46.276846413223346],[-121.68106759116095,46.2765857301381],[-121.68555855683287,46.27571912017667],[-121.68566224458597,46.2759797991923],[-121.6871592124539,46.27569089548362],[-121.68705551925832,46.27543021782468],[-121.68817823250227,46.275213530441206],[-121.68807453604158,46.2749528539185],[-121.6884487707956,46.27488062310711],[-121.68834507379107,46.274619947042304],[-121.68909353812788,46.27447548306381],[-121.6891972378535,46.274736158450274],[-121.69144261942553,46.274302740207396],[-121.69133891153686,46.27404206685609],[-121.69171313757973,46.27396982728182],[-121.69160942914738,46.27370915438841],[-121.69198365301298,46.27363691414199],[-121.69187994403694,46.27337624170642],[-121.69225416572534,46.273304000787924],[-121.69215045620565,46.273043328810154],[-121.69252467571688,46.272971087219545],[-121.69242096565351,46.272710415699606],[-121.6935436152053,46.272493685877606],[-121.69343990187757,46.27223301549393],[-121.69381411540088,46.272160770536516],[-121.69371040152961,46.271900100610615],[-121.69445882340518,46.271755608340435],[-121.69435510763,46.27149493921152],[-121.69398089846092,46.27156718551302],[-121.69377347208159,46.271045846932516],[-121.69339926481636,46.27111809154438],[-121.69319184442469,46.27059675275972],[-121.69281763906334,46.270668995681966],[-121.69261022465919,46.27014765669316],[-121.69223602120175,46.270219897925884],[-121.69213231658503,46.269959228270125],[-121.69175811367118,46.27003146815239],[-121.69165441123145,46.26977079827602],[-121.69128020886123,46.2698430368079],[-121.6909691105229,46.26906102687267],[-121.6905949114169,46.26913326337586],[-121.69038751932838,46.268611923333374],[-121.69076171571385,46.2685396875084],[-121.6904506296249,46.26775767935084],[-121.69082482111303,46.267685443531946],[-121.6906174317496,46.26716410603083],[-121.69099161970071,46.267091869878904],[-121.6907842308832,46.26657053352988],[-121.69153259889495,46.26642605954884],[-121.69142890299074,46.26616539223009],[-121.69180308441159,46.26609315406185],[-121.6916993879638,46.265832487200704],[-121.69207356720796,46.26576024836033],[-121.69196987021662,46.26549958195668],[-121.69234404728405,46.265427342444255],[-121.6922403497492,46.26516667649809],[-121.69261452463996,46.26509443631356],[-121.6925108265616,46.26483377082487],[-121.69363334225415,46.264617045221506],[-121.69352964091217,46.26435638086849],[-121.69427797790414,46.26421189275529],[-121.69417427465874,46.263951229198796],[-121.6945484405698,46.26387898396456],[-121.694444736781,46.26361832086554],[-121.69481890051544,46.26354607495925],[-121.69471519618324,46.26328541231761],[-121.69508935774111,46.26321316573934],[-121.69957923273758,46.262346127933284],[-121.69947551154316,46.26208546981835],[-121.6998496611246,46.26201321043488],[-121.69974593938706,46.26175255277733],[-121.70086837915154,46.261535769577954],[-121.7007646541513,46.261275113055966],[-121.70375778004166,46.26069698275124],[-121.70365404498015,46.26043632906066],[-121.70402818068126,46.26036405856207],[-121.70392444507688,46.2601034053288],[-121.70429857860151,46.260031134158375],[-121.70419484245421,46.25977048138246],[-121.7045689738024,46.2596982095402],[-121.70394656591303,46.25813429740003],[-121.70432068828663,46.25806202658159],[-121.70421695513745,46.257801375310734],[-121.70459107533475,46.25772910382049],[-121.7044873416427,46.25746845300679],[-121.70560969325541,46.257251633487606],[-121.70571343102611,46.2575122832839],[-121.7079581203557,46.25707861491495],[-121.70806186710033,46.25733926279432],[-121.70881009306132,46.257194697905526],[-121.70891384334175,46.25745534522463],[-121.71003618023524,46.2572384892919],[-121.71013993541098,46.25749913571148],[-121.7105140474345,46.257426848039515],[-121.71061780478662,46.25768749423798],[-121.71099191735269,46.257615205215906],[-121.71109567688121,46.25787585119314],[-121.7114697899898,46.257803560820946],[-121.71178107755541,46.258585498443345],[-121.71215519392548,46.25851320604251],[-121.71225895944076,46.258773851813494],[-121.71263307635333,46.25870155806254],[-121.71273684404511,46.25896220361235],[-121.71348507813819,46.25881761239921],[-121.7135888493659,46.25907825738855],[-121.71583354019289,46.258644457451524],[-121.7157297608085,46.258383814497776],[-121.71610387172716,46.258311511309344],[-121.71600009180042,46.25805086881286],[-121.7163742005426,46.2579785649528],[-121.71627042007358,46.257717922913606],[-121.71851504721133,46.25728408056052],[-121.71841125940333,46.25702344067492],[-121.71953355786313,46.256806506869616],[-121.7194297667944,46.25654586811984],[-121.72017795896332,46.25640124120733],[-121.7200741659932,46.25614060325402],[-121.72044825949268,46.25606828862084],[-121.72055205382206,46.25632892623481],[-121.72092614786361,46.25625661025138],[-121.72113374169236,46.25677788515446],[-121.72150783763522,46.25670556748168],[-121.72171543745125,46.25722684217782],[-121.72208953529542,46.257154522815554],[-121.72229714109888,46.25767579730477],[-121.7226712408443,46.25760347625303],[-121.72277504633118,46.257864113335174],[-121.72314914661861,46.25779179093321],[-121.72325295428202,46.25805242779403],[-121.72362705511144,46.25798010404187],[-121.72373086495139,46.25824074068123],[-121.72410496632277,46.25816841557891],[-121.72420877833929,46.258429051996856],[-121.72607927973249,46.25806740962576],[-121.72618309936257,46.258328044464754],[-121.72655719854835,46.258255712618656],[-121.72645337755904,46.257995078118995],[-121.72682747456822,46.25792274560148],[-121.7270351200827,46.25844401403985],[-121.72740921899292,46.25837167983271],[-121.72761687049542,46.25889294806408],[-121.72799097130664,46.25882061216728],[-121.7281986287974,46.259341880191535],[-121.72857273150963,46.25926954260509],[-121.72878039498868,46.259790810422295],[-121.72915449960189,46.25971847114613],[-121.72936216906939,46.2602397387563],[-121.73011038128028,46.26009505581364],[-121.73021421995881,46.26035568911681],[-121.73058832619718,46.26028334578978],[-121.73069216705248,46.260543978871404],[-121.73106627383252,46.260471634194076],[-121.73189704098219,46.26255670037879],[-121.73152292332794,46.26262904777212],[-121.732042172573,46.26393221967088],[-121.73166804730441,46.26400456775097],[-121.73197960258547,46.264786473325685],[-121.73235373193219,46.26471412422695],[-121.73256144226018,46.26523539452144],[-121.73293557350796,46.26516304373265],[-121.73303943125796,46.26542367871747],[-121.7334135630474,46.26535132657823],[-121.73382900766264,46.26639386634036],[-121.73420314407194,46.26632151183189],[-121.73441087400515,46.26684278174252],[-121.73478501231548,46.26677042554393],[-121.73499274823891,46.26729169524789],[-121.73536688845027,46.26721933735917],[-121.73547075899819,46.26747997204873],[-121.73584489975114,46.267407612809514],[-121.7360526460195,46.2679288818638],[-121.73792335111013,46.267567067107734],[-121.73802723226832,46.26782770011387],[-121.73840137219207,46.267755333790255],[-121.73850525552763,46.26801596657488],[-121.7388793959928,46.26794359890077],[-121.73898328150574,46.26820423146383],[-121.73935742251236,46.268131862439105],[-121.7394613102027,46.26839249478062],[-121.73983545175071,46.26832012440535],[-121.7399393416185,46.26858075652533],[-121.74068762497927,46.26843601206277],[-121.74079151838389,46.26869664362148],[-121.7411656601966,46.26862426953415],[-121.74126955577869,46.26888490087128],[-121.74164369813273,46.26881252543335],[-121.74174759589226,46.26907315654893],[-121.74249588086492,46.26892840196096],[-121.74259978216135,46.26918903251524],[-121.74334806658032,46.26904427320428],[-121.74345197141363,46.26930490319718],[-121.74457439598417,46.26908775562992],[-121.74467830571375,46.26934838472177],[-121.74505244696029,46.26927599983781],[-121.74536418513624,46.27005788680278],[-121.74573832964269,46.2699854998887],[-121.74563441473977,46.26972487112203],[-121.74600855706863,46.269652483536795],[-121.74590464162459,46.269391855228015],[-121.74852360550051,46.26888511620622],[-121.74862753045979,46.26914574213642],[-121.74900166624258,46.26907334646438],[-121.74910559337938,46.269333972172866],[-121.74985386520862,46.269189177116715],[-121.7499577958823,46.26944980226366],[-121.75220259988545,46.269015390796405],[-121.75168291392337,46.26771227643757],[-121.75205703826363,46.267639872687724],[-121.75195310216709,46.26737925050997],[-121.75270134567427,46.26723444065754],[-121.75259740767777,46.26697381927747],[-121.75297152684469,46.266901413174935],[-121.75286758830745,46.26664079225272],[-121.7532417052969,46.2665683854792],[-121.7531377662189,46.26630776501478],[-121.7535118810309,46.26623535757035],[-121.75340794141215,46.26597473756378],[-121.75378205404674,46.26590232944843],[-121.75347023602338,46.26512047115592],[-121.7542184506832,46.264975653931955],[-121.7541145102607,46.26471503541667],[-121.75598502579408,46.264352976368166],[-121.755881079395,46.26409235966993],[-121.75625517868762,46.26401994516794],[-121.75635912644566,46.26428056152634],[-121.75710732529365,46.26413572881058],[-121.75721127658795,46.26439634460721],[-121.75758537614328,46.26432392639345],[-121.75768932961496,46.264584541968105],[-121.75806342971079,46.2645121224038],[-121.75816738535984,46.26477273775654],[-121.75854148599618,46.264700316841626],[-121.75895732221284,46.265742778072344],[-121.7585832161407,46.2658152003467],[-121.75868717588212,46.266075816289046],[-121.75906128331324,46.2660033936748],[-121.76062079804538,46.26991264186867],[-121.7621173011263,46.2696229209084],[-121.76222128076031,46.269883537038844],[-121.76259540584294,46.269811103931914],[-121.76269938765478,46.27007171984044],[-121.76307351327776,46.26999928538275],[-121.76317749726738,46.27025990106932],[-121.76392574877529,46.27011502844175],[-121.76413372464707,46.27063625880894],[-121.76450785189103,46.270563820299074],[-121.76502781269456,46.271866896582836],[-121.76540194591522,46.271794455362006],[-121.76560993868657,46.27231568602191],[-121.7659840738066,46.27224324311013],[-121.76608807277968,46.27250385827719],[-121.76646220843996,46.272431414014605],[-121.76656620959103,46.27269202895964],[-121.76694034579155,46.27261958334628],[-121.76704434912064,46.27288019806932],[-121.7677926217832,46.272735303130105],[-121.76789662864944,46.2729959172911],[-121.76827076511145,46.27292346796524],[-121.7693108924081,46.27552961266967],[-121.7696850416426,46.27545715893185],[-121.7702051428003,46.276760234013715],[-121.77057929801175,46.276687777564256],[-121.77068332205975,46.27694839259496],[-121.77030916548908,46.2770208493846],[-121.77072526443531,46.27806331205028],[-121.771099426443,46.27799085389988],[-121.77151554393262,46.27903331709624],[-121.77188971055828,46.278960856574166],[-121.77209777693676,46.27948208820141],[-121.77247194546179,46.27940962598803],[-121.77257598123917,46.27967024163881],[-121.77295015030428,46.27959777807439],[-121.77315822703537,46.28011900905012],[-121.77353239799983,46.28004654379442],[-121.77363643895357,46.28030715911938],[-121.77401061045809,46.28023469251255],[-121.77484297845761,46.28231961664884],[-121.77521716001755,46.28224714630886],[-121.77552931561475,46.28302899379118],[-121.77590350043343,46.28295652141932],[-121.77600755529734,46.283217137143126],[-121.77638174065596,46.28314466342011],[-121.77648579769871,46.28340527892187],[-121.7768599835973,46.283332803847635],[-121.77696404281888,46.28359341912743],[-121.7773382292574,46.283520942702005],[-121.7774422906578,46.2837815577598],[-121.77781647763626,46.28370907998309],[-121.77792054121552,46.283969694818886],[-121.77829472873388,46.28389721569104],[-121.77850286106973,46.284418445036856],[-121.77887705048732,46.284345964217366],[-121.77898111924392,46.28460657872747],[-121.77972949833934,46.28446161337511],[-121.77983357063424,46.284722227322774],[-121.78058194917017,46.284577257246134],[-121.78095613720879,46.2845047706916],[-121.78085206083576,46.28424415776513],[-121.78122624669543,46.28417167054011],[-121.78112216978263,46.28391105807239],[-121.78149635346335,46.28383857017693],[-121.7812881993779,46.2833173462773],[-121.78166237952038,46.283244858051845],[-121.78155830234773,46.282984246619876],[-121.78193248031138,46.282911757723966],[-121.781828402599,46.28265114675071],[-121.78295092749465,46.28243367501927],[-121.78284684652408,46.28217306518554],[-121.78396935996567,46.28195558537804],[-121.78386527573707,46.28169497668378],[-121.78573610828475,46.28133249182442],[-121.78584019930922,46.28159309881661],[-121.78658852930911,46.2814480971166],[-121.78669262387156,46.281708703546215],[-121.78744095331098,46.28156369712228],[-121.7875450514114,46.281824302989165],[-121.78829338029024,46.28167929184135],[-121.78818927947157,46.281418686655336],[-121.7885634413223,46.281346179905725],[-121.78835523942591,46.2808249705692],[-121.78872939773873,46.280752463489776],[-121.78862529666104,46.28049185933926],[-121.78899945279508,46.280419351589536],[-121.78889535117803,46.28015874789761],[-121.78926950513329,46.28008623947758],[-121.78916540297695,46.27982563624433],[-121.78953955475346,46.279753127153995],[-121.78943545205782,46.27949252437934],[-121.78980960165559,46.27942001461878],[-121.78970549842064,46.279159412302576],[-121.79007964583971,46.2790869018718],[-121.7899755420655,46.2788263000142],[-121.79034968730589,46.27875378891315],[-121.79014147949864,46.278232586233194],[-121.79126390214783,46.27801504890848],[-121.7913680097184,46.278275649168116],[-121.79174215032093,46.27820313436474],[-121.79184626007017,46.27846373440198],[-121.79259454153379,46.278318701082355],[-121.79269865482063,46.27857930055675],[-121.7930727956817,46.27850678204045],[-121.79317691114723,46.278767381292475],[-121.79355105254743,46.278694861425045],[-121.79365517019167,46.27895546045465],[-121.79402931213095,46.27888293923606],[-121.7941334319539,46.27914353804328],[-121.79637827452623,46.27870838746483],[-121.79648240332236,46.27896898434711],[-121.79797895407494,46.27867886238643],[-121.79808308912638,46.27893945802468],[-121.79883136230075,46.27879439029938],[-121.79893550088977,46.27905498537458],[-121.79968377350191,46.278909912925684],[-121.7997879156286,46.279170507437875],[-121.80091032247323,46.27895289016313],[-121.80080617627017,46.27869229667263],[-121.8019285716583,46.27847467132406],[-121.80182442219896,46.278214078973356],[-121.80257267897336,46.278068991035774],[-121.80246852761658,46.27780839948419],[-121.80359090255168,46.277590761020065],[-121.80348674793888,46.27733017060812],[-121.80685381623168,46.27667720371042],[-121.80695798307224,46.27693779105694],[-121.80845444198013,46.27664755591015],[-121.80855861507519,46.276908142012125],[-121.80968095471987,46.27669045401959],[-121.80957677754914,46.27642986893951],[-121.80995088776505,46.27635730459492],[-121.80984671005604,46.276096719973395],[-121.81096903170695,46.2758790218985],[-121.81086485074265,46.27561843841675],[-121.81310946374707,46.275183017027544],[-121.8130052754523,46.27492243570757],[-121.81712030765408,46.274124072429636],[-121.81701610523764,46.27386349497489],[-121.81739019279381,46.27379091077319],[-121.81707758639179,46.27300918013758],[-121.81745166905279,46.27293659594749],[-121.81724326616998,46.27241544346045],[-121.81761734529414,46.27234285894132],[-121.81720054393956,46.271300556742574],[-121.81757461681055,46.27122797257567],[-121.8172620203333,46.27044624818427],[-121.8176360883095,46.270373664028966],[-121.81711510379559,46.2690707940995],[-121.81748916416088,46.26899821063705],[-121.81717657922131,46.26821649111273],[-121.8175506346921,46.268143907661795],[-121.81723805306038,46.26736219021757],[-121.81761210363685,46.26728960677811],[-121.81750791004201,46.2670290348724],[-121.81788195844025,46.26695645076328],[-121.81777776430759,46.26669587931577],[-121.81889990050703,46.26647812194832],[-121.81900409871362,46.26673869237403],[-121.81937814383096,46.266666104223674],[-121.81927394426639,46.26640553413857],[-121.8196479872055,46.26633294531855],[-121.81954378710324,46.2660723756916],[-121.81991782786417,46.26599978620192],[-121.81970942740452,46.265478647981745],[-121.82008346462938,46.26540605816297],[-121.82083153661836,46.26526087549468],[-121.82093574051177,46.26552144352419],[-121.82168381193547,46.26537625613363],[-121.82178801936494,46.26563682359937],[-121.8236581903584,46.26527383574042],[-121.82376240539746,46.26553440162043],[-121.82638061983855,46.26502617380344],[-121.82648484520266,46.26528673741623],[-121.82835498055155,46.26492368553702],[-121.82825074839864,46.264663123627614],[-121.83535704985437,46.26328330263925],[-121.83546130780252,46.26354385807477],[-121.83733134468581,46.26318068497616],[-121.83743561024231,46.26344123882507],[-121.83818362196597,46.26329596183326],[-121.83828789105817,46.26355651511798],[-121.83903590221401,46.26341123340415],[-121.83914017484194,46.26367178612451],[-121.83951418054626,46.26359914341165],[-121.83961845535245,46.26385969590849],[-121.84074047161334,46.263641760686866],[-121.84084475131274,46.26390231227853],[-121.84196676425896,46.26368436694362],[-121.8420710488516,46.26394491763004],[-121.84319305848275,46.26372696218189],[-121.84329734796854,46.26398751196303],[-121.84666334475138,46.26333358800709],[-121.8467676472747,46.26359413483757],[-121.84901161633174,46.263158138036154],[-121.84911592782005,46.26341868293839],[-121.84948992114674,46.26334601292877],[-121.84938560830109,46.263085468367436],[-121.85349946577496,46.26228603535173],[-121.85360379355038,46.26254657616266],[-121.85472574150825,46.26232852674393],[-121.85483007417638,46.26258906664912],[-121.85557803809021,46.26244369463821],[-121.85568237429386,46.262704233978546],[-121.85643033763733,46.262558857245764],[-121.8565346773765,46.26281939602131],[-121.85728264014945,46.26267401456662],[-121.85884787550495,46.266582100029495],[-121.85847387417081,46.26665479637743],[-121.85962181595563,46.269520746233276],[-121.85999583222043,46.26944804613315],[-121.86010019685052,46.26970858739172],[-121.86047421365123,46.26963588594035],[-121.86068294809068,46.27015696812738],[-121.86030892857521,46.270229670261095],[-121.86083077226336,46.27153237948798],[-121.86120479856596,46.27145967564846],[-121.86130917112565,46.27172021750475],[-121.86168319796415,46.27164751231401],[-121.86178757270285,46.27190805394653],[-121.86216160007721,46.27183534740451],[-121.86237035473435,46.272356430339286],[-121.86274438400197,46.2722837221048],[-121.86284876392043,46.27254426340704],[-121.86322279372385,46.27247155382125],[-121.8633271758214,46.27273209489967],[-121.86370120616063,46.27265938396263],[-121.8638055904373,46.272919924817245],[-121.86417962131232,46.27284721252887],[-121.86438839504555,46.27336829390778],[-121.86513645976031,46.27322286493591],[-121.8652408505744,46.27348340511896],[-121.86561488305665,46.27341068877666],[-121.8657192760499,46.27367122873585],[-121.86609330906788,46.27359851104222],[-121.86619770424034,46.27385905077759],[-121.86657173779399,46.273786331732595],[-121.86667613514568,46.274046871244096],[-121.86705016923497,46.273974150847806],[-121.8671545687659,46.2742346901354],[-121.8686507023348,46.27394379708429],[-121.86854629737418,46.27368325916193],[-121.86892032735443,46.273610533715285],[-121.86902473367245,46.273871071296384],[-121.87089487803286,46.27350742720624],[-121.87079046492796,46.27324689133166],[-121.873034602894,46.27281048714045],[-121.87293018246709,46.27254995343116],[-121.87367821916585,46.27240447797007],[-121.87357379684633,46.27214394506084],[-121.87619188989972,46.271634751521766],[-121.8760874589016,46.271374221119274],[-121.87795749392284,46.271010482856404],[-121.87806193170672,46.2712710115521],[-121.87843593760205,46.27119826052832],[-121.87854037756513,46.27145878899986],[-121.87891438399552,46.271386036624776],[-121.8790188261378,46.2716465648722],[-121.87939283310327,46.271573811145736],[-121.87949727742475,46.27183433916899],[-121.87987128492526,46.271761584091195],[-121.88018462689378,46.27254316784032],[-121.8805586376436,46.27247041072834],[-121.88160317788403,46.27507569410127],[-121.88122915356224,46.27514845462767],[-121.88164698725144,46.27619057262778],[-121.88202101700226,46.27611781073543],[-121.88212547883748,46.276378340187414],[-121.88249950912328,46.27630557694349],[-121.88270843797513,46.27682663551659],[-121.88308247015318,46.276753870579704],[-121.88329140500886,46.27727492893922],[-121.88366543907918,46.27720216230931],[-121.88376990909781,46.2774626913236],[-121.88414394370304,46.277389923342206],[-121.88435288892201,46.27791098103993],[-121.88472692541947,46.27783821136545],[-121.88483140061982,46.27809874004885],[-121.88520543765216,46.27802596902277],[-121.88541439323473,46.27854702605877],[-121.88578843215926,46.27847425333957],[-121.88599739374615,46.278995310161996],[-121.88637143456285,46.278922535749686],[-121.88647591794732,46.27918306399549],[-121.88684995929886,46.27911028823153],[-121.88705893124987,46.279631344392186],[-121.88743297449356,46.27955856693509],[-121.88764195244921,46.28007962288226],[-121.88801599758503,46.28000684373188],[-121.88812048915402,46.280267371540006],[-121.88849453482462,46.280194591038004],[-121.88859902857348,46.280455118621965],[-121.88897307477885,46.28038233676832],[-121.8890775707076,46.2806428641281],[-121.88945161744772,46.280570080922836],[-121.8895561155564,46.28083060805841],[-121.88993016283125,46.28075782350146],[-121.89013916423109,46.28127887744168],[-121.89051321339798,46.281206091191414],[-121.89103573808069,46.28250872638944],[-121.89178384751996,46.28236314744201],[-121.89188835763926,46.28262367415067],[-121.89226241248221,46.282550882820196],[-121.89236692478161,46.2828114093047],[-121.89274098015919,46.28273861662252],[-121.89284549463868,46.28299914288274],[-121.89321955055087,46.28292634884885],[-121.89332406721047,46.28318687488485],[-121.89369812365726,46.28311407949922],[-121.89380264249701,46.283374605310996],[-121.89417669947838,46.283301808573555],[-121.89428122049827,46.283562334161125],[-121.89390716215956,46.283635131240274],[-121.89484787614957,46.28597986989269],[-121.89522194670496,46.285907069737675],[-121.89616273956602,46.28825181483737],[-121.89626727622091,46.28851234265874],[-121.89664135952825,46.28843953807556],[-121.89674589836365,46.28870006567272],[-121.8971199822055,46.28862725973758],[-121.89722452322144,46.28888778711056],[-121.89759860759781,46.2888149798235],[-121.89780769481385,46.289336034238644],[-121.89818178108223,46.28926322525775],[-121.89828632728238,46.28952375229997],[-121.89866041408521,46.289450941967125],[-121.89876496246598,46.289711468785114],[-121.89951313631747,46.289565844405374],[-121.89961768823638,46.28982637065726],[-121.90036586151045,46.28968074155346],[-121.90047041696754,46.289941267239136],[-121.90121858966408,46.28979563341121],[-121.90132314865932,46.29005615853076],[-121.9024454056029,46.28983769918758],[-121.9025499694938,46.290098223398964],[-121.90367222310101,46.289879753939374],[-121.90377679188755,46.290140277242585],[-121.9041508761343,46.29006745172735],[-121.90425544710155,46.290327974806296],[-121.90500361584017,46.29018232006166],[-121.9051081903456,46.29044284257429],[-121.90548227483745,46.29037001334493],[-121.90569142903314,46.29089105803921],[-121.90606551541661,46.29081822711584],[-121.90617009510687,46.29107874929747],[-121.90654418202446,46.29100591702205],[-121.90675334659,46.291526961054224],[-121.90712743539915,46.29145412708474],[-121.90723202027444,46.29171464893533],[-121.90760610961766,46.29164181361383],[-121.90781528455332,46.29216285698391],[-121.90818937578813,46.29209001996829],[-121.90829396584854,46.29235054148774],[-121.9086680576174,46.292277703120064],[-121.90877264985872,46.29253822441522],[-121.9091467421616,46.292465384695426],[-121.9093559318296,46.29298642695461],[-121.9104782119423,46.29276789968251],[-121.91058281208392,46.29302841996243],[-121.91133099742314,46.29288272938002],[-121.91143560110321,46.29314324909348],[-121.9121837858632,46.29299755378658],[-121.91228839308171,46.29325807293359],[-121.91341066811734,46.29303952137172],[-121.91351528023174,46.293300039610024],[-121.9142634621857,46.29315433283436],[-121.91436807783855,46.29341485050616],[-121.91549034866455,46.29319628174101],[-121.91559496921323,46.29345679850406],[-121.91634314836043,46.29331108025958],[-121.91644777244757,46.29357159645606],[-121.91719595101478,46.2934258734872],[-121.91730057864041,46.29368638911698],[-121.91804875662751,46.293540661423705],[-121.91815338779159,46.293801176486845],[-121.9185274769069,46.29372831078295],[-121.9186321102521,46.29398882562155],[-121.91938028872616,46.29384309049956],[-121.91948492560988,46.29410360477139],[-121.91985901496858,46.294030735353175],[-121.91996365403342,46.294291249400466],[-121.92071183299413,46.29414550684965],[-121.92081647559749,46.294406020330165],[-121.92156465397758,46.29426027305496],[-121.92166930011946,46.29452078596867],[-121.92204338943104,46.294447910473835],[-121.92214803775414,46.29470842316301],[-121.92252212759917,46.29463554631591],[-121.92262677810349,46.29489605878049],[-121.92300086848196,46.294823180581226],[-121.92310552116751,46.295083692821144],[-121.92347961207942,46.29501081326962],[-121.92358426694622,46.29527132528498],[-121.92395835839152,46.29519844438116],[-121.9241676733116,46.29571946808031],[-121.92454176664764,46.29564658548199],[-121.92475108757829,46.29616760896728],[-121.92512518280499,46.29609472467437],[-121.92522984586367,46.29635523625126],[-121.9256039416237,46.29628235060603],[-121.92570860686375,46.29654286195826],[-121.92608270315714,46.2964699749608],[-121.92618737057855,46.29673048608837],[-121.92656146740522,46.29665759773855],[-121.92666613700804,46.29691810864158],[-121.927040234368,46.29684521893946],[-121.92714490615222,46.29710572961776],[-121.9278931011146,46.29695994649897],[-121.9279977764376,46.29722045661027],[-121.92874597081821,46.29707466876676],[-121.92885064968,46.297335178311116],[-121.92959884347874,46.297189385743],[-121.92970352587929,46.29744989472029],[-121.93045171909601,46.2973040974275],[-121.93055640503535,46.29756460583772],[-121.93093050176475,46.29749170533395],[-121.93103518988562,46.297752213519516],[-121.93178338358636,46.2976064087973],[-121.93188807524605,46.29786691641575],[-121.93263626836446,46.29772110696885],[-121.93274096356295,46.2979816140202],[-121.93311506024307,46.297908707439376],[-121.93321975762312,46.29816921426592],[-121.93396795122501,46.29802339738956],[-121.93407265214393,46.29828390364897],[-121.9351949404363,46.29806516973237],[-121.93529964625132,46.29832567508223],[-121.93567374205736,46.298252761414325],[-121.93577845005397,46.29851326653936],[-121.93727483046342,46.29822160039842],[-121.93717011703785,46.29796109664322],[-121.93829238961712,46.29774233746045],[-121.93818767294438,46.29748183485028],[-121.93930993403241,46.297263067605485],[-121.93920521411259,46.297002566140314],[-121.93995338133486,46.2968567169458],[-121.93984865952523,46.29659621628315],[-121.94134497864796,46.29630450714526],[-121.94124025223444,46.29604400797004],[-121.94273655273746,46.2957522840439],[-121.94263182172024,46.29549178635613],[-121.9437540343693,46.29527298383534],[-121.94385876945756,46.29553348049563],[-121.94535504687433,46.29524172829328],[-121.94525030635819,46.29498123300305],[-121.94786875059326,46.294470630167915],[-121.94797350060783,46.29473112306048],[-121.94872162282452,46.294585226762706],[-121.94882637637747,46.29484571908767],[-121.9499485575883,46.294626866039785],[-121.9500533160365,46.294887357454535],[-121.95080143543404,46.294741449688544],[-121.95090619742068,46.29500194053555],[-121.95128025723926,46.29492898479526],[-121.95138502140743,46.29518947541718],[-121.95213314128407,46.2950435602221],[-121.95223790899065,46.295304050276265],[-121.95261196904869,46.295231090821375],[-121.9527167389369,46.29549158065042],[-121.95309079952698,46.29541861984322],[-121.95319557159678,46.29567910944706],[-121.95356963271892,46.29560614728744],[-121.95367440697036,46.29586663666611],[-121.95404846862455,46.29579367315409],[-121.95415324505763,46.29605416230763],[-121.95452730724384,46.29598119744316],[-121.95463208585856,46.29624168637144],[-121.95500614857673,46.29616872015461],[-121.95511092937319,46.296429208857745],[-121.95585905504859,46.29628327270934],[-121.95596383938356,46.2965437608446],[-121.95671196447307,46.29639781997176],[-121.95681675234657,46.29665830753921],[-121.95719081501078,46.296585335245474],[-121.95708602578046,46.296324848020696],[-121.95746008626293,46.29625187505981],[-121.95735529650077,46.29599138829518],[-121.95772935480153,46.295918414667184],[-121.95762456450751,46.2956579283626],[-121.9579986206266,46.295584954067536],[-121.95789382980072,46.29532446822307],[-121.95826788373813,46.29525149326085],[-121.95816309238045,46.29499100787647],[-121.95853714413622,46.29491803224724],[-121.95811798152778,46.29387609325409],[-121.95849202703185,46.29380311798569],[-121.9581776596669,46.29302166600105],[-121.9585517002761,46.29294869075094],[-121.95834212344393,46.29242772403312],[-121.958716160515,46.292354748458514],[-121.95840179738333,46.29157330028948],[-121.95877582955978,46.29150032473308],[-121.95867104214236,46.29123984258732],[-121.9609152097397,46.290801970101384],[-121.96081041500793,46.29054149012854],[-121.96268052520556,46.29017657033787],[-121.96257572451631,46.289916092195476],[-121.96332376010807,46.28977011789701],[-121.96321895753093,46.289509640557156],[-121.96471501338957,46.289217681215405],[-121.96461020621176,46.28895720536329],[-121.96535822647863,46.28881122032011],[-121.96546303636916,46.289071695486875],[-121.96621105604883,46.288925705719926],[-121.96610624344562,46.28866523123853],[-121.96835027454664,46.28822723976374],[-121.96824545463065,46.287966767455536],[-121.96899345568492,46.28782076290612],[-121.96888863388148,46.28756029140033],[-121.96926263181483,46.28748728795399],[-121.9691578094802,46.287226816907975],[-121.96953180523225,46.287153812794756],[-121.96942698236647,46.28689334220855],[-121.96980097593729,46.28682033742847],[-121.96969615254034,46.28655986730197],[-121.97007014392995,46.28648686185506],[-121.96996532000185,46.2862263921883],[-121.97033930921026,46.286153386074595],[-121.97023448475106,46.28589291686752],[-121.97135644335755,46.28567389349723],[-121.97125161565502,46.28541342543527],[-121.97162559885095,46.28534041596885],[-121.97152077061739,46.285079948366636],[-121.97189475163218,46.285006938233394],[-121.97178992286759,46.284746471090784],[-121.97216390170125,46.284673460290726],[-121.97205907240566,46.28441299360778],[-121.9724330490582,46.28433998214094],[-121.9723282192316,46.28407951591767],[-121.97270219370307,46.28400650378409],[-121.97259736334551,46.28374603802041],[-121.97521515205176,46.28323492721909],[-121.97531999190123,46.2834953905839],[-121.97569395977197,46.28342237037467],[-121.97579880180251,46.283682833513744],[-121.97617277020409,46.283609811952374],[-121.97627761441572,46.283870274865585],[-121.97665158334806,46.283797251952095],[-121.97675642974082,46.28405771463952],[-121.97713039920396,46.28398469037386],[-121.97723524777783,46.28424515283555],[-121.97760921777174,46.28417212721767],[-121.97771406852675,46.28443258945348],[-121.9780880390514,46.284359562483424],[-121.97819289198758,46.28462002449344],[-121.97856686304293,46.28454699617123],[-121.97877657410294,46.28506791985655],[-121.97915054704494,46.28499488983938],[-121.97936026411787,46.28551581330688],[-121.97973423894653,46.28544278159473],[-121.97983910007692,46.28570324316116],[-121.98021307543621,46.285630210096784],[-121.9804228028848,46.28615113289485],[-121.98079678013076,46.2860780981355],[-121.98090164644901,46.286338559367145],[-121.98127562422559,46.286265523255494],[-121.98148536205011,46.286786445384145],[-121.98185934171326,46.286713407577366],[-121.98217395870843,46.287494790619235],[-121.98254794161411,46.2874217507745],[-121.9838065001574,46.29054728935852],[-121.9830585009753,46.29069337626737],[-121.98316338350747,46.29095383926265],[-121.982789381322,46.291026881545704],[-121.98289426332356,46.29128734500095],[-121.98252025895644,46.29136038661744],[-121.98273002272384,46.291881314565146],[-121.98235601481886,46.2919543558579],[-121.982670662593,46.292735749686614],[-121.98229664979388,46.29280879099859],[-121.98271618629236,46.29385065244865],[-121.98309020451639,46.29377760976497],[-121.98319509206121,46.29403807507751],[-121.98431714584832,46.293818939940294],[-121.98442203828749,46.29407940434112],[-121.98479605592148,46.294006356933345],[-121.98490095054251,46.29426682110839],[-121.9852749687071,46.294193772348144],[-121.98537986551001,46.294454236297405],[-121.98575388420514,46.294381186184594],[-121.98585878318997,46.294641649908044],[-121.98623280241563,46.29456859844275],[-121.9863377035824,46.294829061940355],[-121.98671172333856,46.294756009122516],[-121.98681662668726,46.2950164723944],[-121.98719064697391,46.29494341822402],[-121.987400458861,46.29546434443322],[-121.98814850238197,46.29531823169186],[-121.9882534122766,46.29557869428619],[-121.98862743415464,46.295505636058174],[-121.9887323462313,46.295766098426704],[-121.98948039022235,46.29561997825589],[-121.98958530583727,46.29588044005553],[-121.98995932795026,46.29580737811286],[-121.99006424574723,46.296067839686664],[-121.99081229020808,46.2959217120865],[-121.99091721154333,46.29618217309138],[-121.99129123389116,46.296109107433935],[-121.99150108175171,46.29663002910906],[-121.99187510598604,46.29655696175602],[-121.99198003251139,46.29681742242628],[-121.992354057276,46.2967443537206],[-121.99245898598349,46.29700481416493],[-121.99283301127835,46.29693174410662],[-121.99293794216801,46.29719220432514],[-121.99331196799312,46.29711913291415],[-121.99362676968659,46.29790051324363],[-121.99400079875436,46.297827439793785],[-121.99442055133467,46.298869280501805],[-121.99479458500134,46.298796204669834],[-121.99531930109427,46.30009850647717],[-121.99494526064623,46.30017158402494],[-121.99505020498678,46.30043204508139],[-121.99467616235634,46.30050512196274],[-121.9947811061667,46.30076558347968],[-121.99590323564863,46.30054634877737],[-121.99600818435404,46.30080680938206],[-121.99675626925725,46.300660647179654],[-121.99686122150139,46.30092110721524],[-121.99723526407006,46.300848024256496],[-121.99734021849666,46.30110848406618],[-121.99771426159545,46.30103539975463],[-121.99781921820454,46.30129585933839],[-121.99819326183339,46.301222773674105],[-121.99829822062499,46.301483233031924],[-121.9986722647839,46.30141014601491],[-121.99877722575803,46.30167060514674],[-121.99915127044702,46.30159751677688],[-121.99925623360366,46.301857975682815],[-121.99963027882265,46.30178488596014],[-121.99973524416185,46.30204534464017],[-122.00010928991088,46.301972253564706],[-122.00021425743267,46.30223271201878],[-122.00058830371165,46.30215961959049],[-122.00069327341603,46.30242007781854],[-122.001067320225,46.302346984037406],[-122.00117229211199,46.302607442039566],[-122.0019203859635,46.30246125076213],[-122.00202536138939,46.30272170819503],[-122.00239940843188,46.302648610698675],[-122.00250438604043,46.30290906790553],[-122.0028784336128,46.302835969056396],[-122.002983413404,46.303096426037314],[-122.00373150878215,46.30295022462364],[-122.00383649211228,46.30321068103527],[-122.00458458689728,46.3030644748968],[-122.00468957376636,46.30332493073906],[-122.00506362127544,46.30325182581216],[-122.00516861032725,46.30351228142838],[-122.0055426583661,46.30343917514863],[-122.00606762280371,46.30474145327297],[-122.00644167679742,46.304668344266894],[-122.00675666944716,46.30544971151939],[-122.0071307266832,46.30537660047364],[-122.00776074243822,46.306939336087254],[-122.00813480698562,46.30686622197147],[-122.00855483944693,46.30790804668808],[-122.0089289085931,46.30783493018902],[-122.00903392013147,46.308095386318286],[-122.0097820586565,46.30794914960447],[-122.00988707373432,46.308209605164215],[-122.01026114311311,46.30813648494945],[-122.01036616037402,46.308396940283174],[-122.01074023028245,46.30832381871537],[-122.01084524972647,46.30858427382308],[-122.01308965995293,46.30814552115437],[-122.01350977854925,46.30918733451542],[-122.01425791952752,46.30904107280128],[-122.01436295395638,46.30930152574802],[-122.01511109433983,46.309155259308476],[-122.01500605719832,46.30889480704881],[-122.01538012479341,46.30882167265827],[-122.01517005027844,46.30830076917814],[-122.01554411433405,46.308227634465084],[-122.01543907696065,46.30796718324464],[-122.0158131388331,46.307894047865595],[-122.01560306385439,46.30737314646386],[-122.01597712218748,46.30730001076232],[-122.0158720845822,46.307039560581046],[-122.01624614073222,46.30696642421348],[-122.0161411025976,46.306705974493006],[-122.01688920970462,46.306559699416475],[-122.01699425055162,46.306820148449916],[-122.01774235706344,46.30667386864817],[-122.01784740144969,46.30693431711184],[-122.01747334725106,46.307007457861005],[-122.01757839110803,46.30726790678552],[-122.01720433472629,46.307341046868665],[-122.01783460709655,46.30890374494152],[-122.01820867161565,46.308830602797094],[-122.0183137212613,46.309091052543124],[-122.01943591392542,46.30887161902176],[-122.01954096846677,46.30913206785453],[-122.02066315775642,46.30891262421668],[-122.02076821719349,46.30917307213595],[-122.02114227999218,46.309099921894045],[-122.02124734161252,46.30936036958707],[-122.02162140494032,46.30928721799202],[-122.02172646874396,46.309547665458894],[-122.0221005326009,46.30947451251064],[-122.02220559858786,46.309734959751225],[-122.02257966297388,46.30966180544987],[-122.02268473114418,46.30992225246422],[-122.02343286014728,46.309775940145755],[-122.0235379318571,46.31003638659018],[-122.02391199647413,46.309963228573],[-122.02401707036732,46.31022367479116],[-122.02439113551338,46.31015051542078],[-122.02460128849373,46.31067140752188],[-122.02497535552499,46.31059824645472],[-122.02518551452661,46.31111913833804],[-122.02555958344308,46.311045975573975],[-122.02566466554093,46.311306421348064],[-122.02603873498637,46.31123325723079],[-122.02614381926772,46.31149370277856],[-122.02764009420152,46.31120103483964],[-122.02774518473494,46.31146147912993],[-122.02811925275635,46.31138830927769],[-122.02822434547326,46.31164875334172],[-122.02859841402353,46.31157558213625],[-122.028703508924,46.311836025973896],[-122.02907757800307,46.31176285341521],[-122.02918267508707,46.312023297026556],[-122.03067894855438,46.311730595321784],[-122.03078405189044,46.311991037675476],[-122.03153218637198,46.311844680078636],[-122.03163729324778,46.3121051218622],[-122.033507621752,46.31173920848527],[-122.03361273623587,46.31199964866722],[-122.0351089895689,46.31170689842004],[-122.03647562368461,46.315092613589634],[-122.03684970257868,46.31501941903418],[-122.03716510361384,46.31580073970581],[-122.0367910206512,46.31587393529291],[-122.03710642506694,46.31665525805345],[-122.0367323372079,46.31672845366273],[-122.03725802100719,46.3180306623329],[-122.04025075495238,46.31744505543515],[-122.0403559050455,46.317705494770266],[-122.04147817068478,46.31748587449468],[-122.0416884814919,46.31800675145343],[-122.042062571095,46.31793354198793],[-122.0422728879261,46.31845441872869],[-122.04264697941375,46.31838120756572],[-122.0432779579145,46.31994383854425],[-122.04365205671164,46.31987062430773],[-122.04607111497374,46.325860741025025],[-122.04644524413908,46.32578751786493],[-122.04655043187927,46.32604795878986],[-122.04729869043818,46.32590150875255],[-122.0474038817195,46.32616194910687],[-122.04777801111307,46.326088722229706],[-122.04788320457907,46.32634916235751],[-122.04825733450082,46.32627593412659],[-122.04815213967836,46.32601549434288],[-122.04890039432419,46.32586903554058],[-122.04879519761715,46.32560859656291],[-122.04916932234124,46.325535365991605],[-122.0490641251061,46.325274927475824],[-122.04981236935669,46.32512846399269],[-122.04970717023706,46.324868026282886],[-122.05045540846177,46.324721559449934],[-122.05035020745775,46.32446112254613],[-122.05072432397135,46.324387887959446],[-122.05061912243929,46.324127451517484],[-122.05174146294137,46.32390774273276],[-122.0516362581687,46.32364730744092],[-122.05201036865651,46.323574069504446],[-122.0519051633559,46.32331363467438],[-122.05227927165913,46.323240396072606],[-122.05238447831601,46.32350083055852],[-122.05388090867069,46.32320786467948],[-122.05398612158085,46.323468297906174],[-122.05436022845487,46.32339505356841],[-122.0544654435496,46.32365548656852],[-122.05483955095147,46.32358224087707],[-122.05494476823083,46.32384267365052],[-122.05531887616053,46.32376942660537],[-122.05542409562449,46.32402985915217],[-122.05579820408197,46.32395661075325],[-122.05590342573058,46.32421704307344],[-122.05627753471587,46.32414379332079],[-122.05638275854915,46.32440422541424],[-122.05713097674676,46.32425772219199],[-122.05723620412093,46.324518153714564],[-122.05798442171704,46.32437164576577],[-122.0580896526321,46.32463207671739],[-122.0588378696266,46.324485564042114],[-122.05894310408254,46.324745994422805],[-122.06156184695722,46.32423316585063],[-122.06145660300818,46.32397273788001],[-122.06183070446268,46.323899472961784],[-122.06172545998614,46.32363904545302],[-122.06209955925596,46.32356577986967],[-122.06199431425189,46.323305352822736],[-122.06236841133703,46.323232086574194],[-122.0622631658055,46.32297165998905],[-122.06263726070598,46.3228983930754],[-122.06253201464699,46.32263796695202],[-122.0629061073628,46.32256469937323],[-122.06280086077638,46.32230427371166],[-122.06317495130759,46.32223100546776],[-122.06306970419372,46.32197058026792],[-122.06344379254035,46.32189731135885],[-122.06333854489907,46.3216368866207],[-122.06408671639454,46.321490346462966],[-122.06398146686992,46.32122992253095],[-122.06510371383074,46.321010105756734],[-122.06499846106685,46.32074968297498],[-122.0657466188525,46.320603134100445],[-122.06564136420542,46.32034271212467],[-122.0660154404994,46.32026943651767],[-122.06591018532507,46.320009015003556],[-122.06628425943454,46.31993573873148],[-122.06617900373296,46.319675317679106],[-122.06655307565796,46.31960204074199],[-122.06634256402893,46.31908119967779],[-122.06671663241363,46.31900792241988],[-122.06661137648622,46.31874750240812],[-122.0669854426865,46.31867422448516],[-122.0668801862319,46.318413804935034],[-122.06725425024777,46.31834052634696],[-122.06714899326596,46.318080107258446],[-122.06752305509745,46.3180068280054],[-122.06741779758852,46.3177464093784],[-122.06816591605411,46.31759984853291],[-122.06806065666228,46.31733943071185],[-122.06880876910192,46.31719286651765],[-122.06870350782728,46.31693244950241],[-122.06945161424105,46.316785881959596],[-122.06934635108364,46.31652546575023],[-122.0697204016919,46.31645218080913],[-122.06961513800746,46.31619176506131],[-122.06998918643141,46.316118479455255],[-122.06988392221999,46.31585806416888],[-122.07025796845966,46.31578477789788],[-122.07015270372122,46.31552436307304],[-122.07052674777663,46.31545107613701],[-122.07042148251121,46.31519066177368],[-122.0707955243824,46.31511737417269],[-122.07069025859,46.314856960270816],[-122.07143833713533,46.31471038272964],[-122.07080674351526,46.313147905910235],[-122.0711807734118,46.313074617691434],[-122.07128603829914,46.31333502985751],[-122.07166006872254,46.31326174028524],[-122.07176533579398,46.31352215222425],[-122.07363548225909,46.31315568750319],[-122.07353020841025,46.31289527728567],[-122.07577434868973,46.31245548838267],[-122.07566906753704,46.31219508034791],[-122.07604308666113,46.31212177900963],[-122.07572724410912,46.31134055664072],[-122.07610125833841,46.31126725532614],[-122.07578541917854,46.310486035043475],[-122.0761594285132,46.31041273375255],[-122.07605414909528,46.310152327570016],[-122.07642815624595,46.31007902561426],[-122.07632287630143,46.309818619892965],[-122.07669688126818,46.30974531727236],[-122.076591600797,46.30948491201231],[-122.07696560357984,46.309411608726855],[-122.07643920687758,46.30810958590259],[-122.07681320205563,46.308036283329315],[-122.0760762719881,46.30621345869622],[-122.07570228629625,46.30628675885985],[-122.07559701524178,46.306026355464226],[-122.0752230300765,46.30609965427454],[-122.07501249316346,46.30557884714548],[-122.07463850987992,46.30565214425832],[-122.0745332440213,46.30539174052494],[-122.0741592612644,46.30546503628455],[-122.0740539975894,46.30520463232382],[-122.07480195956445,46.30505804048397],[-122.07469669400773,46.304797637328484],[-122.07507067239742,46.30472434023911],[-122.07496540631406,46.30446393754468],[-122.07533938252018,46.30439063979052],[-122.07502358517583,46.30360943344064],[-122.0753975564883,46.30353613570991],[-122.07518702635771,46.30301533274914],[-122.07556099413164,46.302942034697764],[-122.07545572895401,46.30268163373668],[-122.07582969454448,46.30260833502044],[-122.07572442884032,46.3023479345203],[-122.0805858885089,46.30139496386415],[-122.08069117182707,46.30165535988983],[-122.08143907898078,46.30150873319657],[-122.08154436583723,46.30176912865053],[-122.08191831952604,46.301695813446244],[-122.08181303131475,46.30143541833651],[-122.0821869828201,46.30136210246748],[-122.08208169408258,46.30110170781858],[-122.08282959189782,46.30095507374216],[-122.08272430127928,46.30069467989845],[-122.08384613772311,46.30047472224941],[-122.08374084386888,46.300214329555004],[-122.08486266879068,46.29999436385841],[-122.08475737170089,46.29973397231335],[-122.08737492469888,46.29922068611919],[-122.08726961895498,46.298960297100436],[-122.09063497237918,46.298300288167326],[-122.09052965527263,46.298039902363485],[-122.09165142076601,46.297819882259375],[-122.09154610042467,46.297559497604915],[-122.0919200192437,46.297486155896806],[-122.09202534093957,46.297746540207],[-122.09277317880026,46.29759985307585],[-122.09287850403395,46.2978602368139],[-122.0936263412883,46.29771354495891],[-122.09352101334565,46.297453161909345],[-122.0938949293751,46.297379814812956],[-122.09426884457568,46.29730646670765],[-122.09437417522724,46.29756684906863],[-122.09512200585073,46.297420149143115],[-122.09564868508654,46.298722059251766],[-122.09639652593903,46.29857535184774],[-122.0965018669819,46.29883573353029],[-122.09986712197379,46.298175497177525],[-122.09997247603556,46.298435875877246],[-122.1003463904662,46.29836251089421],[-122.10024103505005,46.29810213253887],[-122.10061494729722,46.298028766891484],[-122.10050959135575,46.297768388997],[-122.10088350141953,46.29769502268521],[-122.10077814495273,46.297434645251606],[-122.1011520528331,46.29736127827544],[-122.10104669584105,46.297100901302656],[-122.10142060153804,46.297027533662174],[-122.1013152440207,46.296767157150185],[-122.10168914753433,46.29669378884529],[-122.1014784322782,46.29617303685936],[-122.10185233225421,46.2960996682345],[-122.1016416176057,46.29557891740286],[-122.10126772033819,46.295652285338925],[-122.10084630640634,46.2946107836947],[-122.10047241372683,46.29468414924467],[-122.10026171444323,46.29416339843197],[-122.09988782364323,46.2942367622845],[-122.09893973008673,46.291893386286766],[-122.0985658506455,46.291966746031825],[-122.09846051241556,46.29170637115821],[-122.0988343905026,46.29163301175739],[-122.09809703662113,46.28981039330718],[-122.09772316801285,46.28988375029815],[-122.09751250564257,46.28936300252717],[-122.09713863891369,46.28943635782102],[-122.09692798256657,46.28891560982639],[-122.09655411771706,46.28898896342316],[-122.09613282038363,46.28794746745159],[-122.09650667981691,46.28787411523168],[-122.09640135620124,46.287613741873436],[-122.09677521345185,46.2875403889891],[-122.09656456599849,46.28701964330955],[-122.09693841971243,46.28694629010498],[-122.09683309587477,46.28668591778361],[-122.09720694740605,46.28661256391466],[-122.0966803338779,46.28531070577064],[-122.0970541778108,46.2852373526139],[-122.0969488562372,46.28497698167762],[-122.0973226979876,46.28490362785649],[-122.09721737588869,46.28464325738044],[-122.09759121545656,46.28456990289491],[-122.09748589283242,46.28430953287906],[-122.09785973021779,46.28423617772911],[-122.09743844259208,46.283194700203],[-122.09781227373348,46.283121345421094],[-122.09760163218462,46.28260060804253],[-122.09797545978984,46.28252725294038],[-122.09787013890451,46.2822668847693],[-122.09824396432735,46.28219352900275],[-122.09813864291685,46.281933161291754],[-122.09851246615735,46.281859804860844],[-122.09830182311458,46.28133907047506],[-122.09867564281902,46.28126571372384],[-122.0985703211868,46.281005347049046],[-122.09894413870896,46.28093198963348],[-122.09883881655162,46.28067162341878],[-122.09921263189149,46.28059826533886],[-122.09879134613298,46.279556803015694],[-122.09916515522966,46.27948344530375],[-122.09905983450778,46.27922308035684],[-122.09943364142227,46.27914972198058],[-122.09932832017532,46.278889357493696],[-122.09970212490764,46.27881599845304],[-122.09959680313563,46.278555634426155],[-122.09997060568583,46.27848227472115],[-122.09986528338878,46.2782219111542],[-122.10023908375685,46.27814855078482],[-122.10002843894122,46.27762782468673],[-122.10040223577366,46.277554463997156],[-122.1002969132551,46.27729410146595],[-122.10104450172727,46.277147377749664],[-122.10083385376174,46.27662665441116],[-122.10120764404803,46.27655329172853],[-122.10089167425322,46.2757722086215],[-122.1016392442194,46.27562548229564],[-122.10153391990463,46.2753651221797],[-122.10265526457971,46.275145026160175],[-122.1025499370332,46.27488466719223],[-122.10329749330046,46.27473793215876],[-122.10319216387575,46.274477573994744],[-122.10580857523802,46.27396397202283],[-122.10591391413608,46.274224327778136],[-122.10778276130331,46.27385743725575],[-122.10788810779638,46.27411779140611],[-122.1097569410134,46.273750873954874],[-122.10965158775414,46.27349052152525],[-122.11002535055826,46.27341713535425],[-122.10991999677448,46.27315678338441],[-122.1102937573967,46.27308339654923],[-122.11018840308846,46.27282304503919],[-122.11056216152879,46.27274965753983],[-122.11035145269209,46.27222895555495],[-122.1107252075974,46.27215556773562],[-122.11030379445567,46.271114166529486],[-122.11067754311985,46.271040779078426],[-122.11046683881483,46.270520079857],[-122.1108405839442,46.270446692086],[-122.1107352316816,46.27018634299269],[-122.11110897462922,46.270112954557504],[-122.11100362184222,46.2698526059239],[-122.11175110254545,46.26970582671706],[-122.11164574788106,46.26944547888721],[-122.11201948563667,46.26937208811555],[-122.11191413044793,46.26911174074532],[-122.11266160076718,46.26896495686556],[-122.11255624370114,46.2687046102991],[-122.11330370799982,46.268557823074765],[-122.11319834905655,46.268297477312004],[-122.11394580733462,46.26815068674309],[-122.11373508652241,46.26762999694033],[-122.11410881171261,46.26755660083185],[-122.1137927326507,46.26677556802594],[-122.1141664529536,46.26670217194157],[-122.11363966432573,46.265400454626935],[-122.11401337703587,46.26532705925488],[-122.1136973097442,46.264546031282755],[-122.11407101756735,46.26447263593488],[-122.11364960070105,46.26343126829651],[-122.11402330228464,46.263357873316735],[-122.11360189326452,46.26231650889942],[-122.11397558860875,46.26224311428773],[-122.11365953648527,46.2614620932173],[-122.11403322694301,46.26138869862964],[-122.11371717821827,46.260607679628485],[-122.11409086378963,46.260534285064836],[-122.11377481846355,46.25975326813278],[-122.11414849914867,46.25967987359308],[-122.11393780370187,46.259159196902345],[-122.11617985418376,46.25871881262338],[-122.11607449958798,46.25845847651484],[-122.11756917792916,46.25816486821101],[-122.11746381875203,46.25790453359371],[-122.11821115024654,46.257757724081806],[-122.11810578919312,46.257497390267666],[-122.11885311466862,46.25735057741184],[-122.11874775173895,46.257090244400814],[-122.1191214118815,46.25701683680499],[-122.11901604842801,46.25675650425306],[-122.12051067530312,46.25646286516601],[-122.12040530726884,46.25620253410528],[-122.12077896056385,46.2561291221577],[-122.12088432995048,46.25638945287442],[-122.12163163675939,46.256242625267234],[-122.12173700967921,46.25650295541086],[-122.12211066319301,46.2564295397513],[-122.12221603829377,46.256689869665905],[-122.12258969233126,46.25661645265437],[-122.12269506961293,46.25687678233995],[-122.12306872417409,46.25680336397636],[-122.12317410363674,46.25706369343298],[-122.1265369695664,46.256402879706805],[-122.12664236202805,46.25666320618155],[-122.12738965915634,46.256516346911454],[-122.12749505515123,46.256776672812975],[-122.1282423516688,46.256629808823035],[-122.12834775119688,46.25689013415126],[-122.1290950471036,46.25674326544143],[-122.1292004501649,46.257003590196355],[-122.12994774546063,46.256856716766656],[-122.13005315205515,46.25711704094828],[-122.13117409283876,46.25689672221194],[-122.13106868218775,46.256636399062785],[-122.1325632528861,46.25634262801388],[-122.1324578376555,46.25608230635641],[-122.13320511532697,46.255935415473125],[-122.13309969822112,46.25567509461891],[-122.13384696987272,46.25552820039256],[-122.13374155089166,46.25526788034161],[-122.13411518412202,46.25519443206084],[-122.13400976461787,46.25493411246897],[-122.13438339566727,46.25486066352454],[-122.13417255644167,46.254340025373956],[-122.13454618395814,46.25426657611003],[-122.13444076423674,46.25400625755123],[-122.13481438957228,46.2539328076237],[-122.13470896932783,46.253672489523915],[-122.1350825924825,46.25359903893275],[-122.13497717171501,46.253338721292],[-122.13572441283368,46.2531918177745],[-122.13561899019126,46.252931500936945],[-122.13599260815528,46.25285804801065],[-122.13567634114582,46.252077099219434],[-122.13604995422524,46.25200364631787],[-122.13583911099306,46.251483015052735],[-122.13621272053985,46.25140956183168],[-122.13610729881526,46.25114924671542],[-122.13648090618133,46.251075792830825],[-122.1362700625152,46.250555163630914],[-122.13664366634875,46.25048170942681],[-122.13643282329454,46.249961081374224],[-122.13680642359562,46.24988762685065],[-122.13638474202662,46.248846373498736],[-122.13675833609183,46.24877291934398],[-122.13612583049324,46.24721104482162],[-122.13649941561943,46.24713759172379],[-122.13639399956882,46.2468772800488],[-122.13676758251455,46.246803826287376],[-122.1366621659411,46.24654351507109],[-122.1370357467064,46.24647006064604],[-122.13693032961012,46.24620974988856],[-122.13730390819498,46.24613629479995],[-122.1370930737856,46.245615674316895],[-122.13746664883848,46.245542218908795],[-122.13672874505093,46.24372005323606],[-122.1371023098142,46.24364659922879],[-122.13699689695086,46.24338629064923],[-122.13774402128816,46.24323938029983],[-122.1376386065506,46.24297907252294],[-122.13838572487,46.24283215883114],[-122.13828030825825,46.242571851856894],[-122.13865386482335,46.24249839384365],[-122.13844303138318,46.241977780926604],[-122.13881658441673,46.241904322593896],[-122.13871116758834,46.241644016651165],[-122.13945826846637,46.24149709765097],[-122.13935284976395,46.24123679251079],[-122.14122058069908,46.240869479097995],[-122.14111515606866,46.24060917579256],[-122.14148869841804,46.240535710431374],[-122.1413832732651,46.24027540758431],[-122.14175681343443,46.24020194155963],[-122.14165138775896,46.239941639171114],[-122.14426613627907,46.239427351195715],[-122.14416070197366,46.23916705133003],[-122.14565482034627,46.238873151697845],[-122.14554938146499,46.238612853322806],[-122.14666995748802,46.238392419052154],[-122.14677540042278,46.23865271639499],[-122.14752244966269,46.23850575448895],[-122.14762789612857,46.23876605125784],[-122.1483749447551,46.238619084633704],[-122.14848039475218,46.23887938082864],[-122.14922744276521,46.238732409486374],[-122.14933289629343,46.23899270510743],[-122.15157402854369,46.238551764836636],[-122.15146856690905,46.238291471280455],[-122.15184208469822,46.23821797805336],[-122.15163116121384,46.23769739197209],[-122.15125764612672,46.23777088451088],[-122.15083581450993,46.23672971234275],[-122.15120932419303,46.23665622118046],[-122.15057659353043,46.23509446841963],[-122.1509500942789,46.235020978314616],[-122.1500010420774,46.23267835997673],[-122.14962755348691,46.232751846985124],[-122.14941666481668,46.232231265699596],[-122.14904317809905,46.23230475101254],[-122.14851597768138,46.231003298075244],[-122.14888945764497,46.23092981448243],[-122.14815140241184,46.22910778756904],[-122.14852487209143,46.22903430537684],[-122.14831400392455,46.22851372797295],[-122.14794053694641,46.22858720947719],[-122.14772967479563,46.22806663184133],[-122.14735620969022,46.228140111650355],[-122.14703992673093,46.227359245019635],[-122.14741338778431,46.22728576624248],[-122.14709710823051,46.226504901669315],[-122.14747056440332,46.22643142291667],[-122.14725971280919,46.225910847792136],[-122.14763316545219,46.225837368720036],[-122.14731689022352,46.225056507919454],[-122.14769033798618,46.22498302887185],[-122.14747948927545,46.224462456262096],[-122.14785293350843,46.22438897689507],[-122.14774750904535,46.22412869110487],[-122.14812095109923,46.2240552110745],[-122.14791010195768,46.22353464052362],[-122.14828354048203,46.22346116017376],[-122.14807269195366,46.22294059076612],[-122.14844612694849,46.2228671100968],[-122.1482352790333,46.22234654183223],[-122.14860871049866,46.2222730608435],[-122.14850328643342,46.22201277722582],[-122.14887671571985,46.221939295573776],[-122.14877129113269,46.221679012413745],[-122.1491447182402,46.22160553009838],[-122.14903929313117,46.221345247396],[-122.14941271805974,46.22127176441735],[-122.14930729242884,46.22101148217267],[-122.14968071517852,46.22093799853066],[-122.14957528902576,46.220677716743616],[-122.14994870959654,46.22060423243827],[-122.14984328292196,46.22034395110884],[-122.15021670131391,46.22027046614026],[-122.15011127411749,46.22001018526841],[-122.15085810571517,46.21986321299748],[-122.15075267664668,46.219602932927145],[-122.15112608985244,46.219529445624815],[-122.15059895018624,46.218228048697895],[-122.15097235581217,46.21815456210776],[-122.15076150304469,46.21763400482046],[-122.1511349051417,46.217560517910904],[-122.15102947865049,46.21730023978152],[-122.1517762776587,46.21715326362876],[-122.15167084929557,46.2168929863007],[-122.15204424620681,46.21681949705752],[-122.151938817322,46.21655922018697],[-122.15492595198457,46.21597127273681],[-122.15503139167025,46.21623154685649],[-122.15652494451686,46.21593754758613],[-122.1566303904314,46.21619782044387],[-122.15775055041625,46.215977309385345],[-122.15764510045162,46.215717037559344],[-122.15801848410598,46.215643532203025],[-122.15791303361999,46.21538326083445],[-122.15865979574282,46.21523624778844],[-122.15855434338548,46.214975977221144],[-122.158927721854,46.214902469531495],[-122.15882226897531,46.214642199421704],[-122.15956902072654,46.214495181709175],[-122.15946356597662,46.214234912400606],[-122.15983693925935,46.21416140237772],[-122.15973148398815,46.21390113352664],[-122.16047822536787,46.21375411114763],[-122.16037276822551,46.213493843097794],[-122.16074613632253,46.21342033074169],[-122.16064067865896,46.21316006314923],[-122.16101404457746,46.21308655013004],[-122.1609085863927,46.21282628299487],[-122.16165531304408,46.21267925462343],[-122.1615498529883,46.21241898828952],[-122.16229657362545,46.212271956578086],[-122.16219111169873,46.21201169104533],[-122.16704469749571,46.21105589121512],[-122.16693921885134,46.21079563026676],[-122.16768590922821,46.2106485697232],[-122.16758042871334,46.210388309576075],[-122.16795377130897,46.21031477813787],[-122.16784829027321,46.21005451844794],[-122.16859497027899,46.20990745323888],[-122.16848948737284,46.20964719435017],[-122.16886282478298,46.209573660579245],[-122.16875734135604,46.20931340214779],[-122.16913067658783,46.209239867713926],[-122.1690251926401,46.20897960973968],[-122.16939852569358,46.208906074642904],[-122.16929304122509,46.208645817125806],[-122.17003970214664,46.20849874459964],[-122.16993421580794,46.20823848788369],[-122.17030754367603,46.208164950454304],[-122.1702020568166,46.20790469419547],[-122.17057538250643,46.20783115610319],[-122.17046989512633,46.20757090030156],[-122.1708432186379,46.207497361546416],[-122.17073773073714,46.207237106201895],[-122.17111105207049,46.207163566783834],[-122.17100556364906,46.20690331189644],[-122.1713788828042,46.206829771815556],[-122.17127339386214,46.20656951738524],[-122.17164671083911,46.20649597664147],[-122.17154122137643,46.206235722668296],[-122.17191453617524,46.20616218126162],[-122.17180904619194,46.20590192774556],[-122.17404890948382,46.20546066022688],[-122.17394341223333,46.20520040888754],[-122.17431671853181,46.20512686112136],[-122.17421122076084,46.20486661023906],[-122.17458452488123,46.20479306181009],[-122.17447902658981,46.204532811384844],[-122.1748523285321,46.20445926229308],[-122.1746413317372,46.203938762469676],[-122.17501463015219,46.20386521305899],[-122.17459264111115,46.20282421614459],[-122.17496593330051,46.20275066710295],[-122.17454395212324,46.20170967337266],[-122.17491723808718,46.2016361246999],[-122.1747062497728,46.20111562920061],[-122.17507953220971,46.201042080209],[-122.17497403794651,46.20078183297268],[-122.1753473182056,46.20070828331828],[-122.17524182342207,46.20044803653883],[-122.17598837875579,46.20030093489772],[-122.17546090377843,46.19899970613353],[-122.17583417345696,46.1989261555224],[-122.17562318656903,46.198405665494874],[-122.17599645272087,46.19833211456489],[-122.17589095917096,46.198071870064304],[-122.17626422314511,46.19799831847154],[-122.17605323583348,46.19747783049671],[-122.176426496281,46.19740427858507],[-122.17621550958621,46.19688379174943],[-122.17658876650722,46.196810239518896],[-122.17648327305392,46.196549996614145],[-122.17685652779731,46.19647644372083],[-122.17675103382383,46.19621620127278],[-122.17712428638967,46.19614264771672],[-122.17701879189595,46.19588240572536],[-122.17776529184385,46.195735296281185],[-122.17765979548112,46.19547505509031],[-122.17803304286318,46.19540149920223],[-122.17792754598028,46.19514125846797],[-122.1790472791079,46.1949205857958],[-122.1789417790073,46.1946603462059],[-122.17931502037698,46.19458678697925],[-122.17920951975628,46.194326547845954],[-122.1795827589485,46.19425298795656],[-122.17947725780775,46.193992749279886],[-122.1798504948225,46.19391918872785],[-122.17974499316169,46.19365895050766],[-122.18011822799905,46.19358538929294],[-122.17980172394265,46.19280467634029],[-122.18017495390518,46.192731115150565],[-122.18006945286173,46.19247087806887],[-122.18044268064686,46.192397316216535],[-122.18033717908344,46.192137079591355],[-122.18071040469125,46.192063517076285],[-122.18060490260784,46.19180328090763],[-122.18097812603834,46.1917297177299],[-122.18087262343496,46.19146948201773],[-122.1819922847085,46.191248787477164],[-122.181886778888,46.190988552909104],[-122.18263321289639,46.19084141887063],[-122.18252770520745,46.1905811851029],[-122.1840205578855,46.1902869063238],[-122.18775263156813,46.189551138925125],[-122.187858158136,46.189811367878754],[-122.18860456562379,46.18966420163421],[-122.18871009571734,46.18992443001262],[-122.18945650258657,46.189777259054615],[-122.18956203620579,46.19003748685776],[-122.19068164433824,46.18981672184101],[-122.19078718283153,46.19007694872491],[-122.19116038523292,46.190003358029266],[-122.19126592590354,46.190263584681766],[-122.19201233091628,46.19011639958347],[-122.1921178751126,46.19037662566059],[-122.19249107772391,46.190303031257926],[-122.19259662409756,46.19056325710366],[-122.1929698272283,46.1904896613506],[-122.1930753757793,46.19074988696489],[-122.19344857942941,46.1906762898615],[-122.1935541301578,46.19093651524436],[-122.19392733432726,46.190862916790635],[-122.19403288723305,46.19112314194202],[-122.19477929578159,46.19097594132742],[-122.19488485221315,46.191236165903405],[-122.19525805659221,46.19116256374253],[-122.19536361520123,46.19142278808703],[-122.19573682009953,46.191349184575806],[-122.195842380886,46.191609408688805],[-122.19621558630358,46.191535803827165],[-122.19632114926752,46.19179602770876],[-122.19669435520433,46.19172242149669],[-122.19679992034575,46.19198264514679],[-122.19717312680181,46.191909037584324],[-122.19738426226878,46.192429484534074],[-122.19775747059242,46.19235587527718],[-122.19786304091802,46.19261609857682],[-122.19823624976084,46.19254248796948],[-122.19844739559635,46.19306293421836],[-122.1988206063067,46.19298932191655],[-122.19903175815581,46.193509767927466],[-122.1994049707337,46.19343615393112],[-122.19972170877188,46.19421682275957],[-122.20009492456566,46.19414320672462],[-122.20020050691868,46.19440342954854],[-122.20057372323156,46.194329812163055],[-122.20078489312228,46.1948502574604],[-122.20115811130265,46.19477663838036],[-122.2013692872075,46.195297083439826],[-122.20846032628816,46.193898116629484],[-122.20835471230292,46.19363790058236],[-122.21096711546507,46.193122402589545],[-122.21086149287201,46.1928621890643],[-122.21272746350316,46.19249394774428],[-122.212621834999,46.19223373605256],[-122.21523414960262,46.191718158350675],[-122.21512851249163,46.19145794918096],[-122.21624805940452,46.1912369732477],[-122.21614241907919,46.19097676522304],[-122.21726195448109,46.19075578126639],[-122.21715631094152,46.190495574386894],[-122.21752948640152,46.19042191139978],[-122.21742384234369,46.19016170497688],[-122.21779701562606,46.19008804132784],[-122.21769137105001,46.189827835361505],[-122.22104988112365,46.18916482034],[-122.22094422524647,46.18890461758423],[-122.22131738753595,46.18883094456191],[-122.22121173114073,46.18857074226269],[-122.22158489125268,46.1884970685785],[-122.2214792343394,46.18823686673584],[-122.22222554937845,46.18808951703748],[-122.22211989059939,46.18782931599558],[-122.22323935289148,46.18760828493489],[-122.22313369089899,46.187348085038025],[-122.22387999224942,46.18720072665545],[-122.2237743283913,46.18694052755937],[-122.22414747647416,46.186866847203206],[-122.22404181209811,46.186606648563554],[-122.2244149580035,46.18653296754551],[-122.22430929310958,46.18627276936234],[-122.22468243683755,46.186199087682475],[-122.22457677142576,46.18593888995572],[-122.22494991297631,46.18586520761412],[-122.22484424704666,46.18560501034374],[-122.22521738641983,46.18553132734031],[-122.22511171997235,46.18527113052636],[-122.22548485716813,46.18519744686105],[-122.22537919020284,46.184937250503545],[-122.22575232522126,46.1848635661765],[-122.22564665773817,46.18460337027533],[-122.22601979057927,46.18452968528649],[-122.22591412257837,46.18426948984166],[-122.22666038307614,46.18412211753434],[-122.22655471320996,46.183861922890166],[-122.22730096769358,46.1837145472472],[-122.22719529596218,46.183454353403604],[-122.2275684206118,46.18338066441736],[-122.22746274836273,46.183120471030115],[-122.22783587083511,46.183046781382075],[-122.22773019806834,46.18278658845116],[-122.22810331836345,46.182712898141375],[-122.22799764507906,46.18245270566673],[-122.22837076319695,46.18237901469517],[-122.22815941642267,46.181858630770485],[-122.22965186981705,46.181563859578475],[-122.22954619228506,46.181303669161146],[-122.23066551957587,46.181082581237064],[-122.23055983883162,46.18082239196454],[-122.2309329449216,46.18074869432224],[-122.23082726365989,46.18048850550588],[-122.23120036757273,46.18041480720187],[-122.23109468579355,46.18015461884177],[-122.23146778752928,46.18008091987606],[-122.23157347065575,46.180341107891834],[-122.23605064292259,46.1794566377092],[-122.23594494362948,46.179196453824794],[-122.23669112469427,46.17904902873353],[-122.23658542353677,46.178788845649585],[-122.23695851147713,46.17871513193938],[-122.23685280980246,46.178454949311686],[-122.23722589556576,46.17838123493991],[-122.2371201933739,46.17812105276832],[-122.23861252273922,46.17782618659989],[-122.23850681598898,46.17756600591737],[-122.2392529729978,46.177418567486576],[-122.23914726438348,46.17715838760449],[-122.23952034029588,46.17708466722464],[-122.23941463116454,46.17682448779861],[-122.23978770489998,46.17675076675725],[-122.23968199525157,46.17649058778732],[-122.24005506681006,46.17641686608452],[-122.23994935664466,46.17615668757067],[-122.2403224260262,46.176082965206255],[-122.24021671534382,46.17582278714848],[-122.24058978254843,46.1757490641226],[-122.24048407134906,46.17548888652082],[-122.24123020057452,46.175341438140244],[-122.24112448751127,46.17508126133886],[-122.241870610723,46.174933809623745],[-122.24176489579598,46.174673633622646],[-122.24213795480998,46.174599906600704],[-122.24203223936608,46.17433973105566],[-122.24240529620322,46.174266003372225],[-122.24229958024245,46.1740058282831],[-122.24267263490279,46.17393209993829],[-122.24256691842514,46.17367192530515],[-122.2429399709087,46.17359819629881],[-122.2428342539142,46.17333802212165],[-122.24581863312817,46.17274815661859],[-122.24571290618961,46.17248798530767],[-122.24683203065919,46.17226677018243],[-122.2469377616379,46.17252694046042],[-122.24731080281433,46.17245319972964],[-122.24741653596979,46.17271336977483],[-122.24890869776135,46.17241839541706],[-122.24880295921919,46.17215822674925],[-122.25141420096793,46.17164198531452],[-122.25130845382962,46.171381819168836],[-122.25168148369792,46.17130806671413],[-122.2515757360432,46.171047901024274],[-122.25269481662744,46.17082663865937],[-122.25258906576327,46.17056647411421],[-122.25370813483627,46.17034520373164],[-122.25360238076277,46.170085040331124],[-122.25397540078022,46.17001128187006],[-122.25386964619048,46.16975111892538],[-122.25424266403122,46.16967735980303],[-122.25413690892522,46.16941719731417],[-122.25450992458936,46.16934343753066],[-122.25440416896711,46.1690832754976],[-122.25515019511185,46.168935753602504],[-122.25504443762699,46.16867559236966],[-122.25541744810766,46.16860183025809],[-122.25531169010661,46.16834166948108],[-122.25568469841069,46.16826790670833],[-122.25557893989345,46.16800774638704],[-122.25595194602096,46.16793398295306],[-122.25584618698757,46.167673823087604],[-122.26181415057226,46.16649347689894],[-122.26170837082887,46.166233322655245],[-122.26208136014921,46.16615954281589],[-122.26197557988998,46.165899389027885],[-122.2623485670338,46.165825608527406],[-122.26224278625875,46.16556545519513],[-122.26298875536304,46.16541789186663],[-122.26288297272606,46.16515773933444],[-122.26437489558603,46.1648626019894],[-122.264269108395,46.164602450946134],[-122.264642085688,46.16452866444073],[-122.26453629798128,46.16426851385312],[-122.26490927309787,46.1641947266866],[-122.26480348487547,46.16393457655463],[-122.2730086977298,46.162311012097135],[-122.2729028807274,46.16205086965458],[-122.27327583405153,46.16197706005266],[-122.27317001653387,46.16171691806564],[-122.27354296768166,46.1616431078029],[-122.27333133244638,46.1611228248512],[-122.27370428007205,46.16104901427204],[-122.27349264546736,46.160528732453464],[-122.27386558957102,46.160454921557985],[-122.27375977216873,46.160194781159795],[-122.27413271409613,46.160120969603454],[-122.27370944740927,46.15908041049856],[-122.27408238312337,46.15900659931481],[-122.2738707520716,46.158486321117245],[-122.27424368426388,46.15841250961712],[-122.27403205384276,46.157892232552406],[-122.27552376354183,46.15759697925471],[-122.27541794419457,46.15733684226658],[-122.2757908681975,46.157263026773435],[-122.27568504833518,46.15700289024072],[-122.27605797016206,46.15692907408676],[-122.27552887657995,46.15562839480888],[-122.27590179084869,46.155554579371966],[-122.27579597327816,46.15529444419347],[-122.27616888537095,46.15522062809571],[-122.2760630672854,46.15496049337252],[-122.27680888628859,46.15481285885023],[-122.27691470706507,46.155072992884556],[-122.27766052543724,46.15492535365253],[-122.27776634973512,46.155185487108746],[-122.28000379299189,46.154742543220834],[-122.27989796062148,46.15448241183134],[-122.28399984746777,46.15367025784136],[-122.2841056946369,46.15393038544145],[-122.28783460891349,46.15319195464647],[-122.28794047036577,46.15345207891203],[-122.28831335856968,46.153378229959785],[-122.28841922219792,46.15363835399143],[-122.28953788586054,46.15341680007046],[-122.28974962368054,46.153937046398504],[-122.29012251259687,46.1538631923922],[-122.29033425643054,46.15438343847398],[-122.2907071472064,46.15430958277328],[-122.29081302171473,46.15456970563571],[-122.29118591300492,46.154495848585356],[-122.2912917896893,46.154755971213866],[-122.29203757246744,46.15460825340858],[-122.29214345267309,46.15486837545865],[-122.29251634416097,46.154794514703724],[-122.2927281097554,46.155314758446686],[-122.29310100310275,46.155240895997466],[-122.29331277471134,46.1557611394941],[-122.29405856429392,46.15561341020167],[-122.29416445403507,46.15587353142681],[-122.2949102429841,46.15572579742462],[-122.29501613624657,46.155985918071224],[-122.29613481747305,46.155764308495726],[-122.29677021871333,46.157325028496466],[-122.29714311886448,46.15725115455963],[-122.29724902332524,46.157511274602726],[-122.29762192399043,46.15743739931598],[-122.2977278306275,46.157697519125136],[-122.2981007318068,46.157623642488595],[-122.29852437204738,46.158664121453974],[-122.29889727777635,46.15859024243338],[-122.29900319125969,46.15885036210694],[-122.29937609750267,46.15877648173647],[-122.29948201316245,46.159036601176076],[-122.29985491991947,46.15896271945571],[-122.29996083775568,46.159222838661336],[-122.30033374502669,46.159148955591135],[-122.30043966503936,46.15940907456276],[-122.30081257282434,46.159335190142656],[-122.3009184950135,46.159595308880284],[-122.30129140331242,46.15952142311029],[-122.3013973276781,46.159781541613995],[-122.30177023649095,46.15970765449404],[-122.30208801861147,46.16048800963557],[-122.30171510576292,46.16056189778998],[-122.30192696197608,46.16108213579482],[-122.30155404560566,46.1611560236337],[-122.30165997361397,46.161416143147186],[-122.30128705506691,46.16149003032575],[-122.30139298256125,46.16175015029492],[-122.30102006183758,46.16182403681316],[-122.30112598881796,46.162084157238034],[-122.3007530659176,46.16215804309594],[-122.30096491968173,46.16267828496806],[-122.30059199325936,46.1627521705105],[-122.30122756643227,46.164312900857695],[-122.30085463110622,46.164386787464004],[-122.30180803487691,46.166727893578326],[-122.30143508661023,46.16680178228335],[-122.30175289879688,46.16758215402088],[-122.30212585110013,46.167508264281174],[-122.3022317915042,46.16776838807081],[-122.30260474432147,46.1676944969809],[-122.30271068690261,46.16795462053671],[-122.30308364023388,46.16788072809661],[-122.30318958499208,46.16814085141853],[-122.30356253883733,46.168066957628305],[-122.30366848577263,46.1683270807163],[-122.30404144013183,46.1682531855759],[-122.30425333918824,46.16877343139516],[-122.30462629540692,46.16869953455959],[-122.30473224752805,46.168959657290955],[-122.30510520426066,46.16888575910512],[-122.30521115855896,46.16914588160252],[-122.30558411580546,46.16907198206655],[-122.30569007228094,46.16933210432998],[-122.30606303004133,46.16925820344376],[-122.30616898869401,46.16951832547334],[-122.30654194696827,46.16944442323691],[-122.30664790779814,46.16970454503248],[-122.30702086658624,46.16963064144587],[-122.30733875810274,46.17041100646407],[-122.30771172009575,46.17033710083718],[-122.30792365462317,46.170857344048066],[-122.30829661847555,46.17078343672583],[-122.30840258833246,46.17104355815285],[-122.30877555269859,46.17096964948032],[-122.30898749759889,46.17148989197763],[-122.30936046382435,46.171415981609805],[-122.30957241474299,46.17193622386138],[-122.30994538282778,46.17186231179821],[-122.31015733976493,46.17238255380413],[-122.31053030970901,46.17230864004553],[-122.31084825539047,46.173089002852606],[-122.31122122853947,46.17301508705348],[-122.31132721344265,46.173275207866396],[-122.31207315993608,46.17312737256209],[-122.31217914836239,46.17338749279592],[-122.31255212170676,46.173313573290784],[-122.3126581123106,46.17357369329061],[-122.31303108616864,46.173499772435115],[-122.31387905171569,46.175580733674295],[-122.31425203550661,46.17550680905234],[-122.31435803628973,46.17576692936237],[-122.31510400406671,46.1756190764123],[-122.3152100083732,46.17587919614315],[-122.3159559755131,46.175731338481604],[-122.31606198334295,46.175991457633266],[-122.31718093184878,46.1757696625659],[-122.3172869445476,46.17602978079311],[-122.31765992706421,46.17595584674831],[-122.31787195764952,46.17647608284586],[-122.31824494202519,46.17640214710531],[-122.31877503978001,46.17770273756914],[-122.31914803005158,46.17762879909711],[-122.31936007767041,46.178149035370595],[-122.31973306980103,46.17807509520273],[-122.31994512344023,46.17859533123065],[-122.32031811742988,46.17852138936693],[-122.32053017708961,46.179041625149274],[-122.32090317293829,46.17896768158971],[-122.32111523861866,46.179487917126465],[-122.32148823632633,46.17941397187099],[-122.32180634512659,46.18019432497454],[-122.32143334338184,46.18026827126596],[-122.32175145563639,46.18104862640704],[-122.32137844902209,46.18112257272916],[-122.32159052532899,46.18164281073706],[-122.32196353463478,46.181568863724316],[-122.32344818085936,46.185210537415855],[-122.32382120817404,46.185136584562365],[-122.32403331650391,46.18565682475252],[-122.32440634567776,46.18558287020283],[-122.32461846002974,46.18610311014783],[-122.32499149106278,46.186029153901835],[-122.32562786217721,46.18758987433884],[-122.32600090045302,46.18751591501469],[-122.32610696656567,46.18777603513217],[-122.32648000535471,46.18770207445716],[-122.32658607364601,46.18796219434062],[-122.32695911294824,46.187888232314805],[-122.32706518341818,46.18814835196421],[-122.32743822323361,46.188074388587516],[-122.32754429588222,46.18833450800292],[-122.32791733621085,46.188260543275334],[-122.32802341103812,46.188520662456675],[-122.3283964518799,46.18844669637816],[-122.32850252888586,46.188706815325524],[-122.32887557024078,46.1886328478961],[-122.32898164942549,46.188892966609394],[-122.32935469129352,46.18881899782912],[-122.32946077265696,46.18907911630831],[-122.32983381503807,46.18900514617712],[-122.32993989858025,46.18926526442226],[-122.33031294147447,46.189191292940144],[-122.33020685658637,46.18893117504053],[-122.33095293718443,46.18878322975126],[-122.33084685043738,46.188523112654195],[-122.33159292501226,46.18837516403463],[-122.33148683640634,46.18811504774019],[-122.33185987109863,46.188041072267914],[-122.33175378197973,46.18778095643042],[-122.33212681449332,46.187706980298444],[-122.33202072486147,46.187446864917966],[-122.33500494421996,46.18685502243446],[-122.33511104461807,46.18711513505039],[-122.33585709382008,46.18696716368523],[-122.3359631977426,46.187227275721405],[-122.338574353131,46.18670934185767],[-122.33868046730643,46.1869694515859],[-122.33979952544323,46.18674746381399],[-122.33969340723083,46.18648735512264],[-122.34155848073608,46.18611735712578],[-122.3416646056766,46.186377464088935],[-122.34278364381944,46.186155452190924],[-122.34288977362985,46.186415558228504],[-122.34512783549413,46.18597150521731],[-122.345233974211,46.18623160929214],[-122.34672600417218,46.18593555246426],[-122.34683214910432,46.18619565526759],[-122.34757816177651,46.18604762013099],[-122.3476843102329,46.186307722354144],[-122.34992233632366,46.18586359074549],[-122.35002849368614,46.186123691005534],[-122.35114749951802,46.18590161059412],[-122.35125366175014,46.18616170992814],[-122.35162666337281,46.18608768076821],[-122.35173282778374,46.186347779867674],[-122.35247883121974,46.186199717840836],[-122.35269116792344,46.18671991499046],[-122.35343717340746,46.186571847559826],[-122.35364951882653,46.18709204377131],[-122.35402252300919,46.18701800785662],[-122.35423487445297,46.187538203821575],[-122.35498088569952,46.187390127593495],[-122.35519324585893,46.187910322620155],[-122.35556625292277,46.18783628230672],[-122.35620336147866,46.18939686798225],[-122.35918745256092,46.18880449268782],[-122.35908125495426,46.188544397563966],[-122.3594542612428,46.18847034647488],[-122.3593480631244,46.18821025180817],[-122.35972106723389,46.188136200059766],[-122.35961486860381,46.18787610585021],[-122.3599878705343,46.18780205344255],[-122.35988167139253,46.187541959690115],[-122.36025467114405,46.18746790662315],[-122.3600422726708,46.1869477201437],[-122.36041526889805,46.18687366676342],[-122.3603090695666,46.18661357403642],[-122.36068206361489,46.18653951999689],[-122.36057586377181,46.186279427726916],[-122.3609488556412,46.18620537302819],[-122.36084265528646,46.18594528121524],[-122.36121564497697,46.18587122585723],[-122.36110944411065,46.18561113450136],[-122.36148243162229,46.18553707848411],[-122.36137623024439,46.185276987585304],[-122.3621222000763,46.18512887322733],[-122.36201599684163,46.184868783131364],[-122.36276196064856,46.184720665444885],[-122.36265575555718,46.184460576151714],[-122.36340171333919,46.18431245513678],[-122.3632955063912,46.18405236664646],[-122.3640414581483,46.183904242303015],[-122.36393524934371,46.18364415461562],[-122.36468119507592,46.18349602694377],[-122.36457498441484,46.18323594005909],[-122.36532092412219,46.183087809058904],[-122.36521471160466,46.1828277229771],[-122.36596064528717,46.1826795886486],[-122.36585443091327,46.18241950336958],[-122.36846516312511,46.181901003983405],[-122.36857138691391,46.18216108684114],[-122.36969026367629,46.181938856706076],[-122.3695840358527,46.18167877488601],[-122.37070290107629,46.18145653674392],[-122.37059667005174,46.18119645607256],[-122.37134257334203,46.18104829297821],[-122.37113010841485,46.18052813335207],[-122.37150305611958,46.18045405098932],[-122.37139682356184,46.18019397168853],[-122.37176976908796,46.1801198886668],[-122.3716635360192,46.179859809822844],[-122.3720364793667,46.1797857261421],[-122.3719302457869,46.179525647754964],[-122.37230318695582,46.17945156341518],[-122.37219695286502,46.17919148548483],[-122.37256989185538,46.17911740048606],[-122.3724636572536,46.17885732301248],[-122.37283659406542,46.178783237354736],[-122.37262412467373,46.17826308343204],[-122.37299705796227,46.17818899746117],[-122.37310329358594,46.17844907402119],[-122.37347622738541,46.178374986699495],[-122.37336999041703,46.17811491048544],[-122.37411585282514,46.1779667335193],[-122.37400961400114,46.17770665810779],[-122.3751283973257,46.17748438615984],[-122.37502215530154,46.1772243118969],[-122.37539508006408,46.17715021958371],[-122.3752888375291,46.17689014577753],[-122.37566176011319,46.17681605280543],[-122.37555551706741,46.17655597945593],[-122.37630135704495,46.17640779118905],[-122.37619511214378,46.17614771864214],[-122.3832804000254,46.17473973621948],[-122.38338667047196,46.17499980219345],[-122.38786145014811,46.17411035909852],[-122.38775516356938,46.17385029727647],[-122.38812805511,46.17377617083387],[-122.38802176802109,46.17351610946846],[-122.38839465738333,46.17344198236715],[-122.38828836978426,46.17318192145837],[-122.38903414331793,46.173033664933655],[-122.38892785386449,46.17277360482741],[-122.38930073803596,46.17269947540411],[-122.38908815894295,46.172179356215416],[-122.38946103959191,46.172105226479374],[-122.38935474995233,46.1718451673968],[-122.3904733828621,46.17162277319877],[-122.39036709002417,46.17136271526483],[-122.39111283843853,46.17121444813484],[-122.39100654374644,46.17095439100342],[-122.39175228613611,46.17080612054693],[-122.39164598958993,46.170546064217994],[-122.39201885818949,46.170471927828785],[-122.39191256113341,46.170211871956326],[-122.39228542755477,46.17013773490861],[-122.39239172595492,46.17039779043497],[-122.39276459288621,46.17032365203649],[-122.39297719487712,46.17084376272869],[-122.39372293161345,46.17069548153385],[-122.3938292365483,46.170955536353546],[-122.39457497263601,46.17080725044814],[-122.39468128109313,46.171067304686225],[-122.39542701653207,46.17091901407027],[-122.39563964132519,46.17143912149369],[-122.3960125104814,46.17136497398662],[-122.39622514129964,46.171885081159786],[-122.39659801230964,46.171810931955974],[-122.39681064915315,46.17233103887885],[-122.39718352201696,46.17225688797824],[-122.39728984303424,46.17251694125935],[-122.39803558894701,46.172368635752036],[-122.39835456506925,46.173148794181664],[-122.39872744080628,46.17307463888277],[-122.39904642847011,46.173854797268504],[-122.39867354870086,46.173928953605895],[-122.39877987824684,46.1741890069683],[-122.3991527593602,46.17411485028485],[-122.39925909108472,46.17437490341165],[-122.39963197270775,46.1743007453774],[-122.39973830661081,46.17456079826863],[-122.40048407004171,46.17441247849384],[-122.4005904074674,46.17467253080326],[-122.40096328927528,46.174598369062714],[-122.40138865269932,46.175638578021136],[-122.40176153904908,46.175564413891266],[-122.40197422845645,46.176084518341376],[-122.40234711665988,46.17601035251444],[-122.40245346395952,46.17627040455914],[-122.40282635267249,46.17619623738134],[-122.40293270215084,46.176456289190384],[-122.40330559137337,46.176382120661714],[-122.40351829552203,46.17690222391914],[-122.40389118659822,46.17682805369335],[-122.4039975412686,46.177088105141664],[-122.40437043285425,46.17701393356499],[-122.40447678970344,46.17727398477765],[-122.40484968179857,46.17719981185007],[-122.40495604082652,46.17745986282706],[-122.40570182520104,46.17731151326552],[-122.40644760623681,46.1771631596854],[-122.40634124183244,46.17690311009352],[-122.40671412975419,46.176828932142755],[-122.40682049550264,46.17708898138841],[-122.40793915829181,46.176866440469716],[-122.40804552890718,46.17712648878703],[-122.40916418821585,46.17690393778787],[-122.40927056369812,46.177163985176854],[-122.40964344980884,46.17708979915494],[-122.40953707298253,46.17682975211233],[-122.41028284001153,46.17668137774734],[-122.41017646133197,46.17642133150786],[-122.4109222223338,46.176272953817254],[-122.41081584180108,46.17601290838092],[-122.41118871970582,46.17593871837501],[-122.41108233866396,46.17567867339551],[-122.4133195804975,46.175233514342175],[-122.41342596960294,46.17549355724373],[-122.41417171288983,46.175345162163566],[-122.41406532109664,46.175085119954645],[-122.41481105835629,46.17493672154896],[-122.41491745283722,46.17519676306517],[-122.41529032155857,46.17512256200919],[-122.4151839257338,46.17486252083935],[-122.41742111246579,46.17441729548665],[-122.41731470941303,46.174157256505374],[-122.41806042895666,46.174008840711096],[-122.41784761998092,46.17348876446521],[-122.41822047581284,46.17341455575406],[-122.41811407123366,46.17315451814311],[-122.41848692488686,46.173080308773805],[-122.41838051979892,46.17282027161953],[-122.4187533712735,46.17274606159219],[-122.41864696567676,46.17248602489458],[-122.41976551105981,46.172263389824806],[-122.4199783311503,46.172783461252145],[-122.42035118062871,46.172709246860556],[-122.4204575932701,46.172969282393375],[-122.42232183485554,46.17259819363679],[-122.42221541549593,46.17233815983594],[-122.42333394639597,46.172115495567894],[-122.4232275238406,46.1718554629165],[-122.42397320424487,46.17170701574184],[-122.4238667798374,46.171446983893624],[-122.42535812525097,46.17115007887692],[-122.42525169630443,46.170890048524576],[-122.42562452922664,46.17081582010586],[-122.42551809977166,46.17055579021019],[-122.4258909305153,46.17048156113345],[-122.42599736131372,46.17074159068269],[-122.42972563625304,46.16999924121103],[-122.42961919202025,46.16973921512602],[-122.42999201357745,46.16966497500132],[-122.42988556883645,46.169404949372975],[-122.4310040244668,46.169182224012296],[-122.43089757653095,46.16892219953347],[-122.43127039206072,46.168847956084335],[-122.43116394361672,46.168587932062124],[-122.43340081119605,46.1681424523558],[-122.43329435552761,46.167882430522404],[-122.43478557850288,46.167585425351604],[-122.43467911829678,46.167325405014175],[-122.43691591964256,46.16687986920886],[-122.43680945221274,46.166619851060375],[-122.43830063103142,46.166322808491195],[-122.43819415906448,46.16606279183871],[-122.440430894174,46.16561719993738],[-122.44032441498409,46.16535718547388],[-122.44069719990223,46.16528291698879],[-122.44059072020465,46.165022902981804],[-122.44096350294446,46.16494863383901],[-122.44085702273925,46.164688620288466],[-122.44346646912608,46.16416871059783],[-122.44335998035564,46.1639086995828],[-122.4437327537264,46.16383442309973],[-122.44362626444847,46.16357441254115],[-122.44437180599787,46.16342585725566],[-122.44426531486965,46.163165847500046],[-122.44687467457624,46.16264587479649],[-122.44698117510428,46.16290588212637],[-122.44772670161538,46.162757308766665],[-122.44783320566451,46.16301731551329],[-122.44820596900959,46.162943026980805],[-122.44831247523702,46.16320303349071],[-122.44905800210611,46.16305445272017],[-122.44916451185465,46.16331445864672],[-122.44953727537863,46.16324016640875],[-122.4496437873055,46.163500172098615],[-122.45001655133672,46.16342587850992],[-122.45012306544191,46.163685883962984],[-122.45049582998031,46.1636115890236],[-122.45060234626392,46.163871594239936],[-122.45097511130945,46.16379729794989],[-122.45108162977145,46.16405730292946],[-122.45182716004112,46.16390870664385],[-122.45150759910548,46.16312869411433],[-122.45188035895862,46.1630543955052],[-122.4517738389753,46.162794391894955],[-122.45214659665008,46.162720092628376],[-122.45204007615968,46.162460089474536],[-122.45241283165616,46.1623857895505],[-122.45219979049682,46.16186578426543],[-122.45257254247234,46.16179148403054],[-122.45235950197014,46.16127147987779],[-122.45273225042475,46.16119717933203],[-122.45262573008443,46.16093717776685],[-122.45374396640669,46.160714271145245],[-122.45363744287417,46.16045427072959],[-122.4540101853011,46.16037996686094],[-122.45390366126159,46.16011996690158],[-122.45464914092346,46.159971356845425],[-122.45443608998114,46.15945135864229],[-122.45480882587356,46.15937705280142],[-122.45385012591267,46.15703706943502],[-122.45347740210262,46.157111372156784],[-122.45337088540501,46.15685137420662],[-122.45299816210189,46.156925675577924],[-122.45289164758223,46.15666567739079],[-122.45251892478606,46.15673997741156],[-122.45166684944539,46.15465999308834],[-122.45203956150223,46.15458569583967],[-122.4518265483367,46.15406570154766],[-122.45219925687341,46.15399140398799],[-122.4520927502014,46.153731407352744],[-122.45246545656035,46.15365710913562],[-122.45225244303788,46.15313711688677],[-122.4526251458768,46.153062818358684],[-122.45251863902637,46.152802822745045],[-122.45289133968757,46.15272852355955],[-122.45278483233022,46.15246852840182],[-122.4531575308138,46.15239422855894],[-122.45294451592076,46.151874239264835],[-122.45331721088439,46.151799939110965],[-122.45289118575396,46.15075996322228],[-122.45326387451333,46.15068566345037],[-122.45315736897692,46.15042567009824],[-122.45353005555877,46.15035136966891],[-122.45331704430767,46.14983138398583],[-122.45294436041019,46.14990568372229],[-122.45209235955569,46.14782574259437],[-122.45246503271615,46.14775144562926],[-122.45182605910391,46.14619149645477],[-122.45219872337671,46.146117200564156],[-122.45209222935593,46.14585720976409],[-122.45246489145153,46.14578291321602],[-122.45235839692394,46.145522922871606],[-122.45273105684231,46.1454486256661],[-122.45251806760875,46.144928645997815],[-122.45289072400794,46.14485434848128],[-122.45267773543125,46.144334369942804],[-122.45305038831134,46.14426007211523],[-122.45294389393385,46.14400008335618],[-122.4533165446368,46.14392578487118],[-122.45321004975257,46.14366579656771],[-122.45358269827845,46.14359149742537],[-122.45336970833169,46.143071521838785],[-122.45374235333858,46.14299722238535],[-122.4536358582761,46.14273723510223],[-122.45400850110597,46.142662934991364],[-122.45358252384027,46.14162298833608],[-122.45395516046759,46.14154868860685],[-122.45363568226192,46.14076873080056],[-122.45400831402873,46.140694431106546],[-122.45390182162197,46.14043444573568],[-122.45427445121187,46.14036014538431],[-122.45416795829851,46.14010016046887],[-122.45454058571151,46.140025859460096],[-122.45443409229152,46.1397658750001],[-122.45480671752767,46.13969157333392],[-122.45470022360107,46.13943158932931],[-122.45507284666037,46.13935728700581],[-122.45485985862912,46.13883732001651],[-122.45523247816993,46.13876301738188],[-122.45512598406528,46.13850303439714],[-122.45549860142928,46.13842873110519],[-122.45539210681811,46.13816874857575],[-122.45613733635749,46.13802013967349],[-122.45603083989812,46.13776015794567],[-122.45640345207353,46.13768585233541],[-122.45629695510765,46.137425871062945],[-122.45666956510632,46.13735156479528],[-122.45656306763395,46.137091583978105],[-122.45730828244275,46.1369429691245],[-122.45720178312237,46.13668298910902],[-122.45757438793252,46.13660868052304],[-122.45746788810573,46.13634870096277],[-122.45821309253755,46.13620008147267],[-122.4581065908628,46.13594010271399],[-122.45847919048452,46.13586579180976],[-122.4583726883034,46.13560581350634],[-122.4591178823584,46.135457189379856],[-122.45901137832945,46.13519721187791],[-122.45975656636095,46.13504858442966],[-122.45965006048424,46.1347886077293],[-122.46039524249228,46.134639976959306],[-122.46028873476783,46.13438000106042],[-122.461406497492,46.13415704841767],[-122.46129998657854,46.1338970736666],[-122.46167257114155,46.133822754458244],[-122.46156605972186,46.133562780162336],[-122.46231122365965,46.133414139427565],[-122.46209819796044,46.13289419254753],[-122.46247077599394,46.1328198713675],[-122.46225775095273,46.132299925615406],[-122.46263032546845,46.132225604124386],[-122.46252381285932,46.13196563175791],[-122.4628963851986,46.131891309609685],[-122.46300289914902,46.13215128162986],[-122.46412061517962,46.1319283081254],[-122.464227133989,46.1321882792155],[-122.46497227651592,46.132039624502355],[-122.46507879884302,46.13229959500862],[-122.46545137019488,46.13222526580053],[-122.46555789469843,46.13248523606927],[-122.46593046655629,46.132410905511264],[-122.46603699323633,46.132670875542445],[-122.46640956560016,46.13259654363467],[-122.46651609445672,46.13285651342831],[-122.46726123936101,46.132707845909536],[-122.46736777173533,46.132967815119244],[-122.46774034427574,46.1328934795083],[-122.46784687882659,46.133153448480456],[-122.46859202408386,46.13300477355532],[-122.46869856215248,46.13326474194353],[-122.46944370675081,46.133116062311714],[-122.46955024833721,46.13337603011594],[-122.46992282072449,46.133301688448405],[-122.4700293644875,46.13356165601504],[-122.47077450943827,46.13341296897678],[-122.4708810567191,46.133672935959304],[-122.47125362928254,46.133598590588605],[-122.47136017874,46.133858557333525],[-122.47173275180918,46.133784210612916],[-122.47183930344328,46.13404417712024],[-122.47221187701818,46.133969829049704],[-122.47242498547516,46.134489761697864],[-122.472797560897,46.13441541193101],[-122.47322379320183,46.13545527714724],[-122.47285121241512,46.13552962829996],[-122.47338401488962,46.136829464001394],[-122.47450177486172,46.136606402335545],[-122.47460834188713,46.136866368762945],[-122.4757260983625,46.13664329702615],[-122.47583267024729,46.13690326252288],[-122.4773230058803,46.136605818105586],[-122.47742958396562,46.13686578232501],[-122.47929249140981,46.13649395249264],[-122.4793990770368,46.13675391508823],[-122.48014423684667,46.13660517543795],[-122.48025082599172,46.136865137449156],[-122.48062340598418,46.136790765772226],[-122.48072999730617,46.13705072754576],[-122.48110257780398,46.136976354518865],[-122.48099598514084,46.13671639309195],[-122.4813685634617,46.136642019408114],[-122.48115537796053,46.136122097573825],[-122.48152795276334,46.13604772357978],[-122.48142135992535,46.1357877631724],[-122.48179393255128,46.135713388521445],[-122.48168733920794,46.13545342856947],[-122.48205990965702,46.13537905326166],[-122.4819533158084,46.13511909376499],[-122.48232588408064,46.135044717800305],[-122.48221928972674,46.134784758758926],[-122.48296442108176,46.13463600451256],[-122.48285782488158,46.13437604627305],[-122.48360295021138,46.13422728870615],[-122.483496352165,46.133967331268536],[-122.48386891223524,46.133892951326594],[-122.48376231368366,46.13363299434429],[-122.48450742863476,46.13348423214334],[-122.48440082823706,46.13322427596285],[-122.48477338311797,46.1331498937039],[-122.48466678221516,46.132889937978604],[-122.48503933491929,46.13281555506289],[-122.48493273351137,46.132555599792845],[-122.48530528403883,46.13248121622031],[-122.48519868212581,46.132221261405526],[-122.48594377799151,46.13207249194358],[-122.48583717423253,46.13181253793049],[-122.48620971957081,46.13173815204112],[-122.4861031153068,46.13147819848326],[-122.48684820079424,46.131329424387566],[-122.48674159468436,46.13106947163141],[-122.48711413483356,46.13099508342514],[-122.4870075282187,46.1307351311242],[-122.48738006619128,46.13066074226123],[-122.48727345907143,46.13040079041542],[-122.48801852982757,46.130252010372644],[-122.48791192086203,46.12999205932848],[-122.48828445364559,46.12991766814873],[-122.48817784417513,46.129657717559766],[-122.48855037478214,46.129583325723274],[-122.48844376480676,46.12932337558935],[-122.48918882083191,46.12917458959966],[-122.48908220901096,46.12891464026745],[-122.48982725901142,46.12876585095779],[-122.48972064534496,46.12850590242718],[-122.49009316775074,46.128431506614014],[-122.48998655357947,46.12817155853855],[-122.4903590738088,46.12809716206871],[-122.49025245913273,46.1278372144482],[-122.49062497718559,46.1277628173217],[-122.49051836200474,46.127502870156256],[-122.49089087788118,46.1274284723731],[-122.49078426219555,46.127168525662675],[-122.49115677589556,46.12709412722277],[-122.49105015970518,46.126834180967386],[-122.4914226712288,46.126759781870824],[-122.49131605453368,46.126499836070415],[-122.49429610590772,46.12590460995534],[-122.49418947932442,46.125644667035836],[-122.49493448112821,46.125495851168345],[-122.49472122510745,46.12497596704082],[-122.49583871350136,46.124752737795234],[-122.49573208272359,46.12449279693376],[-122.49610457584268,46.124418385525516],[-122.49599794456043,46.12415844511893],[-122.49674292561019,46.12400961998614],[-122.49663629248315,46.12374968038102],[-122.49775375376737,46.12352643619815],[-122.49786039091543,46.1237863747635],[-122.49860536360589,46.123637539599514],[-122.49871200427056,46.12389747757996],[-122.4998294610574,46.12367421627081],[-122.49993610657893,46.12393415331975],[-122.50068107627075,46.123785306738185],[-122.50078772530885,46.12404524320217],[-122.50116021024103,46.123970818060144],[-122.50137351350587,46.12449069061972],[-122.5024909713277,46.12426740709514],[-122.50259762823505,46.12452734249742],[-122.50520500993751,46.124006310071756],[-122.50531167706264,46.12426624315569],[-122.50568415815864,46.12419180559304],[-122.50579082746013,46.12445173843847],[-122.50877065684656,46.12385619905334],[-122.50887733770564,46.124116129233414],[-122.50924981395605,46.12404168194979],[-122.50935649699153,46.124301611891426],[-122.50972897374581,46.12422716325805],[-122.50994234500592,46.1247470227724],[-122.51031482360416,46.124672572442506],[-122.51042151182882,46.12493250201526],[-122.51079399093089,46.124858050335604],[-122.5110073725695,46.125377909112395],[-122.5113798535155,46.125303455736145],[-122.51148654692949,46.12556338494015],[-122.5118590283793,46.12548893021408],[-122.51196572396981,46.12574885917955],[-122.51233820592338,46.12567440310362],[-122.5125516022939,46.12619426066584],[-122.51292408609136,46.126119802893264],[-122.51313748848789,46.1266396601949],[-122.51350997412922,46.12656520072566],[-122.51361667792231,46.12682512919209],[-122.51398916406734,46.12675066837297],[-122.5140958700371,46.12701059660085],[-122.51446835668582,46.12693613443194],[-122.51468177381506,46.127455990518804],[-122.51505426230761,46.12738152665316],[-122.51526768546327,46.1279013824795],[-122.51564017579963,46.12782691691707],[-122.51585360498179,46.128346772482914],[-122.51622609716198,46.12827230522374],[-122.51633281434809,46.128532232822195],[-122.51670530703191,46.1284577642131],[-122.51691874659426,46.12897761904126],[-122.51729124112184,46.1289031487353],[-122.51739796349813,46.12916307596496],[-122.51814295272378,46.1290141316501],[-122.51824967861708,46.12927405829423],[-122.51936716020118,46.1290506332583],[-122.51947389095167,46.12931055897003],[-122.5220813280779,46.12878919635113],[-122.52218806904601,46.129049119742646],[-122.52293304623163,46.12890014927328],[-122.52303979071672,46.12916007207914],[-122.52341227939445,46.12908558499291],[-122.52351902605643,46.129345507560124],[-122.52389151523745,46.129271019123934],[-122.52399826407631,46.12953094145244],[-122.52548821779246,46.12923297628964],[-122.52538146359332,46.12897305534906],[-122.52612643275017,46.128824067443574],[-122.52601967670782,46.12856414730522],[-122.52825455605335,46.12811716159903],[-122.52814779280793,46.127857243650894],[-122.52852026842977,46.127782742869805],[-122.52841350468128,46.12752282537682],[-122.53139326880742,46.12692678579792],[-122.5312864951767,46.126666871189215],[-122.53650093474484,46.12562365233533],[-122.53639414319414,46.125363742693416],[-122.53713904706035,46.125214696076526],[-122.53724584129044,46.12547460502433],[-122.53799074448766,46.12532555370187],[-122.53809754223424,46.125585462063576],[-122.5392148947707,46.125361876517296],[-122.53932169737342,46.12562178394576],[-122.54192883336869,46.12510004680857],[-122.54203564618604,46.12535995191529],[-122.54240809217616,46.12528541368009],[-122.54251490717033,46.125545318547736],[-122.54288735366279,46.12547077896257],[-122.54320780768768,46.126250493172215],[-122.54358025736173,46.1261759515428],[-122.5436870783842,46.12643585614822],[-122.54405952856057,46.1263613131688],[-122.54427317579668,46.12688112200953],[-122.54464562781496,46.126806577332964],[-122.54485928107965,46.12732638591151],[-122.54523173493986,46.12725183953775],[-122.54533856416786,46.12751174364195],[-122.54571101853034,46.12743719591813],[-122.54581784993536,46.127697099783155],[-122.54619030480006,46.12762255070937],[-122.54629713838212,46.127882454335236],[-122.54666959374904,46.127807903911375],[-122.54677642950814,46.12806780729814],[-122.5471488853773,46.12799325552419],[-122.54704204827857,46.12773335248463],[-122.55188388095308,46.12676409268191],[-122.55220444700467,46.12754378858193],[-122.55257689382792,46.12746922207422],[-122.55268375219308,46.127729120576305],[-122.55305619951824,46.127654552718525],[-122.55326992144039,46.12817434935217],[-122.55364237060697,46.12809977979705],[-122.55385609855867,46.12861957616813],[-122.55422854956666,46.128545004915615],[-122.55444228354797,46.12906480102424],[-122.55481473639738,46.12899022807426],[-122.55513534767054,46.12976992200555],[-122.55550780370088,46.129695347010774],[-122.55561467714021,46.12995524485662],[-122.5559871336724,46.1298806685117],[-122.55609400928901,46.13014056611827],[-122.55646646632299,46.130065988423205],[-122.5565733441169,46.13032588579047],[-122.55694580165266,46.1302513067452],[-122.55705268162392,46.13051120387317],[-122.55742513966145,46.13043662347778],[-122.55753202181003,46.13069652036639],[-122.5579044803493,46.13062193862082],[-122.55811824983898,46.13114173202759],[-122.55849071021953,46.13106714858437],[-122.55859759756066,46.131327045102466],[-122.55897005844292,46.13125246030911],[-122.55918383831786,46.1317722529747],[-122.5595563010414,46.1316976664837],[-122.55966319357522,46.131957562631236],[-122.56078058073712,46.13173379609918],[-122.56088747812747,46.13199369131243],[-122.56200486176668,46.13176991471294],[-122.5621117640136,46.132029808992016],[-122.56248422489028,46.131955214439174],[-122.56259112931468,46.13221510847877],[-122.56333605123316,46.132065915669784],[-122.56344295917457,46.13232580912259],[-122.56418788042005,46.13217661160758],[-122.5642947918785,46.132436504473475],[-122.56503971245087,46.13228730225239],[-122.56514662742632,46.13254719453134],[-122.56589154732545,46.13239798760422],[-122.56599846581794,46.132657879296254],[-122.56711584339936,46.132434060342284],[-122.56722276674837,46.132693951099846],[-122.56834014080512,46.13247012207852],[-122.56823321343781,46.132210232363626],[-122.56860566844101,46.13213562103189],[-122.56849874057244,46.13187573177255],[-122.56924364538558,46.13172650679594],[-122.56913671567635,46.13146661833971],[-122.57025406259181,46.13124277439706],[-122.57014712970265,46.13098288709136],[-122.57089202077678,46.13083365347778],[-122.57078508604712,46.130573766975225],[-122.57227485277996,46.130275289105896],[-122.57216791353133,46.13001540410144],[-122.57440253044885,46.129567659302566],[-122.57450947773295,46.12982754222161],[-122.57525434601132,46.12967828523891],[-122.57514739604883,46.129418403014945],[-122.57551982759142,46.12934377336722],[-122.57541287712802,46.12908389159871],[-122.57578530649317,46.12900926129589],[-122.57557140540281,46.12848949877778],[-122.5759438312514,46.12841486816748],[-122.57583688062448,46.128154987417744],[-122.57620930429566,46.12808035615246],[-122.57631625626172,46.128340236554536],[-122.57706110376755,46.12819097032075],[-122.5771680592501,46.12845085013564],[-122.577912906081,46.12830157919632],[-122.57801986508008,46.12856145842377],[-122.57913713305628,46.128337543452425],[-122.57924409691097,46.12859742174497],[-122.57961651923208,46.12852278106844],[-122.57972348526421,46.12878265912123],[-122.58046833006946,46.12863337406497],[-122.58057529961812,46.12889325153036],[-122.58094772210224,46.12881860715073],[-122.58105469382836,46.12907848437635],[-122.58179953895947,46.128929191914025],[-122.58190651420215,46.1291890685522],[-122.58302377962762,46.128965121296375],[-122.58313075972589,46.12922499699944],[-122.58350318119645,46.129150345561285],[-122.58361016347224,46.129410221024514],[-122.58435500657596,46.12926091444523],[-122.58446199236835,46.12952078932097],[-122.58483441400145,46.12944613417971],[-122.58494140197135,46.129706008815624],[-122.58531382410494,46.129631352324104],[-122.58563479706314,46.1304109758357],[-122.58600722237524,46.13033631729852],[-122.5861142163775,46.130596191670364],[-122.58648664219005,46.13052153178295],[-122.58659363836995,46.13078140591491],[-122.58696606468294,46.130706744677155],[-122.58707306304049,46.13096661856925],[-122.58744548985388,46.13089195598121],[-122.58755249038911,46.13115182963347],[-122.58792491770286,46.13107716569506],[-122.58803192041579,46.131337039107386],[-122.58840434822993,46.13126237381866],[-122.58851135312057,46.13152224699114],[-122.58888378143506,46.13144758035207],[-122.58899078850344,46.13170745328466],[-122.58936321731822,46.131632785295245],[-122.58947022656434,46.13189265798797],[-122.58984265587945,46.131817988648166],[-122.59005667956599,46.1323377336616],[-122.59042911072041,46.13226306262373],[-122.59053612516085,46.13252293494443],[-122.59090855681555,46.13244826255613],[-122.59101557343378,46.13270813463698],[-122.59138800558871,46.1326334608983],[-122.59160204401972,46.133153204687964],[-122.59197447801394,46.1330785292511],[-122.59218852247832,46.133598272776716],[-122.5925609583118,46.133523595641584],[-122.5926679831413,46.13378346721841],[-122.59304041947496,46.13370878873288],[-122.5931474464824,46.133968660069804],[-122.59351988331622,46.1338939802338],[-122.59362691250159,46.13415385133074],[-122.59437178633064,46.134004487955366],[-122.59447881903301,46.13426435846451],[-122.59522369218439,46.13411499038304],[-122.59533072840381,46.134374860304355],[-122.59644803585583,46.13415079961923],[-122.59655507693122,46.13441066860477],[-122.59692751240962,46.134335979356756],[-122.59703455566304,46.13459584810225],[-122.5974069916414,46.13452115750374],[-122.59762108334333,46.135040894622676],[-122.59799352116072,46.13496620232574],[-122.59810056960923,46.13522607069914],[-122.59847300792656,46.13515137705176],[-122.59858005855317,46.135411245185175],[-122.59895249737045,46.13533655018727],[-122.59916660381893,46.13585628608194],[-122.59953904447514,46.1357815893856],[-122.59964610029704,46.13604145714682],[-122.60001854145318,46.13596675909996],[-122.60012559945324,46.136226626621195],[-122.60049804110925,46.13615192722379],[-122.60060510128747,46.13641179450492],[-122.60097754344334,46.136337093757064],[-122.60108460579971,46.13659696079812],[-122.60145704845544,46.13652225869966],[-122.60156411299003,46.136782125500794],[-122.60193655614556,46.136707422051735],[-122.60182949027195,46.13644755559863],[-122.6022019312493,46.13637285149504],[-122.60209486487591,46.13611298549787],[-122.60246730367506,46.136038280739704],[-122.60236023680186,46.13577841519838],[-122.60273267342286,46.135703709785695],[-122.60262560604988,46.13544384470027],[-122.60299804049274,46.135369138632996],[-122.60289097262005,46.13510927400343],[-122.60587040723973,46.13451159215817],[-122.60597748582357,46.13477145400379],[-122.61007413544912,46.133949532877374],[-122.60996704213844,46.133689674860065],[-122.61220152745874,46.13324130520821],[-122.61209442695514,46.13298144938698],[-122.61283924600274,46.13283198551294],[-122.61273214366119,46.13257213049554],[-122.62055251282032,46.13100252504914],[-122.62044538320869,46.13074267744934],[-122.62081777116684,46.13066792365497],[-122.62092490211693,46.130927770906666],[-122.62129729057395,46.13085301576184],[-122.62140442370206,46.13111286277291],[-122.62214920077412,46.13096334878001],[-122.62236347490295,46.13148304173252],[-122.62273586485641,46.13140828253629],[-122.62284300451873,46.131668128825794],[-122.62358778458349,46.13151860672997],[-122.62369492776234,46.13177845243072],[-122.62406731787362,46.13170368953118],[-122.62417446323059,46.13196353499141],[-122.62491924361089,46.13181400548893],[-122.6250263924844,46.132073850360456],[-122.62539878275336,46.13199908375753],[-122.62550593380502,46.13225892838842],[-122.6262507145005,46.132109391479275],[-122.62646502447673,46.13262907967109],[-122.62683741624163,46.13255430901656],[-122.62726605162537,46.133593685298955],[-122.62763844790413,46.13351891224924],[-122.62785277331189,46.13403860033973],[-122.62822517142763,46.133963825591174],[-122.62833233672976,46.134223669449675],[-122.62870473534409,46.1341488933505],[-122.62881190282451,46.13440873696837],[-122.62918430193737,46.134333959518585],[-122.62929147159616,46.134593802895836],[-122.63003626997902,46.13444424429276],[-122.63014344315458,46.13470408708113],[-122.63051584242451,46.134629305927795],[-122.63062301777846,46.134889148475565],[-122.63248500822067,46.13451522593272],[-122.63259219110662,46.13477506684653],[-122.63445416724046,46.134401117504424],[-122.6343469776627,46.13414127833225],[-122.63509175955922,46.133991692275984],[-122.63498456814484,46.133731853908074],[-122.63684650149338,46.13335787296946],[-122.63673930422767,46.13309803645084],[-122.63711168703885,46.1330232376047],[-122.63700448927503,46.132763401542014],[-122.63737686990787,46.13268860204191],[-122.6372696716459,46.13242876643511],[-122.63764205010045,46.13235396628119],[-122.63753485134036,46.13209413113025],[-122.6379072276166,46.132019330322386],[-122.63780002835841,46.13175949562736],[-122.6381724024564,46.13168469416559],[-122.63795800378396,46.1311650257947],[-122.63833037436552,46.13109022402746],[-122.63822317495129,46.13083039035158],[-122.63859554335465,46.130755587930445],[-122.63848834344238,46.13049575471037],[-122.63886070966753,46.130420951635365],[-122.63875350925721,46.1301611188711],[-122.6391258733042,46.13008631514226],[-122.63901867239586,46.129826482833785],[-122.63976339529344,46.12967687306614],[-122.63954899064477,46.129157210164834],[-122.63992134815733,46.12908240447438],[-122.63981414575505,46.1288225735332],[-122.64018650108952,46.128747767188926],[-122.63997209612918,46.12822810632538],[-122.64034444794756,46.12815329967563],[-122.64023724538951,46.12789346975329],[-122.6439607039888,46.12714535162121],[-122.64417513670375,46.12766500460667],[-122.6445474806188,46.127590186585074],[-122.64508358379875,46.1288893191855],[-122.64545593356316,46.128814498419956],[-122.64556315805771,46.129074324913724],[-122.64854193662708,46.12847571992628],[-122.64864917266505,46.12873554374022],[-122.6508832293264,46.128286545821005],[-122.65077598526146,46.1280267240977],[-122.65338233709846,46.12750285003686],[-122.65348959052777,46.12776266932104],[-122.65460658986495,46.12753813579029],[-122.65471384814786,46.127797954136305],[-122.6554585128458,46.12764825940867],[-122.6555657746446,46.12790807716502],[-122.65593810707057,46.12783322794965],[-122.65604537104757,46.1280930454648],[-122.6564177039707,46.12801819489888],[-122.65652497012591,46.12827801217276],[-122.65689730354626,46.12820316025634],[-122.65679003605335,46.12794334333103],[-122.65753469769703,46.12779363718909],[-122.6574274283693,46.127533821067956],[-122.65779975659267,46.12745896684248],[-122.65769248676783,46.12719915117715],[-122.65806481281302,46.12712429629823],[-122.65795754249108,46.126864481088575],[-122.6583298663581,46.126789625556135],[-122.65822259553906,46.1265298108022],[-122.65859491722794,46.12645495461625],[-122.65848764591185,46.1261951403181],[-122.65885996542261,46.12612028347864],[-122.65875269360949,46.12586046963621],[-122.65949732743427,46.12571075364844],[-122.65939005378655,46.12545094061013],[-122.65976236810056,46.12537608146175],[-122.65965509395586,46.12511626887914],[-122.66226126125592,46.12459222922562],[-122.66215397858934,46.12433241918969],[-122.66252628350388,46.1242575527228],[-122.66241900034048,46.123997743142525],[-122.66390820624292,46.12369826864984],[-122.664015494756,46.12395807683602],[-122.66513239436851,46.123733459400896],[-122.66502510184333,46.12347365226033],[-122.6653973986955,46.12339877812673],[-122.66550469255809,46.12365858491875],[-122.66699387690953,46.12335907697113],[-122.66710117696216,46.12361888247601],[-122.66821806041041,46.12339423994989],[-122.66811075634587,46.12313443549066],[-122.66848304780987,46.12305955299345],[-122.66837574324877,46.122799748989905],[-122.66912032098004,46.12264998168705],[-122.66901301458513,46.1223901784876],[-122.66938530085243,46.12231529368197],[-122.66927799396102,46.12205549093812],[-122.67039484370675,46.121830831555926],[-122.67028753364445,46.121571029964784],[-122.67065981387434,46.121496141848915],[-122.67055250331558,46.12123634071338],[-122.67129705857879,46.121086562173375],[-122.67118974618644,46.12082676184188],[-122.67108243463487,46.12056696161733],[-122.67071016009797,46.12064185069107],[-122.67060285072428,46.120382050224926],[-122.67023057668376,46.12045693794833],[-122.66990865761835,46.11967753614573],[-122.66953638674856,46.11975242182166],[-122.66749776709743,46.1148162261222],[-122.66712552079098,46.11489110417507],[-122.66701823476235,46.11463130512128],[-122.66664598895241,46.114706181823934],[-122.66653870510122,46.11444638252856],[-122.66616645978776,46.114521257880995],[-122.66605917811401,46.11426145834399],[-122.6656869332971,46.11433633234629],[-122.66547237514483,46.113816732895756],[-122.66510013216146,46.113891605199555],[-122.66445648589593,46.11233280731985],[-122.66817879769634,46.11158406010861],[-122.66807151289134,46.111324264319514],[-122.66844373811234,46.11124938443748],[-122.66833645281093,46.11098958910342],[-122.6687086758547,46.11091470856806],[-122.66849410509957,46.110395118916806],[-122.66886632462936,46.110320238076596],[-122.66875903917568,46.11006044375937],[-122.66913125652827,46.10998556226587],[-122.66902397057825,46.109725768403614],[-122.67051282623754,46.109426233806786],[-122.67062011753448,46.109686026275455],[-122.67322559193754,46.10916179972935],[-122.67311829128397,46.10890200969965],[-122.67423490655364,46.10867732720095],[-122.67412760273069,46.10841753832309],[-122.67449980480296,46.10834264250204],[-122.67439250048396,46.10808285407912],[-122.67476470037911,46.108007957604976],[-122.67465739556408,46.10774816963707],[-122.67502959328213,46.10767327250976],[-122.67492228797106,46.107413484996755],[-122.67603887207251,46.10718878865073],[-122.6758242559528,46.106669216034824],[-122.67619644629923,46.106594315946545],[-122.67608913816369,46.1063345301467],[-122.67646132633308,46.10625962940535],[-122.67635401770161,46.10599984406045],[-122.67747057315728,46.10577513687225],[-122.67736326135703,46.10551535267909],[-122.67810762478526,46.10536554357622],[-122.67800031115273,46.10510576018633],[-122.67837249026964,46.10503085448108],[-122.67826517614124,46.10477107154604],[-122.67863735308121,46.10469616518763],[-122.67874466854597,46.104955947774286],[-122.67986119833164,46.104731221644876],[-122.67996851864604,46.10499100329256],[-122.681457218604,46.104691353038746],[-122.68134989294425,46.104431572784804],[-122.68283857410697,46.10413190790112],[-122.68273124394275,46.103872129147476],[-122.68459206980012,46.10349752725236],[-122.68448473379541,46.10323775034742],[-122.68560121521305,46.10301297823853],[-122.68538653770862,46.10249342683841],[-122.68575869382744,46.10241850149617],[-122.68543667986745,46.10163917623859],[-122.68580883113722,46.10156425094042],[-122.68495015354378,46.09948605771615],[-122.68532229328432,46.09941113420419],[-122.68510762962008,46.09889158765718],[-122.68547976584794,46.09881666384068],[-122.6853724339407,46.09855689107483],[-122.68648883357278,46.09833211466249],[-122.686596169488,46.09859188638297],[-122.6903174603132,46.09784256310376],[-122.69021011103872,46.09758279486773],[-122.69058223416164,46.09750785738102],[-122.69047488439203,46.097248089599496],[-122.69121912544402,46.0970982123191],[-122.69111177384343,46.09683844534065],[-122.69185600886091,46.096688564752014],[-122.69196336313314,46.096948331033516],[-122.6956845011337,46.09619886452937],[-122.6954697667148,46.09567933904212],[-122.6958418732191,46.09560438758177],[-122.69562713949196,46.095084863215504],[-122.69599924248409,46.09500991145091],[-122.69589187554608,46.09475014977528],[-122.69626397636178,46.09467519735801],[-122.69615660892886,46.09441543613683],[-122.69652870756812,46.09434048306684],[-122.69642133964037,46.09408072230008],[-122.69679343610322,46.09400576857733],[-122.69668606768063,46.09374600826508],[-122.69705816196709,46.0936710538896],[-122.69695079304968,46.09341129403175],[-122.69769497642906,46.093261382974255],[-122.69758760568132,46.09300162391926],[-122.6983317830264,46.09285170955398],[-122.69736546009175,46.09051388909714],[-122.69699338385915,46.090588843644234],[-122.6967786573483,46.09006932845475],[-122.69640658294591,46.09014428130373],[-122.69629922228698,46.08988452351933],[-122.6959271483794,46.08995947501883],[-122.69581978989656,46.08969971699186],[-122.69544771648377,46.0897746671417],[-122.69534036017708,46.08951490887218],[-122.69496828725907,46.08958985767253],[-122.69475357983849,46.089070340754084],[-122.69438150875081,46.08914528785651],[-122.69416680736354,46.088625770664606],[-122.69379473810615,46.08870071606902],[-122.69358004275209,46.08818119860367],[-122.69320797532502,46.08825614231027],[-122.69256391744825,46.086697590362974],[-122.69293597686284,46.08662264874648],[-122.69261395526505,46.08584337524576],[-122.69298600983304,46.08576843367307],[-122.69277133029948,46.08524891923129],[-122.69314338135634,46.08517397735422],[-122.69282136435349,46.08439470752929],[-122.69319341056396,46.08431976569609],[-122.6928713971192,46.08354049786735],[-122.69324343848344,46.083465556077954],[-122.69302876438519,46.08294604541704],[-122.69340080223851,46.082871103323136],[-122.69318612883147,46.08235159378147],[-122.69355816317398,46.08227665138303],[-122.69269949247939,46.08019862022708],[-122.69307151530025,46.08012367961378],[-122.69296418390987,46.07986392654264],[-122.69370822436034,46.079714043009446],[-122.6936008911401,46.07945429074037],[-122.69397290876975,46.07937934782058],[-122.69386557505476,46.07911959600526],[-122.69423759050899,46.079044652432636],[-122.69273498803972,46.07540814297124],[-122.69310698396377,46.075333203272585],[-122.69235573514158,46.073514958729184],[-122.69198374856182,46.07358989599072],[-122.69187643199704,46.07333014684364],[-122.69299238521128,46.07310533310067],[-122.69288506548209,46.072845585103394],[-122.6936290274212,46.072695704966534],[-122.69352170586252,46.07243595777091],[-122.69426566177134,46.072286074326755],[-122.69415833838323,46.07202632793268],[-122.69490228826189,46.07187644118129],[-122.69479496304443,46.07161669558885],[-122.69553890689286,46.071466805530314],[-122.69543157984612,46.07120706073945],[-122.6961755176644,46.07105716737375],[-122.6959608607526,46.070537679500475],[-122.69670478987139,46.070387783524],[-122.69659746000643,46.07012804044153],[-122.69696942197088,46.07005309130019],[-122.69686209161146,46.06979334867111],[-122.69872188215768,46.06941858969275],[-122.69861454596541,46.069158848909666],[-122.69935845363327,46.06900893900903],[-122.69925111561206,46.06874919902742],[-122.69962306685107,46.068674242924],[-122.69951572833557,46.06841450339581],[-122.69988767739981,46.06833954663977],[-122.69978033839,46.06807980756482],[-122.70015228527951,46.068004850156264],[-122.70004494577542,46.067745111534634],[-122.70041689049022,46.067670153473344],[-122.70030955049184,46.067410415305055],[-122.70105343473182,46.06726049687657],[-122.70094609290469,46.06700075950964],[-122.7013180324299,46.06692579914246],[-122.70121069010857,46.06666606222879],[-122.70158262745912,46.06659110120902],[-122.70147528464356,46.06633136474864],[-122.70296302030572,46.06603151205473],[-122.70285567299284,46.065771777092],[-122.70397146191371,46.0655468781085],[-122.70386411143805,46.06528714429532],[-122.70572373616241,46.064912294382886],[-122.7056163798555,46.06465256241559],[-122.70673214060373,46.064427641504416],[-122.70662478113434,46.064167910686706],[-122.7069966983689,46.0640929353965],[-122.70736861476313,46.06401795910554],[-122.70758333987918,46.06453741945339],[-122.7079552581015,46.064462441465466],[-122.70806262325429,46.064722171448636],[-122.7084345419705,46.06464719211191],[-122.70854190929786,46.06490692185187],[-122.7089138285079,46.064831941166226],[-122.7090211980099,46.065091670662966],[-122.7093931177138,46.06501668862845],[-122.70950048939041,46.065276417882025],[-122.71024432894538,46.06512645011465],[-122.71035170413087,46.06538617877671],[-122.71072362398192,46.065311193043804],[-122.71083100134207,46.065570921462616],[-122.71120292168688,46.06549593438081],[-122.71141768159703,46.06601539083702],[-122.71178960376979,46.06594040205809],[-122.71189698631981,46.066200130095424],[-122.71226890898627,46.066125139967504],[-122.71237629371107,46.06638486776164],[-122.71274821687123,46.06630987628482],[-122.71285560377075,46.06656960383567],[-122.7132275274246,46.0664946110099],[-122.7133349164989,46.06675433831747],[-122.7140787639533,46.06660434896742],[-122.71418615653661,46.066864075683434],[-122.7149300032971,46.0667140816342],[-122.7150373993894,46.066973807758586],[-122.7154093228429,46.06689880888474],[-122.71551672111002,46.0671585347658],[-122.71626056816358,46.067008533319424],[-122.7163679699397,46.067268258608884],[-122.71711181629898,46.06711825246333],[-122.71732662771001,46.067637701963925],[-122.71881432101358,46.06733767487837],[-122.71870690955109,46.067077951468995],[-122.71982266669869,46.06685292169332],[-122.7199300821636,46.06711264405765],[-122.72104583574678,46.06688760423142],[-122.72115325605478,46.067147325655604],[-122.72226900607315,46.06692227577876],[-122.72237643122419,46.06718199626269],[-122.72274834754941,46.06710697728747],[-122.72285577487537,46.06736669752804],[-122.72322769169384,46.067291677203805],[-122.72333512119474,46.06755139720089],[-122.72370703850639,46.0674763755277],[-122.72381447018223,46.067736095281255],[-122.72418638798707,46.06766107225909],[-122.72429382183788,46.06792079176921],[-122.7246657401359,46.06784576739799],[-122.72488061302836,46.068365206036354],[-122.72525253315364,46.068290179967654],[-122.72546741207798,46.06880961832902],[-122.72583933403047,46.06873459056279],[-122.72594677608814,46.068994309552515],[-122.72631869853375,46.06891928043724],[-122.72642614276648,46.06917899918345],[-122.72716998780285,46.06902893725413],[-122.72727743554479,46.06928865540845],[-122.72802127988524,46.06913858877973],[-122.72812873113632,46.069398306342066],[-122.72924449534133,46.06917319784917],[-122.72935195143563,46.06943291447094],[-122.7297238724892,46.069357875956975],[-122.72983133075863,46.069617592335156],[-122.73057517301055,46.0694675116085],[-122.73068263478918,46.069727227394644],[-122.73105455598747,46.06965218518189],[-122.73116201994125,46.06991190072442],[-122.73190586248249,46.06976181260018],[-122.73201332994547,46.07002152755068],[-122.73238525128839,46.069946481639136],[-122.73249272092654,46.07020619634603],[-122.73286464276227,46.07013114908538],[-122.73307958723022,46.070650578116904],[-122.73345151089279,46.07057552915854],[-122.73355898572262,46.07083524348323],[-122.73430283319212,46.07068514186767],[-122.73441031153122,46.07094485560014],[-122.7347822353381,46.070869802942916],[-122.73488971585247,46.071129516431824],[-122.7356335636104,46.07097940741845],[-122.73574104763411,46.071239120315134],[-122.7361129715851,46.07116406395898],[-122.73622045778411,46.07142377661202],[-122.73659238222783,46.07134871890666],[-122.73669987060217,46.07160843131611],[-122.7370717955385,46.07153337226159],[-122.73717928608819,46.07179308442738],[-122.73755121151717,46.07171802402368],[-122.73765870424224,46.071977735945815],[-122.73803063016385,46.07190267419292],[-122.73824562080611,46.07242209765479],[-122.73861754855434,46.07234703420407],[-122.73894004483036,46.07312616913851],[-122.73968390580654,46.07297603714324],[-122.73979140891615,46.07323574830068],[-122.74016333947606,46.07316068045352],[-122.74027084476113,46.07342039136738],[-122.74064277581355,46.073345322170965],[-122.74085779157625,46.07386474361623],[-122.7412297244552,46.07378967272186],[-122.74133723493283,46.07404938325327],[-122.74170916830425,46.07397431100962],[-122.74181668095744,46.074234021297386],[-122.74218861482134,46.07415894770443],[-122.74240364532044,46.07467836789758],[-122.74277558101078,46.074603292606604],[-122.74288309885672,46.07486300251202],[-122.74325503503951,46.0747879258717],[-122.74336255506107,46.075047635533444],[-122.74373449173628,46.07497255754375],[-122.74384201393347,46.07523226696174],[-122.74421395110106,46.0751571876228],[-122.74432147547391,46.075416896797094],[-122.74469341313386,46.0753418161088],[-122.74490846707262,46.07586123407495],[-122.74528040655892,46.075786151688526],[-122.7456029977818,46.076565278379256],[-122.7459749404285,46.07649019394592],[-122.74608247385362,46.07674990270413],[-122.74645441699262,46.07667481692143],[-122.74666948903612,46.07719423405547],[-122.74704143400147,46.077119146574574],[-122.74714897261993,46.07737885495035],[-122.74752091807756,46.07730376612001],[-122.74762845887184,46.07756347425211],[-122.7480004048217,46.07748838407233],[-122.74810794779182,46.07774809196066],[-122.74922378459259,46.07752281437137],[-122.74933133240667,46.07778252131823],[-122.74970327765728,46.077707426438465],[-122.74981082764721,46.07796713314155],[-122.75018277338997,46.077892036912374],[-122.75029032555582,46.07815174337164],[-122.7506622717907,46.07807664579295],[-122.75076982613247,46.078336352008485],[-122.75114177285947,46.07826125308035],[-122.7512493293772,46.078520959052064],[-122.75236516850867,46.078295655217794],[-122.75247272987033,46.07855536024783],[-122.7535885654262,46.07833004636194],[-122.75369613163181,46.07858975045027],[-122.7540680764671,46.078514643471635],[-122.7541756448487,46.0787743473161],[-122.75454759017596,46.078699238988],[-122.75497787745859,46.079738054021085],[-122.75534982727976,46.079662943296576],[-122.75545740253955,46.07992264696858],[-122.75582935285264,46.07984753489461],[-122.75615208768662,46.080626645494455],[-122.75578013337147,46.0807017586154],[-122.75642561777254,46.08225998474743],[-122.75679758009198,46.08218486953255],[-122.75712033766393,46.08296398297113],[-122.75749230314345,46.08288886570859],[-122.75770748173731,46.083408274495476],[-122.75807944904278,46.08333315553425],[-122.75818704093716,46.08359285973641],[-122.7585590087345,46.08351773942551],[-122.76004687150117,46.083217248176176],[-122.7599392729364,46.082957545719275],[-122.76179907577296,46.08258191089025],[-122.76190668100786,46.08284161160177],[-122.76339451345117,46.08254108433228],[-122.7635021248644,46.08280078375262],[-122.76387408220329,46.082725649084786],[-122.76398169579286,46.082985348261104],[-122.76435365362333,46.08291021224364],[-122.76446126938927,46.083169911175986],[-122.76483322771132,46.083094773808824],[-122.76515608406565,46.08387387018929],[-122.76552804554717,46.08379873077424],[-122.76563566735084,46.084058429428886],[-122.7660076293239,46.083983288664164],[-122.76611525330404,46.084242987074795],[-122.76648721576858,46.08416784496036],[-122.76659484192518,46.084427543127],[-122.76771072826573,46.084202109733035],[-122.76781835926677,46.08446180695731],[-122.77190989231163,46.083635136965356],[-122.77201753882834,46.08389483045359],[-122.77276144564115,46.0837445131137],[-122.77286909566826,46.084004206008615],[-122.77324104914452,46.08392904548875],[-122.77334870134817,46.08418873813954],[-122.77558041251211,46.08373775191479],[-122.7754727523055,46.083478061359465],[-122.77696053755825,46.08317738526403],[-122.77706820309997,46.08343707442228],[-122.77781209333729,46.08328672967336],[-122.77770442512808,46.08302704121367],[-122.77807636764881,46.082951867687775],[-122.77796869894865,46.08269217968238],[-122.77834063929286,46.082617005505405],[-122.7782329701018,46.08235731795421],[-122.77860490826953,46.082282143126115],[-122.77849723858753,46.082022456029286],[-122.77886917457879,46.08194728055001],[-122.77865383507581,46.08142790736981],[-122.77902576755699,46.08135273158861],[-122.778918097736,46.08109304550524],[-122.77929002804072,46.08101786907295],[-122.77896701963354,46.08023881250044],[-122.77933894509468,46.08016363611542],[-122.77912360770313,46.079644266290266],[-122.77949552965434,46.07956908960346],[-122.77938786088912,46.079309405197506],[-122.7805036176856,46.07908387018247],[-122.78061129045146,46.079343553540724],[-122.78098320903162,46.07926837285242],[-122.78087553493222,46.07900868984347],[-122.7860822878903,46.07795606006181],[-122.78618998065808,46.078215738180944],[-122.7876775993508,46.07791494940642],[-122.78778529829498,46.0781746262331],[-122.78890100746376,46.07794902310127],[-122.78900871125091,46.078208698984824],[-122.78938061395459,46.07813349559097],[-122.7892729088341,46.07787382005679],[-122.78964480936143,46.077798616011975],[-122.78975251581527,46.07805829119688],[-122.79086821633929,46.077832672012896],[-122.79097592763605,46.078092346254536],[-122.79395110260589,46.077490648291345],[-122.79405882541181,46.07775031984279],[-122.79443071982243,46.07767510274693],[-122.7945384448047,46.07793477405371],[-122.79528223376295,46.07778433616251],[-122.79538996225482,46.078044006875295],[-122.79613375050691,46.07789356428435],[-122.79624148250838,46.07815323440303],[-122.79698527005417,46.07800278711239],[-122.79687753538632,46.077743117692556],[-122.79724942656127,46.077667892896336],[-122.7970339570888,46.07714855506972],[-122.7974058447542,46.07707332997209],[-122.79729810994958,46.076813661565254],[-122.79766999543867,46.076738435816935],[-122.79745452569271,46.076219100016154],[-122.79931392715922,46.075842959765616],[-122.79942166827605,46.07610262586657],[-122.79979354737284,46.07602739446656],[-122.79968580492292,46.07576772871499],[-122.80228892565832,46.07524108335643],[-122.8023966774394,46.07550074666187],[-122.80276854979012,46.075425507260654],[-122.8028763037475,46.07568517032133],[-122.8032481765879,46.0756099295705],[-122.80335593272159,46.07586959238628],[-122.80372780605164,46.075794350285825],[-122.80383556436163,46.076054012856865],[-122.80420743818134,46.07597876940682],[-122.80431519866768,46.07623843173293],[-122.80468707297705,46.07616318693328],[-122.8047948356397,46.07642284901451],[-122.80665420120064,46.076046608266864],[-122.80654643187317,46.07578694793311],[-122.80803390380873,46.075485938730885],[-122.80792612999302,46.07522627989975],[-122.80941358310201,46.07492525609412],[-122.80930580479829,46.07466559876558],[-122.81265251295454,46.073988239844645],[-122.81254472349914,46.073728585766425],[-122.81366027370302,46.073502782507276],[-122.81355248109298,46.073243129582224],[-122.81392432814116,46.073167860178664],[-122.81381653504197,46.07290820770768],[-122.81418837991389,46.072832937653644],[-122.81408058632556,46.07257328563662],[-122.81445242902124,46.072498014932115],[-122.8143446349438,46.07223836336913],[-122.8147164754633,46.07216309201415],[-122.81460868089675,46.07190344090514],[-122.81498051924007,46.07182816889974],[-122.81476492997231,46.07130886769405],[-122.81550859879788,46.071158322081445],[-122.81540080276413,46.07089867233428],[-122.81577263457902,46.07082339837761],[-122.81523366040025,46.069525152955144],[-122.81560548470887,46.06944987974611],[-122.81549769107113,46.06919023132427],[-122.81624133449287,46.06903968260537],[-122.81613353903361,46.068780034986915],[-122.81650535814673,46.06870475947704],[-122.8163975621985,46.068445112312396],[-122.81676937913568,46.06836983615217],[-122.81666158269847,46.06811018944131],[-122.81703339745968,46.06803491263069],[-122.81692560053358,46.06777526637365],[-122.8195282709165,46.067248303148496],[-122.81942046550716,46.066988659442316],[-122.81979227085536,46.066913375331595],[-122.81968446495722,46.066653732079224],[-122.82005626812952,46.06657844731813],[-122.81994846174261,46.066318804519504],[-122.82143566066698,46.06601765687452],[-122.8215434723831,46.06627729827503],[-122.82303066313925,46.065976133234216],[-122.82281502989254,46.06545685333383],[-122.8231868228081,46.06538156027316],[-122.82307900611792,46.06512192082877],[-122.82345079685764,46.065046627117816],[-122.82334297967886,46.064786988127125],[-122.82408655596306,46.0646363984048],[-122.82397873696355,46.064376760217364],[-122.82472230720894,46.064226167194896],[-122.82461448638877,46.063966529810685],[-122.82572983143325,46.06374063382717],[-122.82562200746032,46.06348099759574],[-122.82710911704694,46.063179790352315],[-122.82700128858933,46.062920155623196],[-122.8277448356566,46.062769546701986],[-122.82763700537853,46.06250991277601],[-122.82800877631463,46.06243460716536],[-122.82790094554824,46.06217497369299],[-122.82938801552787,46.06187374265119],[-122.8292801802772,46.06161411068112],[-122.82965194433089,46.06153880077092],[-122.82954410859195,46.06127916925443],[-122.82991587047005,46.06120385869405],[-122.82980803424287,46.06094422763119],[-122.83017979394533,46.06086891642061],[-122.8300719572299,46.06060928581123],[-122.83044371475678,46.060533973950605],[-122.83033587755315,46.06027434379475],[-122.83070763290445,46.06019903128398],[-122.8305997952126,46.059939401581644],[-122.83097154838833,46.05986408842073],[-122.83086371020832,46.059604459171915],[-122.83123546120851,46.05952914536087],[-122.83112762254035,46.05926951656554],[-122.83149937136498,46.05919420210438],[-122.8313915322087,46.05893457376259],[-122.83176327885785,46.058859258651275],[-122.8316554392134,46.0585996307629],[-122.83202718368707,46.05852431500151],[-122.83191934355453,46.058264687566634],[-122.83229108585273,46.05818937115512],[-122.83218324523209,46.05792974417363],[-122.83255498535486,46.05785442711209],[-122.83244714424612,46.057594800584],[-122.83281888219346,46.05751948287229],[-122.83249535993413,46.056740604960034],[-122.83323882530748,46.05658996863501],[-122.83334666788035,46.05684959380283],[-122.83483359382963,46.05654830775919],[-122.8349414425729,46.05680793163265],[-122.8356849031486,46.05665728191412],[-122.83579275539891,46.05691690519223],[-122.83653621526292,46.05676625077611],[-122.83664407102029,46.05702587345894],[-122.8373875301725,46.05687521434525],[-122.83749538943692,46.05713483643271],[-122.83786711907898,46.0570595050269],[-122.83797498051882,46.05731912686857],[-122.83834671064871,46.05724379411357],[-122.83845457426399,46.057503415709505],[-122.83919803465545,46.05735274650143],[-122.83930590177785,46.057612367501925],[-122.84004936145712,46.057461693596345],[-122.84015723208663,46.0577213140014],[-122.840528961992,46.05764597519959],[-122.84063683479702,46.05790559535882],[-122.84100856519012,46.05783025520784],[-122.84122431599513,46.0583494951385],[-122.8415960482075,46.05827415328854],[-122.84170392620753,46.05853377305998],[-122.84244739076368,46.05838308566211],[-122.84255527227087,46.058642704838],[-122.84329873611429,46.05849201274242],[-122.84340662112866,46.058751631322835],[-122.84377835311597,46.05867628342595],[-122.84388624030596,46.058935901760506],[-122.84462970441164,46.058785202268695],[-122.84473759510882,46.05904482000765],[-122.84510932722719,46.05896946841271],[-122.84521722010001,46.059229085905734],[-122.84596068446768,46.05907837901774],[-122.84617647807188,46.059597612916434],[-122.84654821165272,46.05952225727366],[-122.84665611105255,46.059781874029056],[-122.84702784512082,46.0597065170369],[-122.84713574669637,46.05996613354633],[-122.84825094783103,46.05974005552338],[-122.84835885424542,46.059999671087446],[-122.84873058760022,46.05992430939758],[-122.84883849619033,46.06018392471566],[-122.84921023003244,46.06010856167646],[-122.84931814079835,46.060368176748604],[-122.8496898751278,46.060292812360075],[-122.84990570185533,46.06081204211627],[-122.8502774380037,46.06073667602862],[-122.85049327077134,46.06125590550057],[-122.85086500873854,46.061180537713746],[-122.85108084754647,46.06169976690149],[-122.85293953803345,46.06132290947597],[-122.85304746536164,46.06158252247647],[-122.85379093830915,46.061431771809744],[-122.85368300831792,46.06117215950889],[-122.85405474219363,46.061096783026045],[-122.85394681171523,46.06083717117886],[-122.85431854341509,46.06076179404639],[-122.85421061244959,46.060502182652854],[-122.85458234197358,46.06042680487065],[-122.85447441052098,46.06016719393076],[-122.85484613786915,46.06009181549888],[-122.85473820592946,46.05983220501257],[-122.85882713638412,46.0590029801432],[-122.8589350829691,46.05926258678105],[-122.86079366060049,46.05888562465751],[-122.86068570735898,46.05862601976908],[-122.86105741902053,46.058550624695876],[-122.86094946529222,46.05829102026103],[-122.861321174778,46.05821562453826],[-122.86121322056292,46.05795602055695],[-122.86232833995948,46.057729828441786],[-122.86222038259523,46.05747022561381],[-122.86259208604051,46.05739482659313],[-122.86248412818955,46.05713522421869],[-122.86359922946478,46.05690902220994],[-122.8634912684648,46.05664942098879],[-122.86386296586967,46.05657401867027],[-122.86332316688183,46.05527601586803],[-122.8636948567866,46.05520061429953],[-122.86347894044069,46.054681414603465],[-122.8638506268388,46.054606012735356],[-122.8637426686015,46.05434641339252],[-122.86448603620217,46.05419560735793],[-122.86405420104931,46.0531572138208],[-122.86368252299532,46.053232615938335],[-122.86325070667756,46.05219422265798],[-122.86362237940759,46.052118821939814],[-122.86319057127643,46.051080431714496],[-122.86244723561965,46.05123122935309],[-122.86147574067553,46.04889485110131],[-122.86184739694787,46.04881945592972],[-122.86012044238082,46.044665920865526],[-122.86086370980736,46.04451513871549],[-122.86075577966092,46.044255544351586],[-122.86112741077729,46.04418015212744],[-122.8610194801443,46.04392055821645],[-122.86176273718326,46.04376977146981],[-122.86165480473302,46.04351017836142],[-122.86239805573409,46.04335938831738],[-122.86207425546434,46.04258061170975],[-122.86244587570677,46.04250521623799],[-122.86147450850392,46.04016889513427],[-122.86221772250639,46.040018107486986],[-122.86232565148035,46.040277697608815],[-122.86344047014506,46.040051507595294],[-122.86354840395461,46.040311096771305],[-122.8639200098185,46.0402356977522],[-122.86402794580262,46.04049528668172],[-122.864771157659,46.04034448494675],[-122.86487909714826,46.04060407328002],[-122.865622308289,46.04045326684922],[-122.86573025128337,46.04071285458623],[-122.86647346170837,46.040562043459516],[-122.86658140820784,46.04082163060029],[-122.86769622150521,46.040595405367704],[-122.86780417284028,46.040854991562426],[-122.86966218476992,46.040477927777275],[-122.87041791432017,46.04229502178746],[-122.87078952348625,46.042219603584854],[-122.8710054564748,46.04273877353065],[-122.87063384464783,46.04281419243277],[-122.87074181107818,46.04307377791016],[-122.87037019707633,46.043149196162936],[-122.87058612980921,46.04366836812674],[-122.87095774647204,46.04359294917441],[-122.87160557291949,46.04515046544355],[-122.87197719672102,46.04507504339327],[-122.87219314828681,46.04559421560896],[-122.87182152182419,46.045669638358945],[-122.87214545151477,46.04644839850617],[-122.87251708196912,46.046372974706685],[-122.87262506155224,46.04663256127911],[-122.8722534297673,46.04670798542844],[-122.87257736959198,46.04748674681471],[-122.87332064030096,46.04733589541773],[-122.87353660972929,46.04785506879214],[-122.87279333369781,46.04800592158863],[-122.87290131701755,46.04826550913044],[-122.87215803494654,46.048416358629936],[-122.87226601644952,46.04867594697486],[-122.87189437281647,46.0487513705757],[-122.87200235383334,46.04901095937383],[-122.87163070802508,46.049086382325264],[-122.87184666993109,46.049605560931305],[-122.87147502061681,46.049680983583265],[-122.87169098323963,46.050200163302414],[-122.8720626352154,46.05012473995067],[-122.8721706191244,46.05038432961542],[-122.87179896581792,46.050459753317064],[-122.87201493350828,46.050978933656474],[-122.87164327669566,46.05105435705864],[-122.87175126047698,46.051313947733355],[-122.87137960148897,46.051389370486284],[-122.87159556892384,46.05190855284561],[-122.87122390642958,46.051983975299024],[-122.87154785992412,46.05276275066346],[-122.8711761925927,46.05283817316742],[-122.87128417744928,46.05309776551237],[-122.87091250794235,46.05317318736695],[-122.87102049231272,46.05343278016532],[-122.87064882063024,46.05350820137053],[-122.87075680451436,46.05376779462227],[-122.87038513065633,46.053843215178105],[-122.87092505609218,46.055141184738744],[-122.8705533747348,46.05521660604503],[-122.87098532496388,46.056254984956595],[-122.87061363743784,46.056330406663434],[-122.87072162577586,46.05659000200016],[-122.8703499360741,46.056665423057545],[-122.87045792392584,46.05692501884782],[-122.87008623204831,46.05700043925588],[-122.87051818657827,46.05803882485263],[-122.87014648853173,46.05811424566128],[-122.87036246820298,46.058633439781275],[-122.87073416891172,46.058558018272684],[-122.87105814874768,46.059336809179804],[-122.87142985260498,46.059261385621774],[-122.87153784890432,46.05952098244806],[-122.87190955324793,46.05944555754066],[-122.87201755172325,46.05970515412063],[-122.8723892565531,46.05962972786381],[-122.87271326104151,46.060408517175325],[-122.87308496901993,46.060333088868944],[-122.87319297353694,46.060592685163435],[-122.87356468200157,46.06051725550762],[-122.87367268869463,46.060776851555666],[-122.87330097889884,46.06085228156145],[-122.87351699215733,46.06137147466869],[-122.87314527885435,46.06144690437523],[-122.87346930108552,46.0622256958639],[-122.87309758294401,46.06230112562133],[-122.87352961908994,46.06333951712518],[-122.8739013425563,46.0632640859674],[-122.87422538253165,46.064042879634215],[-122.8738536550715,46.06411831184234],[-122.87547394905968,46.0680122994397],[-122.87584569648972,46.067936861979156],[-122.87595372418114,46.068196461632816],[-122.87632547209743,46.068121022822645],[-122.87654153267853,46.06864022174109],[-122.87691328241242,46.06856478123107],[-122.87702131530217,46.06882438049588],[-122.87739306552224,46.068748938636105],[-122.87760913650017,46.069268136776955],[-122.87723738361727,46.06934357933713],[-122.87745345531329,46.069862778593986],[-122.87782521085903,46.06978733533331],[-122.87804128859894,46.07030653430526],[-122.87952831298058,46.070004748465585],[-122.87985245190724,46.07078354349967],[-122.87948069308551,46.070858992509635],[-122.87980483562586,46.07163778952986],[-122.87943307196444,46.07171323859122],[-122.87954111983713,46.07197283815615],[-122.87916935399885,46.072048286568226],[-122.87949349869461,46.0728270869376],[-122.87912172801644,46.07290253540115],[-122.87933782604411,46.073421736867864],[-122.87896605185752,46.07349718503249],[-122.87961435824073,46.07505479403088],[-122.88221681571838,46.074526621174414],[-122.88243294325164,46.07504582010118],[-122.88280472217245,46.074970362137044],[-122.88323699271159,46.07600875983733],[-122.8836087761131,46.07593329947213],[-122.88447336843204,46.07801009706399],[-122.88484516164077,46.077934632895875],[-122.88527748342214,46.07897303278811],[-122.88490568488683,46.07904849835802],[-122.88533801487266,46.08008690131809],[-122.88570981873471,46.080011434346225],[-122.88581790467717,46.0802710349961],[-122.88656151252746,46.080120097352676],[-122.88666960197908,46.080379697405775],[-122.88741320910968,46.08022875506299],[-122.88752130207044,46.08048835451915],[-122.88826490848122,46.08033740747699],[-122.88869729943586,46.081375803539146],[-122.88906910669921,46.08130032711654],[-122.88939341279178,46.08207912420525],[-122.88976522320438,46.082003645731454],[-122.89030575693528,46.08330164121007],[-122.89067757316057,46.083226159983816],[-122.89089379523801,46.08374535820355],[-122.89126561328082,46.08366987527647],[-122.89137372692025,46.08392947419201],[-122.89174554544881,46.08385398991476],[-122.89196177792921,46.084373187357414],[-122.89233359827526,46.084297701379214],[-122.89254983680327,46.08481689853754],[-122.8929216589668,46.084741410858534],[-122.89302978083165,46.085001009243385],[-122.89340160348087,46.08492552021418],[-122.89350972752356,46.085185118352605],[-122.89388155065846,46.085109627973104],[-122.89398967687899,46.085369225865115],[-122.89436150049954,46.085293734135355],[-122.89457775814246,46.0858129295309],[-122.89494958358043,46.085737436100175],[-122.89505771500285,46.08599703360363],[-122.89542954092643,46.08592153882261],[-122.89564580897331,46.08644073344095],[-122.89601763671426,46.08636523695896],[-122.89612577333872,46.0866248340738],[-122.89649760156526,46.086549336241504],[-122.89671388001638,46.08706853008265],[-122.89745753925784,46.08691753001631],[-122.89767382642097,46.08743672287165],[-122.89804565743592,46.087361220637575],[-122.89815380361865,46.087620816870945],[-122.89926929558104,46.08739430311892],[-122.89937744660537,46.08765389840434],[-122.89974927689862,46.08757839147039],[-122.89985743010102,46.087837986509314],[-122.90097291989811,46.0876114586574],[-122.90108107794208,46.08787105274828],[-122.90256839114929,46.08756900021499],[-122.90267655536651,46.087828593006996],[-122.90416386035804,46.087526523077145],[-122.90427203074847,46.08778611457019],[-122.9046438562119,46.087710594237954],[-122.90475202878046,46.087970185484444],[-122.9051238547291,46.08789466380184],[-122.90534020506902,46.08841384590592],[-122.90571203283453,46.08833832252208],[-122.9058202106059,46.08859791337959],[-122.90619203885657,46.08852238864532],[-122.90630021880617,46.088781979256346],[-122.90667204754197,46.088706453171646],[-122.90678022966979,46.08896604353605],[-122.90715205889072,46.088890516100896],[-122.90736842834939,46.089409696440754],[-122.9077402593871,46.089334167304315],[-122.90784844671799,46.089593757279765],[-122.9082202782408,46.08951822679289],[-122.90832846774997,46.089777816521675],[-122.90870029975785,46.08970228468434],[-122.90902487736021,46.0904810534438],[-122.9093967125165,46.09040551955418],[-122.90961310448141,46.09092469854676],[-122.90998494145444,46.09084916295569],[-122.91009314003863,46.09110875225749],[-122.9115804847904,46.090806598493884],[-122.91168868954807,46.091066186496235],[-122.91206052495085,46.090990645205416],[-122.91216873188694,46.09125023296114],[-122.91254056777464,46.09117469031984],[-122.91264877688918,46.09143427782883],[-122.91339244878755,46.091283188845566],[-122.91360887488368,46.091802362772654],[-122.91398071222599,46.09172681607974],[-122.91408892787597,46.091986402848704],[-122.91446076570308,46.09191085480523],[-122.91456898353157,46.09217044132751],[-122.9149408218435,46.09209489193346],[-122.91504904185051,46.09235447820901],[-122.91579271859713,46.0922033757203],[-122.91590094211432,46.092462961398084],[-122.91627278054897,46.09238740830338],[-122.9163810062447,46.09264699373455],[-122.91712468323654,46.09249588384435],[-122.9172329124425,46.0927554686777],[-122.91760475099963,46.09267991188221],[-122.91797658870983,46.092604354087236],[-122.91786835684061,46.09234476995589],[-122.91824019237221,46.092269211512374],[-122.91813196001831,46.0920096278364],[-122.91887562587746,46.09185850865272],[-122.91898386089454,46.09211809162665],[-122.91935569388524,46.092042530184536],[-122.91946393108087,46.09230211291162],[-122.92020759718444,46.092150986326615],[-122.92031583789024,46.092410568455904],[-122.92068767100308,46.09233500331304],[-122.9207959138875,46.09259458519553],[-122.92153958023519,46.09244345120907],[-122.92164782662978,46.092703032493645],[-122.92239149225236,46.09255189380693],[-122.92249974215711,46.09281147449358],[-122.92324340705443,46.09266033110664],[-122.92335166046941,46.09291991119534],[-122.92372349297892,46.0928443376515],[-122.92383174857255,46.09310391749335],[-122.92457541371326,46.092952766704855],[-122.92468367281711,46.093212345948714],[-122.92505550544826,46.09313676870405],[-122.92516376673079,46.09339634770107],[-122.92665109410956,46.09309402732294],[-122.92675936156535,46.09335360501962],[-122.9278748521981,46.0931268531878],[-122.92798312449558,46.093386429935286],[-122.92984226526225,46.09300848847013],[-122.9299505450643,46.093268063565894],[-122.93032237200718,46.09319247192327],[-122.9309720766022,46.09474992257952],[-122.93134391068646,46.09467432783012],[-122.93166877841797,46.09545305351187],[-122.93204061564927,46.09537745670933],[-122.93236549500209,46.096156182275706],[-122.93273733538042,46.096080583419905],[-122.93317052504139,46.09711888423002],[-122.93354236989835,46.09704328296963],[-122.93365067076385,46.097302858081676],[-122.93327882457537,46.0973784596933],[-122.93371203118649,46.09841676258965],[-122.93334017882421,46.09849236460696],[-122.93344848126426,46.09875194094322],[-122.93307662672284,46.09882754231228],[-122.93340153513348,46.099606273001065],[-122.93302967574967,46.09968187442462],[-122.93313797891672,46.0999414518809],[-122.93276611735365,46.100017052656156],[-122.93298272356715,46.10053620858464],[-122.93261085849318,46.10061180906298],[-122.93271916153961,46.1008713875352],[-122.93234729428637,46.100946987365276],[-122.9324555968487,46.101206566293236],[-122.93208372741617,46.10128216547509],[-122.9325169408145,46.10232048363661],[-122.9321450652074,46.10239608322421],[-122.9325782868405,46.10343440446263],[-122.93295016777472,46.10335880346954],[-122.9330584766339,46.10361838368898],[-122.9338022386229,46.103467178001296],[-122.93391055099335,46.10372675762247],[-122.9342824320481,46.1036511529278],[-122.93439074659803,46.10391073230215],[-122.93476262813687,46.103835126256485],[-122.93487094486629,46.10409470538386],[-122.93561470806434,46.10394348959104],[-122.93572302830505,46.10420306812009],[-122.93609490996424,46.10412745837281],[-122.93620323238447,46.104387036654984],[-122.93657511452766,46.10431142555673],[-122.93668343912744,46.10457100359201],[-122.9370553217546,46.10449539114269],[-122.93694699582304,46.104235813458864],[-122.93731887627067,46.10416020036145],[-122.93721054985515,46.10390062313355],[-122.93906993271744,46.10352254440968],[-122.93917826579151,46.103782119880364],[-122.93992201566503,46.10363088069097],[-122.94003035225035,46.10389045556325],[-122.94040222724702,46.10381483411772],[-122.94051056601188,46.10407440874299],[-122.94125431612485,46.10392316215038],[-122.94114597469667,46.10366358822806],[-122.94151784714965,46.103587963783866],[-122.94140950523766,46.10332839031744],[-122.94512816981549,46.10257209441606],[-122.94523652504343,46.10283166436765],[-122.945608388169,46.1027560289287],[-122.94571674557646,46.10301559863312],[-122.94646047194672,46.10286432405361],[-122.94667719463183,46.103383462369635],[-122.94704905920801,46.10330782287756],[-122.94737415359073,46.10408653007993],[-122.94774602131346,46.104010888533736],[-122.94785438913541,46.104270457458405],[-122.94822625734163,46.104194814561225],[-122.94833462734323,46.104454383238725],[-122.94870649603288,46.1043787389904],[-122.94881486821416,46.10463830742083],[-122.94918673738725,46.104562661821404],[-122.94929511174823,46.1048222300047],[-122.94966698140472,46.10474658305419],[-122.94988373533425,46.10526571903078],[-122.95025560680568,46.10519007037761],[-122.9503639863743,46.10544963817094],[-122.95073585832908,46.10537398816669],[-122.95095262267404,46.105893123363394],[-122.95132449644375,46.10581747165639],[-122.95143288122013,46.106077039059784],[-122.95180475547318,46.106001386001644],[-122.95191314242938,46.10626095315782],[-122.95228501716572,46.10618529874854],[-122.95250179628606,46.10670443267098],[-122.95287367283726,46.10662877655898],[-122.9530904580139,46.107147910195906],[-122.95346233637996,46.107072252381066],[-122.95367912761307,46.10759138573248],[-122.95405100779394,46.10751572621474],[-122.9541594060146,46.107775292695514],[-122.9545312866787,46.10769963182659],[-122.95463968707931,46.10795919806017],[-122.95501156822661,46.107883535840024],[-122.9552283742362,46.10840266791712],[-122.95560025719827,46.1083270039941],[-122.95570866280728,46.10858656983767],[-122.95608054625251,46.108510904563396],[-122.95618895404152,46.10877047015973],[-122.95656083796992,46.108694803534256],[-122.9567776587565,46.109213934336914],[-122.95603388472487,46.109365267995244],[-122.95614229372764,46.109624834256756],[-122.95539851363893,46.10977616462045],[-122.95550692082686,46.11003573168995],[-122.95476313468102,46.11018705875889],[-122.9548715400541,46.11044662663634],[-122.95449964437681,46.11052228902321],[-122.95460804926665,46.11078185735696],[-122.95423615140923,46.11085751909599],[-122.95434455581578,46.111117087886015],[-122.95397265577819,46.111192748977196],[-122.9540810597015,46.11145231822354],[-122.95370915748371,46.11152797866689],[-122.95381756092371,46.111787548369534],[-122.95344565652572,46.11186320816503],[-122.95355405948241,46.11212277832402],[-122.95318215290419,46.11219843747162],[-122.95339895869942,46.11271757880682],[-122.95302704860914,46.11279323765832],[-122.95335225967005,46.113571951501086],[-122.95298034473583,46.11364761040822],[-122.95308874878792,46.113907182250166],[-122.95271683167336,46.11398284050948],[-122.95282523524207,46.11424241280781],[-122.95170947481193,46.114469382643115],[-122.95181787523346,46.11472895610141],[-122.9514459520612,46.114804611065644],[-122.95155435199929,46.11506418498037],[-122.95081050044553,46.115215492613416],[-122.9509188985682,46.11547506733637],[-122.95054697018666,46.11555072000511],[-122.95065536782586,46.115810295184566],[-122.95028343726386,46.11588594720542],[-122.95039183441955,46.11614552284137],[-122.95001990167711,46.11622117421429],[-122.95012829834924,46.1164807503067],[-122.94975636342635,46.1165564010317],[-122.94997315665202,46.11707555423437],[-122.94922927893265,46.1172268540923],[-122.94944607022404,46.117746009121184],[-122.948330239289,46.1179729535209],[-122.94822184721534,46.11771337489875],[-122.94747795834722,46.11786466546317],[-122.94758634775667,46.118124244788724],[-122.94684245283055,46.11827553205775],[-122.94695084042418,46.118535112191694],[-122.94620693944003,46.11868639616518],[-122.94631532521777,46.1189459771074],[-122.94557141817558,46.11909725778539],[-122.94567980213733,46.11935683953612],[-122.94493588903707,46.11950811691852],[-122.94504427118282,46.119767699477535],[-122.94430035202444,46.119918973564374],[-122.94440873235412,46.120178556931776],[-122.94329284325674,46.1204054616189],[-122.943401220438,46.120665046146435],[-122.94302925437647,46.120740679394245],[-122.9431376310738,46.121000264378495],[-122.94276566283156,46.121075896978276],[-122.94287403904495,46.12133548241916],[-122.942502068622,46.12141111437089],[-122.94213009735066,46.12148674532276],[-122.94223847174774,46.12174633157212],[-122.9414945239952,46.12189759117993],[-122.9418196442825,46.12267635266827],[-122.94219162258014,46.122600722309066],[-122.94240837634518,46.123119896456146],[-122.94203639538271,46.123195527518895],[-122.94214477220541,46.12345511510171],[-122.94288873594677,46.123303851272816],[-122.94299711628278,46.123563438257115],[-122.94374107929517,46.12341216972534],[-122.94384946314447,46.1236717561111],[-122.94459342542777,46.123520482876394],[-122.94470181279034,46.123780068663564],[-122.94581775384867,46.12355315025724],[-122.94592614605696,46.12381273509406],[-122.94741406091794,46.12351016181423],[-122.94752245930424,46.1237697453487],[-122.94863839053694,46.123542803835306],[-122.94874679376886,46.123802386419285],[-122.94986272136097,46.12357543485204],[-122.94997112943845,46.123835016485394],[-122.95034310493752,46.12375936361155],[-122.95045151519595,46.124018944998035],[-122.95193941403458,46.1237163220971],[-122.95204783047087,46.12397590218112],[-122.95279177746248,46.12382458402815],[-122.95268335836165,46.12356500464798],[-122.9530553292521,46.12348934442372],[-122.95294690966776,46.12322976550037],[-122.95331887837725,46.1231541046283],[-122.95353572105914,46.1236732618761],[-122.95390769158435,46.123597599300375],[-122.95401611553066,46.12385717772983],[-122.95438808653934,46.123781513802456],[-122.95449651266667,46.12404109198495],[-122.95524045480208,46.12388976042713],[-122.95578261149326,46.12518764939451],[-122.95615458794896,46.12511198035629],[-122.95691365229482,46.12692902685606],[-122.95728563722756,46.12685335435423],[-122.95739407971921,46.127112932493645],[-122.95702209345419,46.12718860534745],[-122.95745586658106,46.12822692036351],[-122.9570838741377,46.128302593625534],[-122.95719231820948,46.128562172994194],[-122.95682032358478,46.12863784560841],[-122.95692876717317,46.128897425434104],[-122.95618477271205,46.129048768367156],[-122.95629321448463,46.129308349001995],[-122.9555492139628,46.12945968863967],[-122.95598297888336,46.130498015046186],[-122.95486695574385,46.13072502122806],[-122.954975395099,46.13098460414858],[-122.95460338435537,46.131060271228165],[-122.95514558720335,46.13235818916839],[-122.95477356894801,46.132433857008266],[-122.95509889684725,46.13321261009085],[-122.95472687374513,46.13328827798693],[-122.9548353167437,46.133547862910305],[-122.95446329145993,46.1336235301585],[-122.95554775481774,46.13621938870191],[-122.95517571535827,46.136295058471006],[-122.95658562734405,46.139669694899695],[-122.95621356970932,46.13974536824657],[-122.9567558751008,46.141043311837734],[-122.95638380995251,46.14111898594552],[-122.95681766422123,46.14215734412512],[-122.95644559289201,46.14223301864169],[-122.95655405724952,46.14249260880246],[-122.95618198373806,46.14256828267117],[-122.95629044761195,46.14282787328965],[-122.95517421798279,46.143054889952104],[-122.95528267870706,46.143314481732716],[-122.95491059913242,46.14339015230558],[-122.955019059373,46.14364974454394],[-122.95427489500976,46.14380108339397],[-122.95449181270669,46.14432026959607],[-122.95374763961406,46.14447160585462],[-122.95385609707037,46.144731199818416],[-122.95348400791703,46.144806866799726],[-122.95370092271136,46.145326055748534],[-122.9529567365244,46.14547738811967],[-122.95317364938346,46.145996578899734],[-122.95280155234975,46.14607224428951],[-122.95291000872011,46.1463318401902],[-122.9525379095039,46.146407504932114],[-122.95264636539041,46.1466671012906],[-122.95041374425892,46.147121070852684],[-122.95030529637167,46.146861472380834],[-122.94993319121049,46.14693713012179],[-122.94807265266616,46.147315403824024],[-122.94796421362766,46.14705580334475],[-122.94721999493198,46.14720710512011],[-122.94689469091135,46.146428302203496],[-122.94652258428962,46.14650395053442],[-122.94641415264765,46.146244349421416],[-122.94604204651007,46.1463199964],[-122.94593361705051,46.14606039504056],[-122.94556151139707,46.14613604066681],[-122.94501938350213,46.144838033693894],[-122.94464728366596,46.144913676559376],[-122.94421360196598,46.143875271474286],[-122.9438415066137,46.1439509119312],[-122.94373308964448,46.14369131057192],[-122.94336099477643,46.14376694967661],[-122.94325257998943,46.143507348070926],[-122.94288048560561,46.14358298582336],[-122.94244684028004,46.14254457904829],[-122.94281892933101,46.142468942704],[-122.94260210909546,46.14194974065415],[-122.94223002271086,46.14202537629432],[-122.94212161519962,46.14176577507567],[-122.94174952929929,46.1418414093637],[-122.94142431585844,46.14106260528522],[-122.94105223310873,46.14113823751704],[-122.94094383165935,46.1408786360166],[-122.94057174939395,46.14095426689628],[-122.94046335012656,46.140694665149454],[-122.93971918571563,46.140845923204374],[-122.9396107899634,46.140586320859114],[-122.93886662482362,46.140737574209496],[-122.93875823258652,46.14047797126582],[-122.93615363719371,46.14100732402378],[-122.93604525513783,46.140747718722],[-122.93567316802006,46.140823336191964],[-122.93545640912089,46.140304125201204],[-122.93322388459121,46.140757804794184],[-122.93311551441417,46.14049819734566],[-122.93274342535565,46.140573806758624],[-122.93263505736049,46.14031419906386],[-122.93040251318875,46.14076783242612],[-122.93029415404203,46.1405082227256],[-122.9288057796233,46.140810623555524],[-122.92869742665852,46.14055101255318],[-122.92832533226594,46.14062660990827],[-122.928216981483,46.14036699865971],[-122.92784488757532,46.1404425946627],[-122.92773653897419,46.140182983167904],[-122.92736444555143,46.14025857781882],[-122.92725609913214,46.13999896607785],[-122.92539562595876,46.1403769225701],[-122.92550396571107,46.14063653607021],[-122.92513186719775,46.140712124719755],[-122.92524020646503,46.140971738677436],[-122.92486810576987,46.14104732667849],[-122.92497644455216,46.14130694109365],[-122.92460434167513,46.14138252844638],[-122.9247126799723,46.14164214331899],[-122.92434057491344,46.14171773002326],[-122.92444891272555,46.1419773453534],[-122.92407680548479,46.142052931409246],[-122.92418514281178,46.142312547196916],[-122.92381303338911,46.14238813260429],[-122.92392137023099,46.14264774884953],[-122.92354925862637,46.14272333360846],[-122.92365759498313,46.142982950311286],[-122.92328548119657,46.14305853442172],[-122.9235021537882,46.14357776884823],[-122.9231300364861,46.14365335266211],[-122.92323837272095,46.14391297038585],[-122.92286625323683,46.14398855355121],[-122.9229745889865,46.14424817173258],[-122.92260246732037,46.144323754249456],[-122.92271080258485,46.144583372888476],[-122.92233867873665,46.14465895475683],[-122.9224470135159,46.144918573853495],[-122.92207488748564,46.144994155073434],[-122.92218322177966,46.145253774627754],[-122.92181109356734,46.14532935519913],[-122.92191942737611,46.14558897521117],[-122.92154729698167,46.14566455513405],[-122.92165563030517,46.14592417560379],[-122.92128349772861,46.14599975487822],[-122.92139183056683,46.146259375805556],[-122.9191590092884,46.14671283255556],[-122.91905068445267,46.14645320951715],[-122.91867854593733,46.146528781788994],[-122.9187868694393,46.146788405179294],[-122.9184147287418,46.14686397680256],[-122.91852305175834,46.14712360065051],[-122.91815090887869,46.14719917162525],[-122.91869253001796,46.14849729421315],[-122.9179482283751,46.148648436679814],[-122.91848985738575,46.14994656543506],[-122.9181176986222,46.150022136927035],[-122.91833435349763,46.15054138987478],[-122.91796219121774,46.15061696107014],[-122.91828717589242,46.15139584234251],[-122.91791500876217,46.15147141359297],[-122.91932334658793,46.154846581378614],[-122.91969553106075,46.154771005553094],[-122.91980387201365,46.15503063423504],[-122.92092042434277,46.15480389969966],[-122.92113711679896,46.15532315527021],[-122.92188148611152,46.15517199250287],[-122.92242324544465,46.156470129766646],[-122.92279543549836,46.156394545122254],[-122.9232288635783,46.15743305543598],[-122.92360105811976,46.15735746838295],[-122.92370941859578,46.15761709587479],[-122.92408161362258,46.15754150746917],[-122.92429833978925,46.15806076206726],[-122.92467053663553,46.157985171957],[-122.92477890232624,46.15824479906327],[-122.92515109965782,46.15816920760045],[-122.9252594675315,46.158428834460864],[-122.92563166534836,46.158353241645464],[-122.92574003540506,46.15861286826],[-122.92611223370719,46.15853727409196],[-122.9262206059469,46.158796900460594],[-122.92659280473427,46.158721304939974],[-122.92670117915698,46.15898093106272],[-122.92707337842961,46.158905334189456],[-122.92718175503538,46.15916496006631],[-122.92755395479324,46.15908936184042],[-122.92766233358205,46.159348987471354],[-122.92803453382508,46.1592733878929],[-122.92814291479698,46.159533013277866],[-122.93000390994835,46.15915499861716],[-122.92989552230594,46.15889537499278],[-122.93175648956192,46.158517337080355],[-122.93186488387465,46.158776958944],[-122.93223707611281,46.158701348007924],[-122.93234547260862,46.15896096962554],[-122.93271766533175,46.158885357336864],[-122.93282606401067,46.159144978708454],[-122.93319825721875,46.15906936506712],[-122.93330665808077,46.159328986192676],[-122.93479542775819,46.1590265202138],[-122.93490383480538,46.15928614003682],[-122.93527602643594,46.15921052068873],[-122.93538443566628,46.159470140265654],[-122.93612881904787,46.15931889786373],[-122.93623723179539,46.15957851684237],[-122.93660942354639,46.15950289378849],[-122.93671783847707,46.15976251252109],[-122.93709003071287,46.15968688811456],[-122.93719844782676,46.159946506601045],[-122.93757064054732,46.1598708808418],[-122.93778747999075,46.160390117428825],[-122.93815967453006,46.160314489964605],[-122.9383765200385,46.16083372627171],[-122.93874871639653,46.16075809710254],[-122.93885714175866,46.16101771506311],[-122.93922933860141,46.16094208454122],[-122.93933776614686,46.16120170225564],[-122.93970996347427,46.16112607038108],[-122.93981839320305,46.16138568784937],[-122.94019059101512,46.161310054622035],[-122.94029902292722,46.16156967184425],[-122.94067122122395,46.161494037264134],[-122.94099652605843,46.16227288851095],[-122.94062432375966,46.16234852414803],[-122.94160027212473,46.1646850867948],[-122.94197248643,46.16460944798676],[-122.9421893758566,46.1651286845945],[-122.94256159198059,46.16505304408121],[-122.94277848747342,46.1655722804093],[-122.94315070541612,46.165496638190774],[-122.94336760697527,46.166015874239186],[-122.94373982673666,46.16594023031532],[-122.94417364538621,46.16697870227804],[-122.94380142028827,46.16705434761147],[-122.94434370604542,46.16835244171905],[-122.94471593781424,46.16827679462342],[-122.94558364988134,46.17035374790644],[-122.94521140743868,46.17042939782172],[-122.94597069076784,46.17224673999791],[-122.94634294255053,46.172171087615105],[-122.94742771859705,46.17476729624785],[-122.94817224630016,46.174615981429504],[-122.94828073124785,46.17487560217341],[-122.94865299515892,46.17479994291075],[-122.94876148229092,46.17505956340858],[-122.94913374668643,46.17498390279273],[-122.94945921718531,46.17576276386749],[-122.94983148473405,46.17568710119326],[-122.9500484719853,46.176206341737206],[-122.95042074135286,46.176130677357136],[-122.95063773467298,46.176649917622],[-122.95101000585936,46.17657425153602],[-122.95122700524846,46.17709349152183],[-122.95159927825362,46.17701782373],[-122.95181628371178,46.1775370634367],[-122.95218855853574,46.17746139393891],[-122.95381622788085,46.18135570004058],[-122.95530539874395,46.18105299088079],[-122.95541392217335,46.18131261072966],[-122.95504162939844,46.181388289873404],[-122.95515015234358,46.18164791018167],[-122.95477785738385,46.181723588677485],[-122.95488637984474,46.1819832094452],[-122.95451408270014,46.18205888729314],[-122.95462260467674,46.18231850852027],[-122.95425030534732,46.182394185720284],[-122.95457587237506,46.183173051100304],[-122.95420356819156,46.18324872835792],[-122.95431209090012,46.18350835071744],[-122.95393978453166,46.18358402732712],[-122.95404830675588,46.18384365014619],[-122.95367599820247,46.183919326107926],[-122.9541100902639,46.1849578198628],[-122.95448240415601,46.184882142489926],[-122.95469945795811,46.185401389302434],[-122.95507177366925,46.18532571022318],[-122.95528883354224,46.185844956757215],[-122.9556611510724,46.1857692759716],[-122.95609528636211,46.18680776890985],[-122.9564676083807,46.18673208571222],[-122.95668468379768,46.18725133211647],[-122.9559400335711,46.18740269892245],[-122.95604856988577,46.18766232299056],[-122.95530391358781,46.18781368649926],[-122.95552098342942,46.18833293636743],[-122.95514865133514,46.18840861732635],[-122.955365721909,46.18892786832777],[-122.95499338629463,46.18900354899166],[-122.95510192152241,46.1892631750055],[-122.95472958372271,46.18933885502149],[-122.95494665406001,46.1898581080757],[-122.9545743127401,46.18993378779659],[-122.95479138380956,46.19045304198426],[-122.95330199934587,46.190755753683],[-122.95427881320079,46.193092415525925],[-122.95465117260723,46.19301673592641],[-122.9551938834152,46.19431488337538],[-122.9555662486462,46.19423920101033],[-122.95600043794383,46.1952777194846],[-122.95637280766442,46.19520203470684],[-122.9565899100873,46.19572129388043],[-122.95621753769655,46.1957969793641],[-122.95643464085195,46.196316239671965],[-122.95568988817794,46.196467609048575],[-122.95579843836144,46.19672724006914],[-122.95468129896489,46.19695428768635],[-122.95478984599362,46.197213919872944],[-122.95404507947221,46.19736528065253],[-122.95437071765126,46.198144179973184],[-122.95362593971592,46.19829553886702],[-122.9537344848065,46.19855517289418],[-122.95336209322758,46.19863085119267],[-122.95412192333416,46.20044829485568],[-122.95374952155748,46.20052397462423],[-122.95385807078314,46.20078361021515],[-122.95423047389511,46.20070793009359],[-122.95433902530682,46.20096756543874],[-122.95471142890341,46.2008918839632],[-122.95492853694977,46.2014111542692],[-122.95530094236624,46.20133547108656],[-122.95540949900096,46.2015951060474],[-122.95503709224914,46.201670789583076],[-122.9561226920382,46.20426714862313],[-122.95649511214391,46.20419146155673],[-122.95682081267893,46.20497037030223],[-122.95719323594004,46.20489468117545],[-122.95730180582233,46.20515431728552],[-122.9580466524626,46.20500293532272],[-122.9579380799094,46.2047432999189],[-122.95905533948128,46.20451622052654],[-122.95894676377284,46.204256586289425],[-122.96118125192767,46.20380240259701],[-122.96128983564827,46.20406203471526],[-122.96166224869754,46.20398633357663],[-122.96155366364161,46.203726701811554],[-122.96192607450452,46.20365100002512],[-122.96203466089577,46.20391063143706],[-122.96277948273908,46.20375922415504],[-122.96288807265199,46.20401885496788],[-122.96400530303978,46.20379173547824],[-122.96411389780967,46.20405136533885],[-122.96448630757202,46.20397565648723],[-122.96459490452828,46.204235286101884],[-122.9649673147748,46.20415957589609],[-122.96529311475635,46.20493846432425],[-122.96566552815756,46.20486275205794],[-122.96577413118904,46.205122381395284],[-122.96614654507434,46.20504666777478],[-122.96647236328187,46.205825555371106],[-122.96609994539062,46.20590127005129],[-122.9663171591144,46.20642052969189],[-122.96594473770129,46.2064962440776],[-122.96605334450466,46.20675587441213],[-122.96642576725314,46.20668015967315],[-122.96664298608438,46.20719941995766],[-122.96701541065232,46.20712370351119],[-122.96766709558895,46.20868148482182],[-122.9672946630087,46.20875720338802],[-122.96762051296359,46.209536096552874],[-122.9672480755257,46.20961181517796],[-122.96735669254456,46.209871446801024],[-122.96623937111643,46.21009859773015],[-122.96634798498022,46.210358230520605],[-122.965975541466,46.21043394584821],[-122.96662723451391,46.21199174696743],[-122.96625478213512,46.212067463413916],[-122.96647201729093,46.21258673202025],[-122.96609956138961,46.212662448172374],[-122.96620817890903,46.212922082990104],[-122.96583572082069,46.21299779849456],[-122.9659443378559,46.21325743377316],[-122.96557187758056,46.21333314862983],[-122.96578911153387,46.2138524202164],[-122.96541664773586,46.21392813477872],[-122.96585112051677,46.214966680656026],[-122.96547865052464,46.21504239563064],[-122.9656958893523,46.215561669921634],[-122.96532341583732,46.21563738460185],[-122.96564927645751,46.21641629790545],[-122.96527679808379,46.21649201264478],[-122.96538541865769,46.21675165098127],[-122.96501293809675,46.21682736507285],[-122.96512155818634,46.21708700387034],[-122.96474907543814,46.21716271731419],[-122.9648576950434,46.21742235657276],[-122.96448521010794,46.21749806936884],[-122.96459382922885,46.217757709088524],[-122.96571128548827,46.21753056663676],[-122.96581990946812,46.21779020540389],[-122.96619239452075,46.217714488897634],[-122.96630102068792,46.21797412741903],[-122.96741847474395,46.217746970833154],[-122.96752710577006,46.21800660840198],[-122.96827207355454,46.21785516496549],[-122.96838070810378,46.21811480193512],[-122.97024311934081,46.21773617405697],[-122.97035176142042,46.21799580936697],[-122.97109672262528,46.21784435050099],[-122.971205368228,46.218103985211705],[-122.97195032869762,46.21795252163434],[-122.97205897782345,46.21821215574575],[-122.97243145811643,46.21813642210187],[-122.97232280765492,46.217876788344014],[-122.97306776301438,46.21772531876007],[-122.97317641614728,46.21798495181095],[-122.97392137077125,46.21783347751564],[-122.97403002742723,46.21809310996719],[-122.97514745698206,46.21786588995551],[-122.97525611849679,46.21812552145409],[-122.97562859464713,46.218049779094535],[-122.97595458830908,46.21882867317543],[-122.97632706761462,46.21875292875422],[-122.97654440365301,46.21927219130587],[-122.97691688477802,46.21919644517642],[-122.9772428992316,46.21997533875053],[-122.97761538351179,46.21989959055927],[-122.97805008671924,46.220938115417624],[-122.9784225754903,46.220862364810955],[-122.9785312547577,46.22112199594114],[-122.97927623241536,46.22097049101727],[-122.97938491520615,46.22123012154786],[-122.98012989212731,46.2210786119124],[-122.98056464249602,46.22211713228265],[-122.98067333221827,46.22237676264444],[-122.98030083750514,46.22245251973087],[-122.98051821683431,46.222971781484866],[-122.98089071421894,46.222896023691085],[-122.98110809962786,46.22341528516865],[-122.98073559957172,46.22349104366974],[-122.98095298571747,46.2240103062856],[-122.98058048213768,46.22408606449291],[-122.98068917515288,46.224345696316114],[-122.9803166693852,46.224421453875955],[-122.9804253619167,46.22468108616062],[-122.98005285396111,46.224756843073],[-122.98016154600886,46.225016475819146],[-122.97978903586532,46.22509223208407],[-122.97989772742933,46.22535186529163],[-122.97952521509785,46.22542762090912],[-122.97963390617811,46.22568725457816],[-122.97926139165862,46.22576300954813],[-122.97937008225509,46.2260226436787],[-122.97899756554762,46.226098398001184],[-122.9791062556603,46.22635803259326],[-122.97873373676482,46.22643378626821],[-122.97884242639367,46.22669342132178],[-122.97846990531015,46.22676917434928],[-122.97868728445228,46.22728844548736],[-122.97831475984475,46.227364198221075],[-122.9785321397234,46.22788347049807],[-122.97815961159182,46.22795922293793],[-122.97826830147334,46.22821885959197],[-122.9778957711536,46.228294611384314],[-122.97811315080102,46.2288138857235],[-122.97774061695708,46.22888963722204],[-122.97795799734098,46.229408912700265],[-122.97758545997281,46.229484663905055],[-122.97769415010691,46.229744302159745],[-122.976949070142,46.22989580227301],[-122.97705775845606,46.23015544134313],[-122.97668521585929,46.230231190251565],[-122.9767939036894,46.23049082978337],[-122.97642135890437,46.23056657804431],[-122.97696480415655,46.23186477909179],[-122.97659225183855,46.231940528120084],[-122.97670094210935,46.23220016900734],[-122.9770734957635,46.23212441962531],[-122.97718218822267,46.23238406026688],[-122.97755474236081,46.23230830952977],[-122.97777213250815,46.23282759042943],[-122.97814468846646,46.23275183798349],[-122.97836208469516,46.23327111860777],[-122.97873464247361,46.23319536445304],[-122.97884334320257,46.23345500457342],[-122.98070612599146,46.23307621701142],[-122.98059741858161,46.23281657866004],[-122.98134252305867,46.23266505733392],[-122.98145123314082,46.23292469497773],[-122.98219633688075,46.23277316893897],[-122.9823050504875,46.23303280598313],[-122.9841678016015,46.232653971595106],[-122.98427652274115,46.23291360697808],[-122.98464907174285,46.23283783674291],[-122.9845403492671,46.232578201713736],[-122.98603053140523,46.232275112176],[-122.98592180443774,46.23201547867023],[-122.98666688772006,46.231863928601705],[-122.986558158933,46.23160429591156],[-122.98693069795948,46.231528519729345],[-122.98703942808254,46.23178815206568],[-122.99039225298267,46.23110611818732],[-122.99028351083612,46.230846489035855],[-122.99102857098656,46.23069491564666],[-122.9911373158049,46.2309545440903],[-122.99598014102143,46.229969214847564],[-122.99587137883746,46.22970959100484],[-122.9969889294167,46.229482184368266],[-122.99709769560789,46.229741807149196],[-122.99896026953121,46.22936277429669],[-122.99885149666152,46.229103153285536],[-123.00071404258802,46.22872409717584],[-123.00060526389282,46.228464478042284],[-123.00172277720868,46.22823703342572],[-123.00161399535948,46.22797741546179],[-123.00235899730161,46.22782578142016],[-123.00268535342111,46.22860463351117],[-123.00305785711967,46.22852881392683],[-123.00338422492143,46.22930766592531],[-123.0037567317739,46.22923184427791],[-123.00397431724392,46.2297510787743],[-123.0043468259147,46.22967525541777],[-123.00456441746748,46.23019448963703],[-123.00493692795658,46.230118664571435],[-123.00504572634799,46.23037828148866],[-123.00541823731974,46.23030245506796],[-123.0055270378997,46.23056207173887],[-123.00589954935413,46.230486243963064],[-123.00600835212262,46.230745860387685],[-123.00638086405968,46.23067003125675],[-123.0064896690168,46.23092964743511],[-123.00686218143646,46.23085381694907],[-123.00697098858215,46.23111343288103],[-123.00771601353368,46.230961768197666],[-123.00793363572654,46.23148099896862],[-123.00830614959395,46.23140516441717],[-123.00841496330555,46.23166477961021],[-123.00878747765552,46.231588943703606],[-123.00889629355581,46.231848558650334],[-123.0096413223676,46.231696883125764],[-123.00975014179217,46.23195649747202],[-123.01012265625403,46.23188065785404],[-123.01023147786728,46.232140271953945],[-123.0106039928116,46.23206443098079],[-123.01071281661358,46.232324044834314],[-123.01108533204031,46.23224820250604],[-123.01097650690276,46.23198858900664],[-123.01172153252563,46.23183690205522],[-123.0116127055701,46.23157728937189],[-123.01273023359906,46.2313497524996],[-123.01262140349009,46.231090140986474],[-123.01485642849903,46.23063504233973],[-123.01496526662086,46.23089465172787],[-123.01571027080236,46.2307429434627],[-123.01581911244834,46.231002552250196],[-123.01656411588769,46.230850839272776],[-123.01667296105781,46.231110447459564],[-123.01704546283302,46.2310345891152],[-123.01715431019184,46.231294197055476],[-123.01752681244915,46.231218337355955],[-123.0176356619967,46.23147794504974],[-123.01800816473616,46.23140208399502],[-123.01811701647246,46.23166169144229],[-123.018489519694,46.23158582903236],[-123.01859837361908,46.23184543623312],[-123.01897087732269,46.231769572468004],[-123.01907973343656,46.23202917942225],[-123.01945223762219,46.23195331430191],[-123.01966995508093,46.23247252782504],[-123.02004246108405,46.2323966609952],[-123.02026018462728,46.23291587424062],[-123.02063269244783,46.23284000570139],[-123.02139476108105,46.234657252974046],[-123.02176727739638,46.234581380953784],[-123.02187614909343,46.23484098778372],[-123.02224866589069,46.23476511440819],[-123.02246641451639,46.23528432768275],[-123.02283893313108,46.23520845259753],[-123.02316556647783,46.23598727225473],[-123.02353808824546,46.23591139510557],[-123.02375585074896,46.23643060804066],[-123.024128374334,46.236354729181706],[-123.0242372582017,46.23661433545656],[-123.02460978226863,46.23653845524231],[-123.02471866832546,46.236798061270655],[-123.02509119287424,46.23672217970097],[-123.02520008112029,46.23698178548275],[-123.0255726061509,46.23690590255765],[-123.02579038787503,46.23742511373588],[-123.02616291472299,46.23734922910103],[-123.02670739065103,46.238647257161304],[-123.02707992332294,46.23857136975344],[-123.02740662313153,46.23935018682038],[-123.02777915895632,46.23927429734824],[-123.02788806193568,46.239533902898486],[-123.02826059824223,46.239458012070784],[-123.02858731630997,46.24023682830545],[-123.02895985576941,46.24016093541336],[-123.0296133229729,46.24171856866881],[-123.02924077549982,46.24179446368778],[-123.02956751662246,46.24257328283585],[-123.02994006810246,46.24249738675332],[-123.03026682091762,46.243276205809295],[-123.03063937555068,46.24320030766213],[-123.03183754965768,46.246055981948324],[-123.03221011812958,46.245980078899876],[-123.03253691482885,46.246758900364284],[-123.03290948645393,46.24668299525091],[-123.03301842173107,46.24694260226719],[-123.0333909938378,46.24686669579814],[-123.03360886962606,46.247385909445576],[-123.03398144355015,46.24731000126618],[-123.03419932542674,46.24782921463655],[-123.03457190116822,46.24775330474678],[-123.03489873439709,46.24853212454892],[-123.03527131329172,46.248456212594036],[-123.0354892090538,46.248975425626554],[-123.03586178976578,46.24889951196125],[-123.03597074026405,46.24915911828499],[-123.03634332145754,46.24908320326382],[-123.03645227414593,46.24934280934098],[-123.03682485582092,46.24926689296402],[-123.03736963875681,46.25056492319772],[-123.0377422262566,46.25048900404613],[-123.03806911027806,46.25126782241961],[-123.038441700931,46.25119190120268],[-123.03887756359815,46.252230325795715],[-123.03850496760172,46.252306248431566],[-123.03981262160204,46.25542153685386],[-123.04018523362978,46.25534560996046],[-123.0402942116869,46.255605217677605],[-123.03880375310455,46.255908920663536],[-123.03891272667215,46.25616852990834],[-123.03854010855412,46.25624445350664],[-123.03886703037615,46.257023282955124],[-123.03923965250237,46.256947358292294],[-123.03956658602387,46.25772618765107],[-123.03993921130373,46.2576502609225],[-123.04004819218953,46.25790987057057],[-123.04042081795087,46.257833942485945],[-123.04052980102739,46.25809355188738],[-123.04090242727015,46.2580176224467],[-123.0411203986594,46.25853684086489],[-123.04149302671969,46.25846090971325],[-123.04214696941678,46.26001856543896],[-123.04177433333976,46.26009449872],[-123.04188332544469,46.260354108741865],[-123.04225596285784,46.26027817510585],[-123.04247395230426,46.260797394764744],[-123.04284659153497,46.26072145941771],[-123.04306458707288,46.26124067880036],[-123.04343722812112,46.261164741742164],[-123.04387323479934,46.262203180388546],[-123.04424588033748,46.26212724090927],[-123.04435488548033,46.26238685048693],[-123.04472753149982,46.26231090965135],[-123.04483653883374,46.26257051898252],[-123.04595447577138,46.26234268940348],[-123.04606348796878,46.26260229777808],[-123.046436133241,46.26252635222756],[-123.04654514762947,46.26278596035554],[-123.04691779338293,46.26271001344883],[-123.04702680996252,46.26296962133025],[-123.04739945619721,46.26289367306726],[-123.04816260554719,46.26471092878838],[-123.04853526028022,46.264634977038824],[-123.04864428637222,46.26489458507778],[-123.0490169415864,46.264818631971906],[-123.04912596986969,46.265078239764286],[-123.04949862556504,46.26500228530211],[-123.04960765603961,46.26526189284778],[-123.05035296753745,46.265109980209495],[-123.05046200153954,46.26536958715359],[-123.05157996638152,46.26514170962139],[-123.05168900524734,46.26540131560866],[-123.05243431353864,46.2652493915374],[-123.05254335593196,46.26550899692287],[-123.05217070087772,46.26558495981428],[-123.05238878555755,46.26610417162086],[-123.05201612697574,46.26618013422116],[-123.05223421240392,46.266699347171915],[-123.05186155029446,46.26677530948128],[-123.0525158190866,46.26833295306878],[-123.05288848921361,46.26825698862857],[-123.05299753834193,46.26851659591785],[-123.05337020894994,46.268440630121205],[-123.05347926026982,46.268700237163905],[-123.05385193135886,46.26862427001078],[-123.0539609848703,46.268883876806846],[-123.05433365644032,46.26880790829727],[-123.05444271214336,46.26906751484667],[-123.05407003923708,46.26914348371147],[-123.05472438339964,46.270701127419144],[-123.05509706432385,46.2706251564232],[-123.0552061260144,46.27088476373262],[-123.05557880741954,46.27080879138008],[-123.05568787130181,46.27106839844296],[-123.05606055318789,46.2709924247339],[-123.05616961926194,46.27125203155009],[-123.05654230162891,46.271176056484485],[-123.05697857982487,46.272214483414494],[-123.05735126668182,46.272138505926485],[-123.05778756391098,46.27317693317345],[-123.05741487170854,46.2732529120826],[-123.05796025581232,46.27455095036265],[-123.05758755607224,46.27462693004685],[-123.05791479279185,46.27540575538515],[-123.05754208818676,46.27548173513397],[-123.05797841044522,46.27652017186183],[-123.05760569963851,46.276596152030656],[-123.0577147810056,46.2768557618399],[-123.05734206800675,46.27693174136263],[-123.05756023063472,46.27745096201802],[-123.05681479672388,46.277602919480785],[-123.05692387664814,46.277862530682285],[-123.05617843664167,46.27801448485018],[-123.05628751474833,46.27827409687126],[-123.05591479212507,46.27835007280836],[-123.05602386975069,46.278609685293624],[-123.05565114493517,46.278685660584706],[-123.05576022207977,46.278945273534156],[-123.05538749507197,46.27902124817909],[-123.0556056492547,46.27954047511518],[-123.05523291871793,46.27961644946949],[-123.05566923200419,46.280654906069586],[-123.05604196788782,46.28057893029385],[-123.05636921584714,46.281357772821146],[-123.05599647595332,46.28143374966306],[-123.05643281319848,46.28247220931258],[-123.05606006710184,46.28254818657461],[-123.05627823818517,46.283067417763874],[-123.05553273807743,46.28321937070513],[-123.05564182222902,46.283478987173986],[-123.05526906955474,46.283554962497824],[-123.0553781532252,46.28381457943111],[-123.05500539835832,46.2838905541088],[-123.05522356559274,46.28440978901327],[-123.05485080719636,46.28448576340028],[-123.05528714658652,46.285524235939135],[-123.05565991033056,46.285448260130394],[-123.05587808783416,46.28596749634318],[-123.05662361810259,46.2858155402992],[-123.05673271081197,46.28607515785825],[-123.05785100380665,46.28584721521441],[-123.05796010138263,46.28610683181606],[-123.0583328653394,46.28603084857624],[-123.05844196510812,46.2862904649315],[-123.05881472954593,46.28621448033465],[-123.05892383150747,46.286474096443435],[-123.05929659642626,46.28639811048958],[-123.0594057005806,46.2866577263519],[-123.06015123052423,46.28650575072866],[-123.06026033820832,46.286765365988956],[-123.06063310323312,46.28668937631954],[-123.0608513238429,46.28720860645637],[-123.06122409068551,46.287132615074356],[-123.06133320361128,46.28739222995079],[-123.06170597093482,46.28731623721174],[-123.06181508605347,46.287575851841666],[-123.06256062080628,46.287423862647955],[-123.06266973945476,46.287683476675866],[-123.06341527345722,46.28753148276494],[-123.06352439563548,46.28779109619074],[-123.06650650809705,46.28718307764253],[-123.06639737522408,46.28692346706138],[-123.0667701340925,46.28684746059174],[-123.06687926830223,46.2871070708173],[-123.06762478614417,46.286955054162426],[-123.06773392388361,46.287214663785754],[-123.06847944097441,46.28706264241379],[-123.06858858224358,46.287322251434894],[-123.06970685546864,46.287094210799104],[-123.06981600160427,46.28735381886235],[-123.07093427113351,46.287125768146545],[-123.07104342213559,46.28738537525188],[-123.07141617826953,46.287309355988015],[-123.07152533146461,46.28756896284665],[-123.07189808807902,46.287492942225704],[-123.07200724346711,46.28775254883759],[-123.07238000056192,46.287676526859606],[-123.07248915814303,46.287936133224825],[-123.07286191571825,46.287860109889714],[-123.07297107549242,46.28811971600818],[-123.07334383354801,46.28804369131595],[-123.07345299551524,46.288303297187745],[-123.07382575405121,46.28822727113838],[-123.07393491821149,46.28848687676349],[-123.07430767722781,46.28841084935694],[-123.0744168435812,46.288670454735296],[-123.07478960307783,46.28859442597164],[-123.07489877162433,46.288854031103305],[-123.07527153160127,46.288778000982475],[-123.07538070234091,46.28903760586745],[-123.07575346279813,46.28896157438944],[-123.0758626357309,46.289221179027656],[-123.0762353966684,46.289145146192475],[-123.07754555470883,46.29226040608641],[-123.07791833083085,46.2921843679805],[-123.0781367051695,46.29270357877804],[-123.07850948310853,46.29262753895904],[-123.07861867289958,46.292887144165626],[-123.07899145131881,46.29281110298926],[-123.07942822439657,46.293849523483324],[-123.07905544063003,46.293925566083],[-123.0791646347043,46.294185171835146],[-123.07879184874423,46.29426121378914],[-123.07890104233827,46.294520820006255],[-123.0785282541847,46.29459686131463],[-123.07896503178016,46.29563528869802],[-123.07821944220771,46.295787371157004],[-123.07865622281489,46.29682580313421],[-123.0782834213958,46.29690184428489],[-123.07839261735239,46.29716145290815],[-123.07764700927008,46.2973135329167],[-123.07775620340941,46.29757314236089],[-123.07738339674614,46.29764918121869],[-123.07749259040519,46.29790879112801],[-123.07711978154819,46.297984829340166],[-123.07722897472689,46.29824443971461],[-123.0776017849209,46.29816840114658],[-123.07792937360854,46.29894723185786],[-123.078302186957,46.29887119122058],[-123.07895739548762,46.30042885345845],[-123.0793302160018,46.300352809684],[-123.0795486283741,46.30087203059254],[-123.07992145070564,46.3007959851047],[-123.08013986917959,46.30131520573858],[-123.0805126933285,46.30123915853714],[-123.08105876119471,46.30253721025569],[-123.08068593036009,46.30261325923703],[-123.08101357735153,46.303392092648444],[-123.08064074164842,46.303468141696165],[-123.08074995768892,46.30372775340808],[-123.08037711979163,46.30380380181018],[-123.08059555176914,46.30432302627434],[-123.08022271034042,46.30439907438675],[-123.08098723989592,46.306216365950625],[-123.08136009068554,46.306140315345964],[-123.08168776307657,46.30691915516148],[-123.08206061702107,46.30684310248695],[-123.08216984420288,46.30710271562177],[-123.08254269862762,46.30702666158944],[-123.08276115823715,46.30754588747532],[-123.08313401447941,46.30746983172922],[-123.0832432469072,46.307729444480316],[-123.08361610362965,46.30765338737642],[-123.08394381006786,46.30843222521845],[-123.08468952896524,46.30828010586905],[-123.08512649358215,46.30931855500936],[-123.08475362921266,46.30939461660945],[-123.08486287117259,46.30965422952457],[-123.0844900046085,46.30973029047907],[-123.08503622057975,46.311028358478644],[-123.08540909383086,46.31095229574333],[-123.08573683771313,46.31173113678965],[-123.0853639604497,46.3118072005935],[-123.08569170803537,46.312586043694836],[-123.08531882590223,46.312662107565494],[-123.08542807547461,46.312921722508094],[-123.08505519114665,46.312997785733195],[-123.08527369018839,46.313517016659695],[-123.08490080232806,46.313593079595435],[-123.08577482208912,46.315670010538575],[-123.08614772064999,46.31559394475306],[-123.08647549622027,46.31637279459832],[-123.08684839793654,46.316296726742216],[-123.08706692194589,46.31681595980852],[-123.08743982547989,46.31673989023816],[-123.08765835559444,46.31725912303091],[-123.0880312609462,46.31718305174616],[-123.08835906656229,46.31796190068973],[-123.08873197506944,46.31788582733425],[-123.08884124666085,46.31814544351201],[-123.08846833681606,46.318221517223776],[-123.0886868798963,46.318740750621224],[-123.08905979241642,46.318664676196896],[-123.08938761748163,46.319443526047586],[-123.08976053315719,46.319367449552395],[-123.08986981123186,46.31962706603262],[-123.09024272738745,46.31955098817927],[-123.09035200765744,46.31981060441291],[-123.0907249242931,46.31973452520139],[-123.09094349008139,46.320253757285464],[-123.09057057077035,46.32032983720967],[-123.09100770728828,46.32136830412134],[-123.09063478176866,46.32144438446928],[-123.09118121502577,46.322742472362776],[-123.09139979433279,46.32326170828943],[-123.09177272921683,46.323185625446655],[-123.09210060862414,46.32396447909177],[-123.09135472997133,46.32411664591396],[-123.09146402214701,46.32437626472843],[-123.09109108019608,46.3244523469932],[-123.09130966444513,46.324971585664805],[-123.09093671896063,46.325047667640504],[-123.09159248426812,46.32660538843349],[-123.09121952989828,46.32668147154609],[-123.09143812252098,46.32720071340342],[-123.09106516461738,46.32727679622707],[-123.09150235480539,46.32831528268814],[-123.09112939069192,46.32839136593582],[-123.09145728832678,46.32917023300678],[-123.08884648741252,46.32970279517196],[-123.08895577897339,46.32996242024469],[-123.08858280264454,46.330038496902596],[-123.08891067845994,46.33081737385099],[-123.08901997211419,46.3310769997207],[-123.08939295379562,46.33100092163682],[-123.08972084392035,46.3317797988376],[-123.09009382875837,46.331703718682135],[-123.09031242914094,46.332222969987214],[-123.09068541579737,46.332146888116675],[-123.09079471861378,46.33240651357798],[-123.09154069202901,46.3322543461178],[-123.0916499983798,46.332513970976194],[-123.09202298513858,46.332437885386504],[-123.09224160309059,46.3329571347207],[-123.09261459166768,46.33288104741595],[-123.09283321572823,46.33340029647778],[-123.09320620612364,46.33332420745788],[-123.09331552077921,46.33358383179752],[-123.09368851165475,46.33350774141898],[-123.09379782850661,46.33376736551224],[-123.0941708198622,46.33369127377513],[-123.09428013891035,46.333950897622024],[-123.09465313074601,46.33387480452629],[-123.09487177409312,46.33439405183742],[-123.09524476774699,46.33431795702643],[-123.095354092046,46.33457758049075],[-123.09572708617988,46.33450148432112],[-123.09583641267524,46.33476110753904],[-123.09620940728917,46.334685010010794],[-123.0966467272054,46.33572350255813],[-123.09627372723865,46.335799601513],[-123.0964923896697,46.33631884916149],[-123.09611938616827,46.33639494782765],[-123.0962287173329,46.33665457217396],[-123.09585571163497,46.33673067019477],[-123.09596504231958,46.33699029500804],[-123.0963380493558,46.33691419663056],[-123.09644738223697,46.33717382119744],[-123.09682038975323,46.337097721461284],[-123.09692972483093,46.33735734578178],[-123.09730273282717,46.337281244686835],[-123.09741207010146,46.337540868760975],[-123.09778507857766,46.33746476630732],[-123.09789441804854,46.337724390135016],[-123.0982674270047,46.33764828632264],[-123.09837676867217,46.337907909903954],[-123.09800375837774,46.337984014073065],[-123.09844112827803,46.33902251092829],[-123.09881414392567,46.338946405332294],[-123.09903283670266,46.33946565370847],[-123.09940585416854,46.33938954639691],[-123.09951520318296,46.33964917039375],[-123.09988822112872,46.33957306172343],[-123.10010692440953,46.34009230933466],[-123.10047994417351,46.34001619894876],[-123.10080800954817,46.34079507012296],[-123.10118103246867,46.34071895766465],[-123.10129039064887,46.34097858125332],[-123.1031554990654,46.340598002146926],[-123.10304613419362,46.34033838034223],[-123.10379216887385,46.34018614239899],[-123.10390153642221,46.340445763490074],[-123.10427455381277,46.340369642658594],[-123.10416518492613,46.34011002192436],[-123.10603025230893,46.339729404520774],[-123.10679589938509,46.34154673948829],[-123.10716891965352,46.34147061050353],[-123.10727830258014,46.341730229869086],[-123.10765132332814,46.34165409952547],[-123.10776070845176,46.34191371864449],[-123.1081337296793,46.341837586942],[-123.10824311699989,46.34209720581449],[-123.10861613870696,46.342021072753084],[-123.10883491860088,46.34254031011531],[-123.10920794212576,46.342464175338044],[-123.10931733469913,46.34272379382787],[-123.11006338184907,46.342571520553456],[-123.10995398659918,46.342311902777475],[-123.11032700754771,46.34223576499416],[-123.11021761181836,46.34197614768551],[-123.11059063056989,46.3419000092571],[-123.11048123436113,46.34164039241568],[-123.11085425091564,46.341564253342135],[-123.11074485422743,46.34130463696796],[-123.111117868585,46.341228497249396],[-123.1110084714174,46.34096888134247],[-123.11138148357796,46.34089274097881],[-123.11127208593099,46.34063312553905],[-123.11164509589463,46.34055698453034],[-123.11153569776829,46.34029736955783],[-123.11302772368235,46.33999279693092],[-123.11291832106235,46.33973318349629],[-123.1132913240558,46.339657038191596],[-123.1131819209565,46.33939742522413],[-123.1143009207697,46.339168984369074],[-123.11441032788314,46.33942859626576],[-123.11515632614052,46.33927629663888],[-123.11537514829612,46.33979551933526],[-123.11574814881261,46.339719367304994],[-123.11585756251678,46.33997897846157],[-123.11623056351239,46.3399028250725],[-123.1163399794135,46.34016243598236],[-123.11708598150412,46.34001012548443],[-123.11719540094019,46.340269735790535],[-123.11794140227114,46.34011742057098],[-123.1180508252422,46.34037703027347],[-123.11842382595725,46.34030087080381],[-123.1185332511253,46.34056048025952],[-123.11890625231938,46.34048431943099],[-123.11901567968445,46.34074392863989],[-123.12013468212675,46.340515439071716],[-123.12024411436484,46.34077504731987],[-123.12061711479886,46.34069888176962],[-123.12094542068135,46.34147770610438],[-123.12131842427034,46.34140153848118],[-123.12142786262065,46.34166114645618],[-123.12180086668855,46.34158497747403],[-123.12201974864249,46.342104193040704],[-123.12239275452731,46.342028022342525],[-123.12250219813097,46.34228762993419],[-123.12287520449465,46.34221145787698],[-123.12309409695544,46.34273067267701],[-123.12346710513603,46.34265449890375],[-123.12357655399317,46.342914106112076],[-123.12394956265258,46.34283793097984],[-123.12416846562056,46.34335714501309],[-123.12491448571382,46.34320479031448],[-123.12502394116265,46.34346439678226],[-123.12513339747073,46.34372400336036],[-123.12550640890457,46.343647823794],[-123.12583478699845,46.34442664311864],[-123.1262078015871,46.344350461478896],[-123.12675512228647,46.345648494107],[-123.12712814270606,46.34557230967956],[-123.12734707967732,46.34609152278873],[-123.1277201019137,46.34601533664506],[-123.12793904499863,46.346534549481106],[-123.12831206905179,46.346458361621124],[-123.1285310182505,46.34697757418424],[-123.12890404412042,46.34690138460785],[-123.1291229994331,46.34742059689799],[-123.12949602711974,46.347344405605305],[-123.12971498854644,46.34786361762239],[-123.13008801804985,46.347787424613266],[-123.13019750139051,46.34804703043013],[-123.12982447054904,46.34812322379651],[-123.13015292171377,46.34890204298113],[-123.12977988599836,46.34897823641724],[-123.13010834088436,46.349757057667254],[-123.12973530029491,46.349833251173166],[-123.12995427184025,46.35035246660653],[-123.1303273151061,46.35027627238607],[-123.1304368035063,46.350535879911114],[-123.13080984725077,46.35045968433143],[-123.13091933784877,46.35071929160962],[-123.13129238207186,46.35064309467066],[-123.13151136852305,46.35116230884391],[-123.13188441456296,46.35108611018834],[-123.1323224031338,46.35212453843108],[-123.13194935174103,46.352200738515876],[-123.13216834850793,46.35271995401479],[-123.13179529357896,46.352796153812236],[-123.1323427938494,46.354094196280094],[-123.13271585546983,46.35401799469597],[-123.13337289219535,46.35557564716113],[-123.13374596098602,46.35549944243068],[-123.13418400801886,46.35653787818932],[-123.13455708130317,46.35646167102725],[-123.13477611265536,46.35698088885533]],[[-122.89482817835504,46.549507240648055],[-122.89445373725835,46.54958283627706],[-122.89456262747933,46.54984278682046],[-122.8949370699266,46.54976719083405],[-122.89482817835504,46.549507240648055]]],[[[-121.40117377808434,46.60667295397857],[-121.40079734572622,46.60674446719852],[-121.40069426542195,46.60648331532995],[-121.40107069640084,46.606411802450424],[-121.40117377808434,46.60667295397857]]]]},"id":"globalwatershed","properties":{}}],"bbox":[-123.13772998983157,46.040018107486986,-121.35782309787147,46.87441488850414]}