{
"type": "FeatureCollection",
"name": "upstream_sites",
"crs": { "type": "name", "properties": { "name": "urn:ogc:def:crs:OGC:1.3:CRS84" } },
"features": [
{ "type": "Feature", "properties": { "identifier": "USGS-14228000", "navigation": "https://api.water.usgs.gov/nldi/linked-data/nwissite/USGS-14228000/navigation", "name": "NORTH FORK HAGER CREEK NEAR LEWIS, WA", "source": "nwissite", "sourceName": "NWIS Surface Water Sites", "comid": 23745206, "type": "hydrolocation", "uri": "https://waterdata.usgs.gov/monitoring-location/USGS-14228000", "reachcode": "17080004000746", "measure": 87.4113, "mainstem": null }, "geometry": { "type": "Point", "coordinates": [ -121.6456429, 46.58872378 ] } },
{ "type": "Feature", "properties": { "identifier": "USGS-14240311", "navigation": "https://api.water.usgs.gov/nldi/linked-data/nwissite/USGS-14240311/navigation", "name": "SPIRIT LAKE TUNNEL OUTLET NR SPIRIT LAKE, WA", "source": "nwissite", "sourceName": "NWIS Surface Water Sites", "comid": 24249368, "type": "hydrolocation", "uri": "https://waterdata.usgs.gov/monitoring-location/USGS-14240311", "reachcode": "17080005000442", "measure": 60.3547, "mainstem": null }, "geometry": { "type": "Point", "coordinates": [ -122.1952778, 46.2822222 ] } },
{ "type": "Feature", "properties": { "identifier": "USGS-14239500", "navigation": "https://api.water.usgs.gov/nldi/linked-data/nwissite/USGS-14239500/navigation", "name": "OLEQUA CREEK AT WINLOCK, WA", "source": "nwissite", "sourceName": "NWIS Surface Water Sites", "comid": 24249144, "type": "hydrolocation", "uri": "https://waterdata.usgs.gov/monitoring-location/USGS-14239500", "reachcode": "17080005000342", "measure": 77.3842, "mainstem": "https://geoconnex.us/ref/mainstems/1454785" }, "geometry": { "type": "Point", "coordinates": [ -122.9401205, 46.48871767 ] } },
{ "type": "Feature", "properties": { "identifier": "USGS-14240400", "navigation": "https://api.water.usgs.gov/nldi/linked-data/nwissite/USGS-14240400/navigation", "name": "NF TOUTLE RIVER AB BEAR CREEK NEAR KID VALLEY, WA", "source": "nwissite", "sourceName": "NWIS Surface Water Sites", "comid": 24249294, "type": "hydrolocation", "uri": "https://waterdata.usgs.gov/monitoring-location/USGS-14240400", "reachcode": "17080005000410", "measure": 16.5466, "mainstem": null }, "geometry": { "type": "Point", "coordinates": [ -122.349547, 46.27233096 ] } },
{ "type": "Feature", "properties": { "identifier": "USGS-461839122271000", "navigation": "https://api.water.usgs.gov/nldi/linked-data/nwissite/USGS-461839122271000/navigation", "name": "N F TOUTLE ABV CORPS DAM RESERVOIR", "source": "nwissite", "sourceName": "NWIS Surface Water Sites", "comid": 24248692, "type": "hydrolocation", "uri": "https://waterdata.usgs.gov/monitoring-location/USGS-461839122271000", "reachcode": "17080005000149", "measure": 66.8623, "mainstem": "https://geoconnex.us/ref/mainstems/1434966" }, "geometry": { "type": "Point", "coordinates": [ -122.4539951, 46.3106636 ] } },
{ "type": "Feature", "properties": { "identifier": "USGS-461844122275400", "navigation": "https://api.water.usgs.gov/nldi/linked-data/nwissite/USGS-461844122275400/navigation", "name": "5  NF TOUTLE RM 20.7 ER2", "source": "nwissite", "sourceName": "NWIS Surface Water Sites", "comid": 24248692, "type": "hydrolocation", "uri": "https://waterdata.usgs.gov/monitoring-location/USGS-461844122275400", "reachcode": "17080005000149", "measure": 14.4743, "mainstem": "https://geoconnex.us/ref/mainstems/1434966" }, "geometry": { "type": "Point", "coordinates": [ -122.4662177, 46.3120524 ] } },
{ "type": "Feature", "properties": { "identifier": "USGS-461844122275402", "navigation": "https://api.water.usgs.gov/nldi/linked-data/nwissite/USGS-461844122275402/navigation", "name": "5  NF TOUTLE RM 20.7 BM", "source": "nwissite", "sourceName": "NWIS Surface Water Sites", "comid": 24248692, "type": "hydrolocation", "uri": "https://waterdata.usgs.gov/monitoring-location/USGS-461844122275402", "reachcode": "17080005000149", "measure": 14.4743, "mainstem": "https://geoconnex.us/ref/mainstems/1434966" }, "geometry": { "type": "Point", "coordinates": [ -122.4662177, 46.3120524 ] } },
{ "type": "Feature", "properties": { "identifier": "USGS-14238900", "navigation": "https://api.water.usgs.gov/nldi/linked-data/nwissite/USGS-14238900/navigation", "name": "CEDAR CREEK AB NORTH FORK CEDAR CR NR TOLEDO, WA", "source": "nwissite", "sourceName": "NWIS Surface Water Sites", "comid": 24248888, "type": "hydrolocation", "uri": "https://waterdata.usgs.gov/monitoring-location/USGS-14238900", "reachcode": "17080005000242", "measure": 48.7838, "mainstem": "https://geoconnex.us/ref/mainstems/1472849" }, "geometry": { "type": "Point", "coordinates": [ -122.7034459, 46.4303868 ] } },
{ "type": "Feature", "properties": { "identifier": "USGS-14240440", "navigation": "https://api.water.usgs.gov/nldi/linked-data/nwissite/USGS-14240440/navigation", "name": "CASTLE CREEK AB CASTLE LAKE NEAR SPIRIT LAKE, WA", "source": "nwissite", "sourceName": "NWIS Surface Water Sites", "comid": 24248716, "type": "hydrolocation", "uri": "https://waterdata.usgs.gov/monitoring-location/USGS-14240440", "reachcode": "17080005000161", "measure": 44.0928, "mainstem": null }, "geometry": { "type": "Point", "coordinates": [ -122.2628778, 46.2531648 ] } },
{ "type": "Feature", "properties": { "identifier": "USGS-14240445", "navigation": "https://api.water.usgs.gov/nldi/linked-data/nwissite/USGS-14240445/navigation", "name": "SF CASTLE CREEK LAKE DEBRIS DAM NR SPIRIT LAKE, WA", "source": "nwissite", "sourceName": "NWIS Surface Water Sites", "comid": 24250032, "type": "hydrolocation", "uri": "https://waterdata.usgs.gov/monitoring-location/USGS-14240445", "reachcode": "17080005000765", "measure": 9.3065, "mainstem": null }, "geometry": { "type": "Point", "coordinates": [ -122.2789894, 46.25872028 ] } },
{ "type": "Feature", "properties": { "identifier": "USGS-14240447", "navigation": "https://api.water.usgs.gov/nldi/linked-data/nwissite/USGS-14240447/navigation", "name": "SF CASTLE CREEK LAKE WEST NEAR SPIRIT LAKE, WA", "source": "nwissite", "sourceName": "NWIS Surface Water Sites", "comid": 24248716, "type": "hydrolocation", "uri": "https://waterdata.usgs.gov/monitoring-location/USGS-14240447", "reachcode": "17080005000161", "measure": 10.9284, "mainstem": null }, "geometry": { "type": "Point", "coordinates": [ -122.275656, 46.2584425 ] } },
{ "type": "Feature", "properties": { "identifier": "USGS-461522122163602", "navigation": "https://api.water.usgs.gov/nldi/linked-data/nwissite/USGS-461522122163602/navigation", "name": "HYPOLIMNION-SF CASTLE LK NR SPIRIT LK, WA", "source": "nwissite", "sourceName": "NWIS Surface Water Sites", "comid": 24250032, "type": "hydrolocation", "uri": "https://waterdata.usgs.gov/monitoring-location/USGS-461522122163602", "reachcode": "17080005000765", "measure": 18.7777, "mainstem": null }, "geometry": { "type": "Point", "coordinates": [ -122.2778782, 46.2559425 ] } },
{ "type": "Feature", "properties": { "identifier": "USGS-461707122162000", "navigation": "https://api.water.usgs.gov/nldi/linked-data/nwissite/USGS-461707122162000/navigation", "name": "POND No. 1 ON COLDWATER DAM NR MT ST HELENS, WA", "source": "nwissite", "sourceName": "NWIS Surface Water Sites", "comid": 24248740, "type": "hydrolocation", "uri": "https://waterdata.usgs.gov/monitoring-location/USGS-461707122162000", "reachcode": "17080005000169", "measure": 32.0321, "mainstem": null }, "geometry": { "type": "Point", "coordinates": [ -122.2734339, 46.28510925 ] } },
{ "type": "Feature", "properties": { "identifier": "USGS-14240000", "navigation": "https://api.water.usgs.gov/nldi/linked-data/nwissite/USGS-14240000/navigation", "name": "STILLWATER CREEK NEAR VADER, WA", "source": "nwissite", "sourceName": "NWIS Surface Water Sites", "comid": 24249160, "type": "hydrolocation", "uri": "https://waterdata.usgs.gov/monitoring-location/USGS-14240000", "reachcode": "17080005000350", "measure": 7.3401, "mainstem": "https://geoconnex.us/ref/mainstems/1460203" }, "geometry": { "type": "Point", "coordinates": [ -122.9956757, 46.41510747 ] } },
{ "type": "Feature", "properties": { "identifier": "USGS-14238850", "navigation": "https://api.water.usgs.gov/nldi/linked-data/nwissite/USGS-14238850/navigation", "name": "CEDAR CREEK ABOVE WINDOM MINE NEAR TOLEDO, WA", "source": "nwissite", "sourceName": "NWIS Surface Water Sites", "comid": 24248892, "type": "hydrolocation", "uri": "https://waterdata.usgs.gov/monitoring-location/USGS-14238850", "reachcode": "17080005000244", "measure": 45.2701, "mainstem": "https://geoconnex.us/ref/mainstems/1472849" }, "geometry": { "type": "Point", "coordinates": [ -122.654001, 46.4437196 ] } },
{ "type": "Feature", "properties": { "identifier": "USGS-462515121281702", "navigation": "https://api.water.usgs.gov/nldi/linked-data/nwissite/USGS-462515121281702/navigation", "name": "HYPOLIMNION-WALUPT LAKE NR PACKWOOD WA", "source": "nwissite", "sourceName": "NWIS Surface Water Sites", "comid": 23743918, "type": "hydrolocation", "uri": "https://waterdata.usgs.gov/monitoring-location/USGS-462515121281702", "reachcode": "17080004000010", "measure": 0.0, "mainstem": null }, "geometry": { "type": "Point", "coordinates": [ -121.472583, 46.420673 ] } },
{ "type": "Feature", "properties": { "identifier": "USGS-14231670", "navigation": "https://api.water.usgs.gov/nldi/linked-data/nwissite/USGS-14231670/navigation", "name": "WALUPT LAKE NEAR  PACKWOOD, WA", "source": "nwissite", "sourceName": "NWIS Surface Water Sites", "comid": 23743918, "type": "hydrolocation", "uri": "https://waterdata.usgs.gov/monitoring-location/USGS-14231670", "reachcode": "17080004000010", "measure": 0.0, "mainstem": null }, "geometry": { "type": "Point", "coordinates": [ -121.472583, 46.420673 ] } },
{ "type": "Feature", "properties": { "identifier": "USGS-14224600", "navigation": "https://api.water.usgs.gov/nldi/linked-data/nwissite/USGS-14224600/navigation", "name": "BLUE LAKE NEAR PACKWOOD, WA", "source": "nwissite", "sourceName": "NWIS Surface Water Sites", "comid": 24839877, "type": "hydrolocation", "uri": "https://waterdata.usgs.gov/monitoring-location/USGS-14224600", "reachcode": "17080004001227", "measure": 100.0, "mainstem": null }, "geometry": { "type": "Point", "coordinates": [ -121.677869, 46.73816568 ] } },
{ "type": "Feature", "properties": { "identifier": "USGS-14231600", "navigation": "https://api.water.usgs.gov/nldi/linked-data/nwissite/USGS-14231600/navigation", "name": "COWLITZ RIVER ABOVE CISPUS RIVER NEAR RANDLE, WA", "source": "nwissite", "sourceName": "NWIS Surface Water Sites", "comid": 23744000, "type": "hydrolocation", "uri": "https://waterdata.usgs.gov/monitoring-location/USGS-14231600", "reachcode": "17080004000211", "measure": 3.839, "mainstem": "https://geoconnex.us/ref/mainstems/1429404" }, "geometry": { "type": "Point", "coordinates": [ -122.1023188, 46.4764995 ] } },
{ "type": "Feature", "properties": { "identifier": "USGS-461520122162000", "navigation": "https://api.water.usgs.gov/nldi/linked-data/nwissite/USGS-461520122162000/navigation", "name": "CASTLE LAKE", "source": "nwissite", "sourceName": "NWIS Surface Water Sites", "comid": 24248716, "type": "hydrolocation", "uri": "https://waterdata.usgs.gov/monitoring-location/USGS-461520122162000", "reachcode": "17080005000161", "measure": 16.8058, "mainstem": null }, "geometry": { "type": "Point", "coordinates": [ -122.2734337, 46.25538698 ] } },
{ "type": "Feature", "properties": { "identifier": "USGS-461522122163601", "navigation": "https://api.water.usgs.gov/nldi/linked-data/nwissite/USGS-461522122163601/navigation", "name": "EPILIMNION-SF CASTLE LAKE NR SPIRIT LAKE, WA", "source": "nwissite", "sourceName": "NWIS Surface Water Sites", "comid": 24250032, "type": "hydrolocation", "uri": "https://waterdata.usgs.gov/monitoring-location/USGS-461522122163601", "reachcode": "17080005000765", "measure": 18.7777, "mainstem": null }, "geometry": { "type": "Point", "coordinates": [ -122.2778782, 46.2559425 ] } },
{ "type": "Feature", "properties": { "identifier": "USGS-461537122163100", "navigation": "https://api.water.usgs.gov/nldi/linked-data/nwissite/USGS-461537122163100/navigation", "name": "BROWN POND NR S. CASTLE LK NR MT ST HELENS, WA", "source": "nwissite", "sourceName": "NWIS Surface Water Sites", "comid": 24248716, "type": "hydrolocation", "uri": "https://waterdata.usgs.gov/monitoring-location/USGS-461537122163100", "reachcode": "17080005000161", "measure": 6.0424, "mainstem": null }, "geometry": { "type": "Point", "coordinates": [ -122.2764893, 46.26010919 ] } },
{ "type": "Feature", "properties": { "identifier": "USGS-461700122162600", "navigation": "https://api.water.usgs.gov/nldi/linked-data/nwissite/USGS-461700122162600/navigation", "name": "POND No. 2 ON COLDWATER DAM NR MT ST HELENS, WA", "source": "nwissite", "sourceName": "NWIS Surface Water Sites", "comid": 24248740, "type": "hydrolocation", "uri": "https://waterdata.usgs.gov/monitoring-location/USGS-461700122162600", "reachcode": "17080005000169", "measure": 6.9335, "mainstem": null }, "geometry": { "type": "Point", "coordinates": [ -122.2751006, 46.28316479 ] } },
{ "type": "Feature", "properties": { "identifier": "USGS-461705122160600", "navigation": "https://api.water.usgs.gov/nldi/linked-data/nwissite/USGS-461705122160600/navigation", "name": "POND No. 6 ON COLDWATER DAM NR MT ST HELENS, WA", "source": "nwissite", "sourceName": "NWIS Surface Water Sites", "comid": 24248740, "type": "hydrolocation", "uri": "https://waterdata.usgs.gov/monitoring-location/USGS-461705122160600", "reachcode": "17080005000169", "measure": 48.4978, "mainstem": null }, "geometry": { "type": "Point", "coordinates": [ -122.2695449, 46.2845537 ] } },
{ "type": "Feature", "properties": { "identifier": "USGS-14240446", "navigation": "https://api.water.usgs.gov/nldi/linked-data/nwissite/USGS-14240446/navigation", "name": "CASTLE LAKE NEAR MOUNT ST. HELENS, WA", "source": "nwissite", "sourceName": "NWIS Surface Water Sites", "comid": 24250032, "type": "hydrolocation", "uri": "https://waterdata.usgs.gov/monitoring-location/USGS-14240446", "reachcode": "17080005000765", "measure": 33.5882, "mainstem": null }, "geometry": { "type": "Point", "coordinates": [ -122.2744444, 46.25638889 ] } },
{ "type": "Feature", "properties": { "identifier": "USGS-462515121281701", "navigation": "https://api.water.usgs.gov/nldi/linked-data/nwissite/USGS-462515121281701/navigation", "name": "EPILIMNION-WALUPT LAKE NR PACKWOOD WA", "source": "nwissite", "sourceName": "NWIS Surface Water Sites", "comid": 23743918, "type": "hydrolocation", "uri": "https://waterdata.usgs.gov/monitoring-location/USGS-462515121281701", "reachcode": "17080004000010", "measure": 0.0, "mainstem": null }, "geometry": { "type": "Point", "coordinates": [ -121.472583, 46.420673 ] } },
{ "type": "Feature", "properties": { "identifier": "USGS-14225400", "navigation": "https://api.water.usgs.gov/nldi/linked-data/nwissite/USGS-14225400/navigation", "name": "PACKWOOD LAKE NEAR PACKWOOD, WA", "source": "nwissite", "sourceName": "NWIS Surface Water Sites", "comid": 23744118, "type": "hydrolocation", "uri": "https://waterdata.usgs.gov/monitoring-location/USGS-14225400", "reachcode": "17080004001234", "measure": 0.0, "mainstem": "https://geoconnex.us/ref/mainstems/1447437" }, "geometry": { "type": "Point", "coordinates": [ -121.5698084, 46.59622458 ] } },
{ "type": "Feature", "properties": { "identifier": "USGS-14240305", "navigation": "https://api.water.usgs.gov/nldi/linked-data/nwissite/USGS-14240305/navigation", "name": "SPIRIT LAKE AT SPIRIT LAKE, WA", "source": "nwissite", "sourceName": "NWIS Surface Water Sites", "comid": 24248732, "type": "hydrolocation", "uri": "https://waterdata.usgs.gov/monitoring-location/USGS-14240305", "reachcode": "17080005000999", "measure": 0.0, "mainstem": "https://geoconnex.us/ref/mainstems/1434966" }, "geometry": { "type": "Point", "coordinates": [ -122.1612075, 46.2659437 ] } },
{ "type": "Feature", "properties": { "identifier": "USGS-14241495", "navigation": "https://api.water.usgs.gov/nldi/linked-data/nwissite/USGS-14241495/navigation", "name": "SF TOUTLE RIVER AT RR BRIDGE NEAR TOUTLE, WA", "source": "nwissite", "sourceName": "NWIS Surface Water Sites", "comid": 24248564, "type": "hydrolocation", "uri": "https://waterdata.usgs.gov/monitoring-location/USGS-14241495", "reachcode": "17080005000087", "measure": 63.5658, "mainstem": "https://geoconnex.us/ref/mainstems/1439674" }, "geometry": { "type": "Point", "coordinates": [ -122.6776104, 46.32344396 ] } },
{ "type": "Feature", "properties": { "identifier": "USGS-14231900", "navigation": "https://api.water.usgs.gov/nldi/linked-data/nwissite/USGS-14231900/navigation", "name": "CISPUS RIVER AB YELLOWJACKET CREEK NEAR RANDLE, WA", "source": "nwissite", "sourceName": "NWIS Surface Water Sites", "comid": 23743770, "type": "hydrolocation", "uri": "https://waterdata.usgs.gov/monitoring-location/USGS-14231900", "reachcode": "17080004000100", "measure": 63.71, "mainstem": "https://geoconnex.us/ref/mainstems/1433784" }, "geometry": { "type": "Point", "coordinates": [ -121.8400888, 46.44400155 ] } },
{ "type": "Feature", "properties": { "identifier": "USGS-14238010", "navigation": "https://api.water.usgs.gov/nldi/linked-data/nwissite/USGS-14238010/navigation", "name": "COWLITZ RIVER AB MILL CREEK HATCHERY NR SALKUM, WA", "source": "nwissite", "sourceName": "NWIS Surface Water Sites", "comid": 24248946, "type": "hydrolocation", "uri": "https://waterdata.usgs.gov/monitoring-location/USGS-14238010", "reachcode": "17080005000267", "measure": 36.4497, "mainstem": "https://geoconnex.us/ref/mainstems/1429404" }, "geometry": { "type": "Point", "coordinates": [ -122.6198352, 46.50927417 ] } },
{ "type": "Feature", "properties": { "identifier": "USGS-14240490", "navigation": "https://api.water.usgs.gov/nldi/linked-data/nwissite/USGS-14240490/navigation", "name": "NF TOUTLE RIVER AB ALDER CREEK NEAR KID VALLEY, WA", "source": "nwissite", "sourceName": "NWIS Surface Water Sites", "comid": 24248680, "type": "hydrolocation", "uri": "https://waterdata.usgs.gov/monitoring-location/USGS-14240490", "reachcode": "17080005000143", "measure": 0.0, "mainstem": "https://geoconnex.us/ref/mainstems/1434966" }, "geometry": { "type": "Point", "coordinates": [ -122.5145526, 46.3292746 ] } },
{ "type": "Feature", "properties": { "identifier": "USGS-4621561223810", "navigation": "https://api.water.usgs.gov/nldi/linked-data/nwissite/USGS-4621561223810/navigation", "name": "NF TOUTLE RIVER- OSW SEDIMENT CLASS TEST SITE B", "source": "nwissite", "sourceName": "NWIS Surface Water Sites", "comid": 24248648, "type": "hydrolocation", "uri": "https://waterdata.usgs.gov/monitoring-location/USGS-4621561223810", "reachcode": "17080005000127", "measure": 97.3073, "mainstem": "https://geoconnex.us/ref/mainstems/1434966" }, "geometry": { "type": "Point", "coordinates": [ -122.636111, 46.36555556 ] } },
{ "type": "Feature", "properties": { "identifier": "USGS-14240700", "navigation": "https://api.water.usgs.gov/nldi/linked-data/nwissite/USGS-14240700/navigation", "name": "FAWN LAKE NEAR SPIRIT LAKE, WA", "source": "nwissite", "sourceName": "NWIS Surface Water Sites", "comid": 24248792, "type": "hydrolocation", "uri": "https://waterdata.usgs.gov/monitoring-location/USGS-14240700", "reachcode": "17080005000195", "measure": 97.1313, "mainstem": null }, "geometry": { "type": "Point", "coordinates": [ -122.2570449, 46.3239983 ] } },
{ "type": "Feature", "properties": { "identifier": "USGS-14242595", "navigation": "https://api.water.usgs.gov/nldi/linked-data/nwissite/USGS-14242595/navigation", "name": "CLINE CREEK NEAR MOUTH NEAR SILVER LAKE, WA", "source": "nwissite", "sourceName": "NWIS Surface Water Sites", "comid": 24249256, "type": "hydrolocation", "uri": "https://waterdata.usgs.gov/monitoring-location/USGS-14242595", "reachcode": "17080005000393", "measure": 19.093, "mainstem": null }, "geometry": { "type": "Point", "coordinates": [ -122.8573367, 46.3420547 ] } },
{ "type": "Feature", "properties": { "identifier": "USGS-461644122161100", "navigation": "https://api.water.usgs.gov/nldi/linked-data/nwissite/USGS-461644122161100/navigation", "name": "POND No. 5 ON COLDWATER DAM NR MT ST HELENS, WA", "source": "nwissite", "sourceName": "NWIS Surface Water Sites", "comid": 24248724, "type": "hydrolocation", "uri": "https://waterdata.usgs.gov/monitoring-location/USGS-461644122161100", "reachcode": "17080005000165", "measure": 16.7794, "mainstem": "https://geoconnex.us/ref/mainstems/1434966" }, "geometry": { "type": "Point", "coordinates": [ -122.2709338, 46.27872036 ] } },
{ "type": "Feature", "properties": { "identifier": "USGS-461658122163100", "navigation": "https://api.water.usgs.gov/nldi/linked-data/nwissite/USGS-461658122163100/navigation", "name": "POND No. 4 ON COLDWATER DAM NR MT ST HELENS, WA", "source": "nwissite", "sourceName": "NWIS Surface Water Sites", "comid": 24248724, "type": "hydrolocation", "uri": "https://waterdata.usgs.gov/monitoring-location/USGS-461658122163100", "reachcode": "17080005000165", "measure": 2.1623, "mainstem": "https://geoconnex.us/ref/mainstems/1434966" }, "geometry": { "type": "Point", "coordinates": [ -122.2764895, 46.2826092 ] } },
{ "type": "Feature", "properties": { "identifier": "USGS-461659122163000", "navigation": "https://api.water.usgs.gov/nldi/linked-data/nwissite/USGS-461659122163000/navigation", "name": "POND No. 3 ON COLDWATER DAM NR MT ST HELENS, WA", "source": "nwissite", "sourceName": "NWIS Surface Water Sites", "comid": 24248724, "type": "hydrolocation", "uri": "https://waterdata.usgs.gov/monitoring-location/USGS-461659122163000", "reachcode": "17080005000165", "measure": 2.1623, "mainstem": "https://geoconnex.us/ref/mainstems/1434966" }, "geometry": { "type": "Point", "coordinates": [ -122.2762118, 46.282887 ] } },
{ "type": "Feature", "properties": { "identifier": "USGS-461927122152101", "navigation": "https://api.water.usgs.gov/nldi/linked-data/nwissite/USGS-461927122152101/navigation", "name": "EPILIMNION-FAWN LAKE NR SPIRIT LAKE, WA", "source": "nwissite", "sourceName": "NWIS Surface Water Sites", "comid": 24248792, "type": "hydrolocation", "uri": "https://waterdata.usgs.gov/monitoring-location/USGS-461927122152101", "reachcode": "17080005000195", "measure": 97.1313, "mainstem": null }, "geometry": { "type": "Point", "coordinates": [ -122.2570449, 46.3239983 ] } },
{ "type": "Feature", "properties": { "identifier": "USGS-461927122152102", "navigation": "https://api.water.usgs.gov/nldi/linked-data/nwissite/USGS-461927122152102/navigation", "name": "HYPOLIMNION-FAWN LAKE NR SPIRIT LAKE, WA", "source": "nwissite", "sourceName": "NWIS Surface Water Sites", "comid": 24248792, "type": "hydrolocation", "uri": "https://waterdata.usgs.gov/monitoring-location/USGS-461927122152102", "reachcode": "17080005000195", "measure": 97.1313, "mainstem": null }, "geometry": { "type": "Point", "coordinates": [ -122.2570449, 46.3239983 ] } },
{ "type": "Feature", "properties": { "identifier": "USGS-14241460", "navigation": "https://api.water.usgs.gov/nldi/linked-data/nwissite/USGS-14241460/navigation", "name": "SF TOUTLE R BL DISAPPNTMENT CR NR SPIRIT LAKE, WA", "source": "nwissite", "sourceName": "NWIS Surface Water Sites", "comid": 24248622, "type": "hydrolocation", "uri": "https://waterdata.usgs.gov/monitoring-location/USGS-14241460", "reachcode": "17080005000115", "measure": 58.5886, "mainstem": "https://geoconnex.us/ref/mainstems/1439674" }, "geometry": { "type": "Point", "coordinates": [ -122.3292677, 46.21205356 ] } },
{ "type": "Feature", "properties": { "identifier": "USGS-461908122400105", "navigation": "https://api.water.usgs.gov/nldi/linked-data/nwissite/USGS-461908122400105/navigation", "name": "1  SF TOUTLE RM 4.1  NR1", "source": "nwissite", "sourceName": "NWIS Surface Water Sites", "comid": 24248564, "type": "hydrolocation", "uri": "https://waterdata.usgs.gov/monitoring-location/USGS-461908122400105", "reachcode": "17080005000087", "measure": 78.355, "mainstem": "https://geoconnex.us/ref/mainstems/1439674" }, "geometry": { "type": "Point", "coordinates": [ -122.6681657, 46.31872165 ] } },
{ "type": "Feature", "properties": { "identifier": "USGS-14240500", "navigation": "https://api.water.usgs.gov/nldi/linked-data/nwissite/USGS-14240500/navigation", "name": "NF TOUTLE RIVER AT ST HELENS, WA", "source": "nwissite", "sourceName": "NWIS Surface Water Sites", "comid": 24248676, "type": "hydrolocation", "uri": "https://waterdata.usgs.gov/monitoring-location/USGS-14240500", "reachcode": "17080005000141", "measure": 54.7478, "mainstem": "https://geoconnex.us/ref/mainstems/1434966" }, "geometry": { "type": "Point", "coordinates": [ -122.5345532, 46.34427487 ] } },
{ "type": "Feature", "properties": { "identifier": "USGS-14226900", "navigation": "https://api.water.usgs.gov/nldi/linked-data/nwissite/USGS-14226900/navigation", "name": "SKATE CREEK TRIBUTARY NO 2 NEAR PACKWOOD, WA", "source": "nwissite", "sourceName": "NWIS Surface Water Sites", "comid": 23744982, "type": "hydrolocation", "uri": "https://waterdata.usgs.gov/monitoring-location/USGS-14226900", "reachcode": "17080004000651", "measure": 10.887, "mainstem": null }, "geometry": { "type": "Point", "coordinates": [ -121.7539805, 46.67483236 ] } },
{ "type": "Feature", "properties": { "identifier": "USGS-14240370", "navigation": "https://api.water.usgs.gov/nldi/linked-data/nwissite/USGS-14240370/navigation", "name": "NF TOUTLE RIVER BL MARATTA CR NR SPIRIT LAKE, WA", "source": "nwissite", "sourceName": "NWIS Surface Water Sites", "comid": 24248712, "type": "hydrolocation", "uri": "https://waterdata.usgs.gov/monitoring-location/USGS-14240370", "reachcode": "17080005000159", "measure": 97.1322, "mainstem": "https://geoconnex.us/ref/mainstems/1434966" }, "geometry": { "type": "Point", "coordinates": [ -122.3034348, 46.2839979 ] } },
{ "type": "Feature", "properties": { "identifier": "USGS-14238000", "navigation": "https://api.water.usgs.gov/nldi/linked-data/nwissite/USGS-14238000/navigation", "name": "COWLITZ RIVER BELOW MAYFIELD DAM, WA", "source": "nwissite", "sourceName": "NWIS Surface Water Sites", "comid": 24248946, "type": "hydrolocation", "uri": "https://waterdata.usgs.gov/monitoring-location/USGS-14238000", "reachcode": "17080005000267", "measure": 44.565, "mainstem": "https://geoconnex.us/ref/mainstems/1429404" }, "geometry": { "type": "Point", "coordinates": [ -122.616224, 46.51038526 ] } },
{ "type": "Feature", "properties": { "identifier": "USGS-14231100", "navigation": "https://api.water.usgs.gov/nldi/linked-data/nwissite/USGS-14231100/navigation", "name": "MILLER CREEK AT RANDLE, WA", "source": "nwissite", "sourceName": "NWIS Surface Water Sites", "comid": 23745294, "type": "hydrolocation", "uri": "https://waterdata.usgs.gov/monitoring-location/USGS-14231100", "reachcode": "17080004000782", "measure": 14.478, "mainstem": null }, "geometry": { "type": "Point", "coordinates": [ -121.9567609, 46.53594429 ] } },
{ "type": "Feature", "properties": { "identifier": "USGS-14241500", "navigation": "https://api.water.usgs.gov/nldi/linked-data/nwissite/USGS-14241500/navigation", "name": "SOUTH FORK TOUTLE RIVER AT TOUTLE, WA", "source": "nwissite", "sourceName": "NWIS Surface Water Sites", "comid": 24248564, "type": "hydrolocation", "uri": "https://waterdata.usgs.gov/monitoring-location/USGS-14241500", "reachcode": "17080005000087", "measure": 28.514, "mainstem": "https://geoconnex.us/ref/mainstems/1439674" }, "geometry": { "type": "Point", "coordinates": [ -122.697055, 46.3220554 ] } },
{ "type": "Feature", "properties": { "identifier": "USGS-14230500", "navigation": "https://api.water.usgs.gov/nldi/linked-data/nwissite/USGS-14230500/navigation", "name": "SILVER CREEK NEAR RANDLE, WA", "source": "nwissite", "sourceName": "NWIS Surface Water Sites", "comid": 23744448, "type": "hydrolocation", "uri": "https://waterdata.usgs.gov/monitoring-location/USGS-14230500", "reachcode": "17080004000419", "measure": 56.8538, "mainstem": "https://geoconnex.us/ref/mainstems/1452154" }, "geometry": { "type": "Point", "coordinates": [ -121.917871, 46.5415 ] } },
{ "type": "Feature", "properties": { "identifier": "USGS-14234805", "navigation": "https://api.water.usgs.gov/nldi/linked-data/nwissite/USGS-14234805/navigation", "name": "MOSSYROCK POWER PLANT TAILWATER NEAR MOSSYROCK, WA", "source": "nwissite", "sourceName": "NWIS Surface Water Sites", "comid": 24248988, "type": "hydrolocation", "uri": "https://waterdata.usgs.gov/monitoring-location/USGS-14234805", "reachcode": "17080005000279", "measure": 98.4374, "mainstem": "https://geoconnex.us/ref/mainstems/1429404" }, "geometry": { "type": "Point", "coordinates": [ -122.4256648, 46.53510775 ] } },
{ "type": "Feature", "properties": { "identifier": "USGS-14238020", "navigation": "https://api.water.usgs.gov/nldi/linked-data/nwissite/USGS-14238020/navigation", "name": "COWLITZ RIVER BL MILL CREEK HATCHERY NR SALKUM, WA", "source": "nwissite", "sourceName": "NWIS Surface Water Sites", "comid": 24248946, "type": "hydrolocation", "uri": "https://waterdata.usgs.gov/monitoring-location/USGS-14238020", "reachcode": "17080005000267", "measure": 32.1094, "mainstem": "https://geoconnex.us/ref/mainstems/1429404" }, "geometry": { "type": "Point", "coordinates": [ -122.6220574, 46.50844085 ] } },
{ "type": "Feature", "properties": { "identifier": "USGS-463218122144001", "navigation": "https://api.water.usgs.gov/nldi/linked-data/nwissite/USGS-463218122144001/navigation", "name": "ATLAS MINE NR MORTON, WA", "source": "nwissite", "sourceName": "NWIS Surface Water Sites", "comid": 24249530, "type": "hydrolocation", "uri": "https://waterdata.usgs.gov/monitoring-location/USGS-463218122144001", "reachcode": "17080005000519", "measure": 2.8287, "mainstem": null }, "geometry": { "type": "Point", "coordinates": [ -122.2456584, 46.53816486 ] } },
{ "type": "Feature", "properties": { "identifier": "USGS-14234810", "navigation": "https://api.water.usgs.gov/nldi/linked-data/nwissite/USGS-14234810/navigation", "name": "COWLITZ RIVER BELOW MOSSYROCK DAM, WA", "source": "nwissite", "sourceName": "NWIS Surface Water Sites", "comid": 24248988, "type": "hydrolocation", "uri": "https://waterdata.usgs.gov/monitoring-location/USGS-14234810", "reachcode": "17080005000279", "measure": 89.3185, "mainstem": "https://geoconnex.us/ref/mainstems/1429404" }, "geometry": { "type": "Point", "coordinates": [ -122.4303872, 46.535941 ] } },
{ "type": "Feature", "properties": { "identifier": "USGS-14241490", "navigation": "https://api.water.usgs.gov/nldi/linked-data/nwissite/USGS-14241490/navigation", "name": "SOUTH FORK TOUTLE RIVER AT CAMP 12 NEAR TOUTLE, WA", "source": "nwissite", "sourceName": "NWIS Surface Water Sites", "comid": 24248564, "type": "hydrolocation", "uri": "https://waterdata.usgs.gov/monitoring-location/USGS-14241490", "reachcode": "17080005000087", "measure": 78.355, "mainstem": "https://geoconnex.us/ref/mainstems/1439674" }, "geometry": { "type": "Point", "coordinates": [ -122.6681657, 46.3178883 ] } },
{ "type": "Feature", "properties": { "identifier": "USGS-14235000", "navigation": "https://api.water.usgs.gov/nldi/linked-data/nwissite/USGS-14235000/navigation", "name": "COWLITZ RIVER AT MOSSYROCK, WA", "source": "nwissite", "sourceName": "NWIS Surface Water Sites", "comid": 24248958, "type": "hydrolocation", "uri": "https://waterdata.usgs.gov/monitoring-location/USGS-14235000", "reachcode": "17080005000983", "measure": 60.617, "mainstem": "https://geoconnex.us/ref/mainstems/1429404" }, "geometry": { "type": "Point", "coordinates": [ -122.4931675, 46.5501069 ] } },
{ "type": "Feature", "properties": { "identifier": "USGS-14237800", "navigation": "https://api.water.usgs.gov/nldi/linked-data/nwissite/USGS-14237800/navigation", "name": "MAYFIELD RESERVOIR NEAR SILVER CREEK, WA", "source": "nwissite", "sourceName": "NWIS Surface Water Sites", "comid": 24248950, "type": "hydrolocation", "uri": "https://waterdata.usgs.gov/monitoring-location/USGS-14237800", "reachcode": "17080005000979", "measure": 0.0, "mainstem": "https://geoconnex.us/ref/mainstems/1429404" }, "geometry": { "type": "Point", "coordinates": [ -122.5876123, 46.5034409 ] } },
{ "type": "Feature", "properties": { "identifier": "USGS-14240450", "navigation": "https://api.water.usgs.gov/nldi/linked-data/nwissite/USGS-14240450/navigation", "name": "ELK CREEK NEAR SPIRIT LAKE, WA", "source": "nwissite", "sourceName": "NWIS Surface Water Sites", "comid": 24249978, "type": "hydrolocation", "uri": "https://waterdata.usgs.gov/monitoring-location/USGS-14240450", "reachcode": "17080005000740", "measure": 33.8181, "mainstem": null }, "geometry": { "type": "Point", "coordinates": [ -122.3414914, 46.28066435 ] } },
{ "type": "Feature", "properties": { "identifier": "USGS-14227500", "navigation": "https://api.water.usgs.gov/nldi/linked-data/nwissite/USGS-14227500/navigation", "name": "HAGER CREEK NEAR LEWIS, WA", "source": "nwissite", "sourceName": "NWIS Surface Water Sites", "comid": 23745230, "type": "hydrolocation", "uri": "https://waterdata.usgs.gov/monitoring-location/USGS-14227500", "reachcode": "17080004000756", "measure": 28.6397, "mainstem": null }, "geometry": { "type": "Point", "coordinates": [ -121.6511985, 46.5831682 ] } },
{ "type": "Feature", "properties": { "identifier": "USGS-463244122151001", "navigation": "https://api.water.usgs.gov/nldi/linked-data/nwissite/USGS-463244122151001/navigation", "name": "EPILIMNION-DAVIS LAKE NR MORTON, WA", "source": "nwissite", "sourceName": "NWIS Surface Water Sites", "comid": 24249498, "type": "hydrolocation", "uri": "https://waterdata.usgs.gov/monitoring-location/USGS-463244122151001", "reachcode": "17080005000006", "measure": 0.0, "mainstem": null }, "geometry": { "type": "Point", "coordinates": [ -122.2539923, 46.5453869 ] } },
{ "type": "Feature", "properties": { "identifier": "USGS-461749122305200", "navigation": "https://api.water.usgs.gov/nldi/linked-data/nwissite/USGS-461749122305200/navigation", "name": "S F TOUTLE AT CORPS DAM SPILLWAY", "source": "nwissite", "sourceName": "NWIS Surface Water Sites", "comid": 24248672, "type": "hydrolocation", "uri": "https://waterdata.usgs.gov/monitoring-location/USGS-461749122305200", "reachcode": "17080005000139", "measure": 43.2867, "mainstem": null }, "geometry": { "type": "Point", "coordinates": [ -122.5156632, 46.29677469 ] } },
{ "type": "Feature", "properties": { "identifier": "USGS-14240307", "navigation": "https://api.water.usgs.gov/nldi/linked-data/nwissite/USGS-14240307/navigation", "name": "LOOWIT CHANNEL TRIBUTARY NEAR CRATER, WA", "source": "nwissite", "sourceName": "NWIS Surface Water Sites", "comid": 24248730, "type": "hydrolocation", "uri": "https://waterdata.usgs.gov/monitoring-location/USGS-14240307", "reachcode": "17080005000168", "measure": 27.6551, "mainstem": "https://geoconnex.us/ref/mainstems/1434966" }, "geometry": { "type": "Point", "coordinates": [ -122.1803749, 46.2620546 ] } },
{ "type": "Feature", "properties": { "identifier": "USGS-462035122090401", "navigation": "https://api.water.usgs.gov/nldi/linked-data/nwissite/USGS-462035122090401/navigation", "name": "EPILIMNION-VENUS LAKE NR SPIRIT LAKE, WA", "source": "nwissite", "sourceName": "NWIS Surface Water Sites", "comid": 24249868, "type": "hydrolocation", "uri": "https://waterdata.usgs.gov/monitoring-location/USGS-462035122090401", "reachcode": "17080005000687", "measure": 100.0, "mainstem": null }, "geometry": { "type": "Point", "coordinates": [ -122.152319, 46.3428882 ] } },
{ "type": "Feature", "properties": { "identifier": "USGS-462035122090402", "navigation": "https://api.water.usgs.gov/nldi/linked-data/nwissite/USGS-462035122090402/navigation", "name": "HYPOLIMNION-VENUS LAKE NR SPIRIT LAKE, WA", "source": "nwissite", "sourceName": "NWIS Surface Water Sites", "comid": 24249868, "type": "hydrolocation", "uri": "https://waterdata.usgs.gov/monitoring-location/USGS-462035122090402", "reachcode": "17080005000687", "measure": 100.0, "mainstem": null }, "geometry": { "type": "Point", "coordinates": [ -122.152319, 46.3428882 ] } },
{ "type": "Feature", "properties": { "identifier": "USGS-14240310", "navigation": "https://api.water.usgs.gov/nldi/linked-data/nwissite/USGS-14240310/navigation", "name": "NORTH FORK TOUTLE RIVER AT OUTFLOW SPIRIT LAKE, WA", "source": "nwissite", "sourceName": "NWIS Surface Water Sites", "comid": 24248730, "type": "hydrolocation", "uri": "https://waterdata.usgs.gov/monitoring-location/USGS-14240310", "reachcode": "17080005000168", "measure": 83.1222, "mainstem": "https://geoconnex.us/ref/mainstems/1434966" }, "geometry": { "type": "Point", "coordinates": [ -122.1637076, 46.26288816 ] } },
{ "type": "Feature", "properties": { "identifier": "USGS-14236000", "navigation": "https://api.water.usgs.gov/nldi/linked-data/nwissite/USGS-14236000/navigation", "name": "TILTON RIVER AT MORTON, WA", "source": "nwissite", "sourceName": "NWIS Surface Water Sites", "comid": 24249044, "type": "hydrolocation", "uri": "https://waterdata.usgs.gov/monitoring-location/USGS-14236000", "reachcode": "17080005000295", "measure": 36.5246, "mainstem": "https://geoconnex.us/ref/mainstems/1446031" }, "geometry": { "type": "Point", "coordinates": [ -122.2845494, 46.55816426 ] } },
{ "type": "Feature", "properties": { "identifier": "USGS-14240306", "navigation": "https://api.water.usgs.gov/nldi/linked-data/nwissite/USGS-14240306/navigation", "name": "SPIRIT LAKE WEST AT SPIRIT LAKE, WA", "source": "nwissite", "sourceName": "NWIS Surface Water Sites", "comid": 24248730, "type": "hydrolocation", "uri": "https://waterdata.usgs.gov/monitoring-location/USGS-14240306", "reachcode": "17080005000168", "measure": 86.4124, "mainstem": "https://geoconnex.us/ref/mainstems/1434966" }, "geometry": { "type": "Point", "coordinates": [ -122.1654139, 46.2642944 ] } },
{ "type": "Feature", "properties": { "identifier": "USGS-14240600", "navigation": "https://api.water.usgs.gov/nldi/linked-data/nwissite/USGS-14240600/navigation", "name": "VENUS LAKE NEAR SPIRIT LAKE, WA", "source": "nwissite", "sourceName": "NWIS Surface Water Sites", "comid": 24249868, "type": "hydrolocation", "uri": "https://waterdata.usgs.gov/monitoring-location/USGS-14240600", "reachcode": "17080005000687", "measure": 100.0, "mainstem": null }, "geometry": { "type": "Point", "coordinates": [ -122.152319, 46.3428882 ] } },
{ "type": "Feature", "properties": { "identifier": "USGS-461558122093601", "navigation": "https://api.water.usgs.gov/nldi/linked-data/nwissite/USGS-461558122093601/navigation", "name": "EPILIMNION-SPIRIT LAKE AT SPIRIT LAKE, WA", "source": "nwissite", "sourceName": "NWIS Surface Water Sites", "comid": 24248730, "type": "hydrolocation", "uri": "https://waterdata.usgs.gov/monitoring-location/USGS-461558122093601", "reachcode": "17080005000168", "measure": 99.2578, "mainstem": "https://geoconnex.us/ref/mainstems/1434966" }, "geometry": { "type": "Point", "coordinates": [ -122.1612075, 46.2659437 ] } },
{ "type": "Feature", "properties": { "identifier": "USGS-461558122093602", "navigation": "https://api.water.usgs.gov/nldi/linked-data/nwissite/USGS-461558122093602/navigation", "name": "HYPOLIMNION-SPIRIT LAKE AT SPIRIT LAKE, WA", "source": "nwissite", "sourceName": "NWIS Surface Water Sites", "comid": 24248730, "type": "hydrolocation", "uri": "https://waterdata.usgs.gov/monitoring-location/USGS-461558122093602", "reachcode": "17080005000168", "measure": 99.2578, "mainstem": "https://geoconnex.us/ref/mainstems/1434966" }, "geometry": { "type": "Point", "coordinates": [ -122.1612075, 46.2659437 ] } },
{ "type": "Feature", "properties": { "identifier": "USGS-14237900", "navigation": "https://api.water.usgs.gov/nldi/linked-data/nwissite/USGS-14237900/navigation", "name": "MAYFIELD POWER PLANT TAILWATER NR SILVER CREEK, WA", "source": "nwissite", "sourceName": "NWIS Surface Water Sites", "comid": 24248950, "type": "hydrolocation", "uri": "https://waterdata.usgs.gov/monitoring-location/USGS-14237900", "reachcode": "17080005000979", "measure": 0.0, "mainstem": "https://geoconnex.us/ref/mainstems/1429404" }, "geometry": { "type": "Point", "coordinates": [ -122.5878901, 46.50399647 ] } },
{ "type": "Feature", "properties": { "identifier": "USGS-14241200", "navigation": "https://api.water.usgs.gov/nldi/linked-data/nwissite/USGS-14241200/navigation", "name": "COLDSPRING CREEK NEAR COUGAR, WA", "source": "nwissite", "sourceName": "NWIS Surface Water Sites", "comid": 24250222, "type": "hydrolocation", "uri": "https://waterdata.usgs.gov/monitoring-location/USGS-14241200", "reachcode": "17080005000846", "measure": 66.555, "mainstem": null }, "geometry": { "type": "Point", "coordinates": [ -122.2914881, 46.177054 ] } },
{ "type": "Feature", "properties": { "identifier": "USGS-14234800", "navigation": "https://api.water.usgs.gov/nldi/linked-data/nwissite/USGS-14234800/navigation", "name": "RIFFE LAKE NEAR MOSSYROCK, WA", "source": "nwissite", "sourceName": "NWIS Surface Water Sites", "comid": 24248994, "type": "hydrolocation", "uri": "https://waterdata.usgs.gov/monitoring-location/USGS-14234800", "reachcode": "17080005001009", "measure": 0.0, "mainstem": "https://geoconnex.us/ref/mainstems/1429404" }, "geometry": { "type": "Point", "coordinates": [ -122.4248314, 46.53510776 ] } },
{ "type": "Feature", "properties": { "identifier": "USGS-14242592", "navigation": "https://api.water.usgs.gov/nldi/linked-data/nwissite/USGS-14242592/navigation", "name": "CLINE CREEK AT WILKES HILLS NEAR SILVER LAKE, WA", "source": "nwissite", "sourceName": "NWIS Surface Water Sites", "comid": 24249258, "type": "hydrolocation", "uri": "https://waterdata.usgs.gov/monitoring-location/USGS-14242592", "reachcode": "17080005000394", "measure": 67.6677, "mainstem": null }, "geometry": { "type": "Point", "coordinates": [ -122.852615, 46.37538739 ] } },
{ "type": "Feature", "properties": { "identifier": "USGS-461742122233900", "navigation": "https://api.water.usgs.gov/nldi/linked-data/nwissite/USGS-461742122233900/navigation", "name": "GREEN POND No. 1 ON DEBRIS DAM", "source": "nwissite", "sourceName": "NWIS Surface Water Sites", "comid": 24248704, "type": "hydrolocation", "uri": "https://waterdata.usgs.gov/monitoring-location/USGS-461742122233900", "reachcode": "17080005000155", "measure": 68.2793, "mainstem": "https://geoconnex.us/ref/mainstems/1434966" }, "geometry": { "type": "Point", "coordinates": [ -122.395382, 46.29483068 ] } },
{ "type": "Feature", "properties": { "identifier": "USGS-461743122234300", "navigation": "https://api.water.usgs.gov/nldi/linked-data/nwissite/USGS-461743122234300/navigation", "name": "RED POND No. 1 ON DEBRIS DAM", "source": "nwissite", "sourceName": "NWIS Surface Water Sites", "comid": 24248704, "type": "hydrolocation", "uri": "https://waterdata.usgs.gov/monitoring-location/USGS-461743122234300", "reachcode": "17080005000155", "measure": 66.2237, "mainstem": "https://geoconnex.us/ref/mainstems/1434966" }, "geometry": { "type": "Point", "coordinates": [ -122.3964932, 46.29510845 ] } },
{ "type": "Feature", "properties": { "identifier": "USGS-461758122253100", "navigation": "https://api.water.usgs.gov/nldi/linked-data/nwissite/USGS-461758122253100/navigation", "name": "N F TOUTLE BLW DEBRIS AVALANCHE (LEFT SIDE)", "source": "nwissite", "sourceName": "NWIS Surface Water Sites", "comid": 24248704, "type": "hydrolocation", "uri": "https://waterdata.usgs.gov/monitoring-location/USGS-461758122253100", "reachcode": "17080005000155", "measure": 0.0, "mainstem": "https://geoconnex.us/ref/mainstems/1434966" }, "geometry": { "type": "Point", "coordinates": [ -122.4264941, 46.2992749 ] } },
{ "type": "Feature", "properties": { "identifier": "USGS-14224500", "navigation": "https://api.water.usgs.gov/nldi/linked-data/nwissite/USGS-14224500/navigation", "name": "CLEAR FORK COWLITZ RIVER NEAR PACKWOOD, WA", "source": "nwissite", "sourceName": "NWIS Surface Water Sites", "comid": 23744188, "type": "hydrolocation", "uri": "https://waterdata.usgs.gov/monitoring-location/USGS-14224500", "reachcode": "17080004000297", "measure": 45.234, "mainstem": "https://geoconnex.us/ref/mainstems/1454796" }, "geometry": { "type": "Point", "coordinates": [ -121.5761988, 46.68038998 ] } },
{ "type": "Feature", "properties": { "identifier": "USGS-464408121333800", "navigation": "https://api.water.usgs.gov/nldi/linked-data/nwissite/USGS-464408121333800/navigation", "name": "OHANAPECOSH COLD STREAM AT MT RAINIER, WA", "source": "nwissite", "sourceName": "NWIS Surface Water Sites", "comid": 23744878, "type": "hydrolocation", "uri": "https://waterdata.usgs.gov/monitoring-location/USGS-464408121333800", "reachcode": "17080004000606", "measure": 100.0, "mainstem": null }, "geometry": { "type": "Point", "coordinates": [ -121.5617549, 46.73538938 ] } },
{ "type": "Feature", "properties": { "identifier": "USGS-14238500", "navigation": "https://api.water.usgs.gov/nldi/linked-data/nwissite/USGS-14238500/navigation", "name": "MILL CREEK NEAR SALKUM, WA", "source": "nwissite", "sourceName": "NWIS Surface Water Sites", "comid": 24249108, "type": "hydrolocation", "uri": "https://waterdata.usgs.gov/monitoring-location/USGS-14238500", "reachcode": "17080005000326", "measure": 23.3548, "mainstem": "https://geoconnex.us/ref/mainstems/1477999" }, "geometry": { "type": "Point", "coordinates": [ -122.6234464, 46.5137185 ] } },
{ "type": "Feature", "properties": { "identifier": "USGS-14235700", "navigation": "https://api.water.usgs.gov/nldi/linked-data/nwissite/USGS-14235700/navigation", "name": "EAST FORK TILTON RIVER NEAR MORTON, WA", "source": "nwissite", "sourceName": "NWIS Surface Water Sites", "comid": 24249050, "type": "hydrolocation", "uri": "https://waterdata.usgs.gov/monitoring-location/USGS-14235700", "reachcode": "17080005000298", "measure": 15.0657, "mainstem": "https://geoconnex.us/ref/mainstems/1462604" }, "geometry": { "type": "Point", "coordinates": [ -122.2428824, 46.58871975 ] } },
{ "type": "Feature", "properties": { "identifier": "USGS-461950122134801", "navigation": "https://api.water.usgs.gov/nldi/linked-data/nwissite/USGS-461950122134801/navigation", "name": "HANAFORD LAKE NR SPIRIT LAKE, WA", "source": "nwissite", "sourceName": "NWIS Surface Water Sites", "comid": 24840236, "type": "hydrolocation", "uri": "https://waterdata.usgs.gov/monitoring-location/USGS-461950122134801", "reachcode": "17080005000971", "measure": 0.0, "mainstem": null }, "geometry": { "type": "Point", "coordinates": [ -122.2312107, 46.33038745 ] } },
{ "type": "Feature", "properties": { "identifier": "USGS-14228500", "navigation": "https://api.water.usgs.gov/nldi/linked-data/nwissite/USGS-14228500/navigation", "name": "HALL CREEK NEAR PACKWOOD, WA", "source": "nwissite", "sourceName": "NWIS Surface Water Sites", "comid": 947080089, "type": "hydrolocation", "uri": "https://waterdata.usgs.gov/monitoring-location/USGS-14228500", "reachcode": "17080004000753", "measure": 11.7411, "mainstem": null }, "geometry": { "type": "Point", "coordinates": [ -121.6873101, 46.58039006 ] } },
{ "type": "Feature", "properties": { "identifier": "USGS-14224000", "navigation": "https://api.water.usgs.gov/nldi/linked-data/nwissite/USGS-14224000/navigation", "name": "OHANAPECOSH RIVER NEAR LEWIS, WA", "source": "nwissite", "sourceName": "NWIS Surface Water Sites", "comid": 23744214, "type": "hydrolocation", "uri": "https://waterdata.usgs.gov/monitoring-location/USGS-14224000", "reachcode": "17080004000310", "measure": 14.291, "mainstem": "https://geoconnex.us/ref/mainstems/1429404" }, "geometry": { "type": "Point", "coordinates": [ -121.5839767, 46.67927879 ] } },
{ "type": "Feature", "properties": { "identifier": "USGS-14237000", "navigation": "https://api.water.usgs.gov/nldi/linked-data/nwissite/USGS-14237000/navigation", "name": "KLICKITAT CREEK AT MOSSYROCK, WA", "source": "nwissite", "sourceName": "NWIS Surface Water Sites", "comid": 24249314, "type": "hydrolocation", "uri": "https://waterdata.usgs.gov/monitoring-location/USGS-14237000", "reachcode": "17080005000419", "measure": 89.907, "mainstem": null }, "geometry": { "type": "Point", "coordinates": [ -122.4698327, 46.5206631 ] } },
{ "type": "Feature", "properties": { "identifier": "USGS-14234500", "navigation": "https://api.water.usgs.gov/nldi/linked-data/nwissite/USGS-14234500/navigation", "name": "LANDERS CREEK NEAR KOSMOS, WA", "source": "nwissite", "sourceName": "NWIS Surface Water Sites", "comid": 24249648, "type": "hydrolocation", "uri": "https://waterdata.usgs.gov/monitoring-location/USGS-14234500", "reachcode": "17080005000577", "measure": 17.5916, "mainstem": null }, "geometry": { "type": "Point", "coordinates": [ -122.238712, 46.45816535 ] } },
{ "type": "Feature", "properties": { "identifier": "USGS-14223825", "navigation": "https://api.water.usgs.gov/nldi/linked-data/nwissite/USGS-14223825/navigation", "name": "SHRINER LAKE NEAR PACKWOOD, WA", "source": "nwissite", "sourceName": "NWIS Surface Water Sites", "comid": 24839887, "type": "hydrolocation", "uri": "https://waterdata.usgs.gov/monitoring-location/USGS-14223825", "reachcode": "17080004000564", "measure": 100.0, "mainstem": null }, "geometry": { "type": "Point", "coordinates": [ -121.5145329, 46.8090005 ] } },
{ "type": "Feature", "properties": { "identifier": "USGS-14238800", "navigation": "https://api.water.usgs.gov/nldi/linked-data/nwissite/USGS-14238800/navigation", "name": "COWLITZ RIVER AT TOLEDO, WA", "source": "nwissite", "sourceName": "NWIS Surface Water Sites", "comid": 24248896, "type": "hydrolocation", "uri": "https://waterdata.usgs.gov/monitoring-location/USGS-14238800", "reachcode": "17080005000246", "measure": 100.0, "mainstem": "https://geoconnex.us/ref/mainstems/1429404" }, "geometry": { "type": "Point", "coordinates": [ -122.8442829, 46.43844169 ] } },
{ "type": "Feature", "properties": { "identifier": "USGS-464829121305300", "navigation": "https://api.water.usgs.gov/nldi/linked-data/nwissite/USGS-464829121305300/navigation", "name": "SHRINER LAKE, PIERCE COUNTY, WA", "source": "nwissite", "sourceName": "NWIS Surface Water Sites", "comid": 23744788, "type": "hydrolocation", "uri": "https://waterdata.usgs.gov/monitoring-location/USGS-464829121305300", "reachcode": "17080004000564", "measure": 92.1513, "mainstem": null }, "geometry": { "type": "Point", "coordinates": [ -121.5159218, 46.80788939 ] } },
{ "type": "Feature", "properties": { "identifier": "USGS-14232500", "navigation": "https://api.water.usgs.gov/nldi/linked-data/nwissite/USGS-14232500/navigation", "name": "CISPUS RIVER NEAR RANDLE, WA", "source": "nwissite", "sourceName": "NWIS Surface Water Sites", "comid": 23743682, "type": "hydrolocation", "uri": "https://waterdata.usgs.gov/monitoring-location/USGS-14232500", "reachcode": "17080004000058", "measure": 85.026, "mainstem": "https://geoconnex.us/ref/mainstems/1433784" }, "geometry": { "type": "Point", "coordinates": [ -121.8639783, 46.44705689 ] } },
{ "type": "Feature", "properties": { "identifier": "USGS-14238543", "navigation": "https://api.water.usgs.gov/nldi/linked-data/nwissite/USGS-14238543/navigation", "name": "INLET TO TROUT HATCHERY PONDS NEAR TOLEDO, WA", "source": "nwissite", "sourceName": "NWIS Surface Water Sites", "comid": 24248918, "type": "hydrolocation", "uri": "https://waterdata.usgs.gov/monitoring-location/USGS-14238543", "reachcode": "17080005000257", "measure": 54.7445, "mainstem": "https://geoconnex.us/ref/mainstems/1429404" }, "geometry": { "type": "Point", "coordinates": [ -122.7278916, 46.485108 ] } },
{ "type": "Feature", "properties": { "identifier": "USGS-14238545", "navigation": "https://api.water.usgs.gov/nldi/linked-data/nwissite/USGS-14238545/navigation", "name": "BLUE CREEK HATCHERY TROUT POND NO 2 NR TOLEDO, WA", "source": "nwissite", "sourceName": "NWIS Surface Water Sites", "comid": 24248918, "type": "hydrolocation", "uri": "https://waterdata.usgs.gov/monitoring-location/USGS-14238545", "reachcode": "17080005000257", "measure": 39.8044, "mainstem": "https://geoconnex.us/ref/mainstems/1429404" }, "geometry": { "type": "Point", "coordinates": [ -122.7284471, 46.485108 ] } },
{ "type": "Feature", "properties": { "identifier": "USGS-14238546", "navigation": "https://api.water.usgs.gov/nldi/linked-data/nwissite/USGS-14238546/navigation", "name": "BLUE CREEK HATCHERY TROUT POND NO 3 NR TOLEDO, WA", "source": "nwissite", "sourceName": "NWIS Surface Water Sites", "comid": 24248918, "type": "hydrolocation", "uri": "https://waterdata.usgs.gov/monitoring-location/USGS-14238546", "reachcode": "17080005000257", "measure": 39.8044, "mainstem": "https://geoconnex.us/ref/mainstems/1429404" }, "geometry": { "type": "Point", "coordinates": [ -122.7284471, 46.485108 ] } },
{ "type": "Feature", "properties": { "identifier": "USGS-14238550", "navigation": "https://api.water.usgs.gov/nldi/linked-data/nwissite/USGS-14238550/navigation", "name": "COWLITZ RIVER ABV BLUE CREEK NEAR TOLEDO, WA", "source": "nwissite", "sourceName": "NWIS Surface Water Sites", "comid": 24248918, "type": "hydrolocation", "uri": "https://waterdata.usgs.gov/monitoring-location/USGS-14238550", "reachcode": "17080005000257", "measure": 32.1682, "mainstem": "https://geoconnex.us/ref/mainstems/1429404" }, "geometry": { "type": "Point", "coordinates": [ -122.7309472, 46.48371918 ] } },
{ "type": "Feature", "properties": { "identifier": "USGS-461219122171900", "navigation": "https://api.water.usgs.gov/nldi/linked-data/nwissite/USGS-461219122171900/navigation", "name": "SF TOUTLE NEAR DISAPPOINTMENT CK (MUDDY SIDE)", "source": "nwissite", "sourceName": "NWIS Surface Water Sites", "comid": 24248628, "type": "hydrolocation", "uri": "https://waterdata.usgs.gov/monitoring-location/USGS-461219122171900", "reachcode": "17080005000118", "measure": 35.4889, "mainstem": "https://geoconnex.us/ref/mainstems/1439674" }, "geometry": { "type": "Point", "coordinates": [ -122.289822, 46.20510938 ] } },
{ "type": "Feature", "properties": { "identifier": "USGS-464817121335100", "navigation": "https://api.water.usgs.gov/nldi/linked-data/nwissite/USGS-464817121335100/navigation", "name": "OHANAPECOSH R NR CONFLUENCE W CHINOOK CR, WA", "source": "nwissite", "sourceName": "NWIS Surface Water Sites", "comid": 23744286, "type": "hydrolocation", "uri": "https://waterdata.usgs.gov/monitoring-location/USGS-464817121335100", "reachcode": "17080004000346", "measure": 31.5557, "mainstem": "https://geoconnex.us/ref/mainstems/1429404" }, "geometry": { "type": "Point", "coordinates": [ -121.5653675, 46.8045554 ] } },
{ "type": "Feature", "properties": { "identifier": "USGS-14238950", "navigation": "https://api.water.usgs.gov/nldi/linked-data/nwissite/USGS-14238950/navigation", "name": "SALMON CREEK AB LITTLE SALMON CREEK NR TOLEDO, WA", "source": "nwissite", "sourceName": "NWIS Surface Water Sites", "comid": 24248852, "type": "hydrolocation", "uri": "https://waterdata.usgs.gov/monitoring-location/USGS-14238950", "reachcode": "17080005000224", "measure": 39.9139, "mainstem": "https://geoconnex.us/ref/mainstems/1448223" }, "geometry": { "type": "Point", "coordinates": [ -122.800392, 46.41122045 ] } },
{ "type": "Feature", "properties": { "identifier": "USGS-14239080", "navigation": "https://api.water.usgs.gov/nldi/linked-data/nwissite/USGS-14239080/navigation", "name": "LACAMAS CRK AT ETHYL, WA", "source": "nwissite", "sourceName": "NWIS Surface Water Sites", "comid": 24249126, "type": "hydrolocation", "uri": "https://waterdata.usgs.gov/monitoring-location/USGS-14239080", "reachcode": "17080005000334", "measure": 27.1586, "mainstem": "https://geoconnex.us/ref/mainstems/1468787" }, "geometry": { "type": "Point", "coordinates": [ -122.7401153, 46.5317737 ] } },
{ "type": "Feature", "properties": { "identifier": "USGS-14226800", "navigation": "https://api.water.usgs.gov/nldi/linked-data/nwissite/USGS-14226800/navigation", "name": "SKATE CREEK TRIBUTARY NEAR PACKWOOD, WA", "source": "nwissite", "sourceName": "NWIS Surface Water Sites", "comid": 23744906, "type": "hydrolocation", "uri": "https://waterdata.usgs.gov/monitoring-location/USGS-14226800", "reachcode": "17080004000620", "measure": 3.4606, "mainstem": null }, "geometry": { "type": "Point", "coordinates": [ -121.8095395, 46.7026095 ] } },
{ "type": "Feature", "properties": { "identifier": "USGS-14233160", "navigation": "https://api.water.usgs.gov/nldi/linked-data/nwissite/USGS-14233160/navigation", "name": "CISPUS RIVER BELOW WOODS CREEK NEAR RANDLE, WA", "source": "nwissite", "sourceName": "NWIS Surface Water Sites", "comid": 23745620, "type": "hydrolocation", "uri": "https://waterdata.usgs.gov/monitoring-location/USGS-14233160", "reachcode": "17080004000928", "measure": 22.9462, "mainstem": null }, "geometry": { "type": "Point", "coordinates": [ -122.0289826, 46.4409445 ] } },
{ "type": "Feature", "properties": { "identifier": "USGS-14233000", "navigation": "https://api.water.usgs.gov/nldi/linked-data/nwissite/USGS-14233000/navigation", "name": "TOWER ROCK SPRINGS NEAR RANDLE, WA", "source": "nwissite", "sourceName": "NWIS Surface Water Sites", "comid": 23743682, "type": "hydrolocation", "uri": "https://waterdata.usgs.gov/monitoring-location/USGS-14233000", "reachcode": "17080004000058", "measure": 65.7405, "mainstem": "https://geoconnex.us/ref/mainstems/1433784" }, "geometry": { "type": "Point", "coordinates": [ -121.8678673, 46.44566798 ] } },
{ "type": "Feature", "properties": { "identifier": "USGS-14238544", "navigation": "https://api.water.usgs.gov/nldi/linked-data/nwissite/USGS-14238544/navigation", "name": "BLUE CREEK HATCHERY TROUT POND NO 1 NR TOLEDO, WA", "source": "nwissite", "sourceName": "NWIS Surface Water Sites", "comid": 24248918, "type": "hydrolocation", "uri": "https://waterdata.usgs.gov/monitoring-location/USGS-14238544", "reachcode": "17080005000257", "measure": 39.8044, "mainstem": "https://geoconnex.us/ref/mainstems/1429404" }, "geometry": { "type": "Point", "coordinates": [ -122.7284471, 46.48483026 ] } },
{ "type": "Feature", "properties": { "identifier": "USGS-461215122171600", "navigation": "https://api.water.usgs.gov/nldi/linked-data/nwissite/USGS-461215122171600/navigation", "name": "SF TOUTLE NEAR DISAPPOINTMENT CK (CLEAR SIDE)", "source": "nwissite", "sourceName": "NWIS Surface Water Sites", "comid": 24248628, "type": "hydrolocation", "uri": "https://waterdata.usgs.gov/monitoring-location/USGS-461215122171600", "reachcode": "17080005000118", "measure": 35.4889, "mainstem": "https://geoconnex.us/ref/mainstems/1439674" }, "geometry": { "type": "Point", "coordinates": [ -122.2889886, 46.20399828 ] } },
{ "type": "Feature", "properties": { "identifier": "USGS-14239000", "navigation": "https://api.water.usgs.gov/nldi/linked-data/nwissite/USGS-14239000/navigation", "name": "SALMON CREEK NEAR TOLEDO, WA", "source": "nwissite", "sourceName": "NWIS Surface Water Sites", "comid": 24248850, "type": "hydrolocation", "uri": "https://waterdata.usgs.gov/monitoring-location/USGS-14239000", "reachcode": "17080005000223", "measure": 91.5341, "mainstem": "https://geoconnex.us/ref/mainstems/1448223" }, "geometry": { "type": "Point", "coordinates": [ -122.8220594, 46.4137202 ] } },
{ "type": "Feature", "properties": { "identifier": "USGS-14240800", "navigation": "https://api.water.usgs.gov/nldi/linked-data/nwissite/USGS-14240800/navigation", "name": "GREEN RIVER ABOVE BEAVER CREEK NEAR KID VALLEY, WA", "source": "nwissite", "sourceName": "NWIS Surface Water Sites", "comid": 24248760, "type": "hydrolocation", "uri": "https://waterdata.usgs.gov/monitoring-location/USGS-14240800", "reachcode": "17080005000179", "measure": 85.8754, "mainstem": "https://geoconnex.us/ref/mainstems/1439410" }, "geometry": { "type": "Point", "coordinates": [ -122.5237204, 46.3817746 ] } },
{ "type": "Feature", "properties": { "identifier": "USGS-14230000", "navigation": "https://api.water.usgs.gov/nldi/linked-data/nwissite/USGS-14230000/navigation", "name": "JOHNSON CREEK NEAR PACKWOOD, WA", "source": "nwissite", "sourceName": "NWIS Surface Water Sites", "comid": 23744068, "type": "hydrolocation", "uri": "https://waterdata.usgs.gov/monitoring-location/USGS-14230000", "reachcode": "17080004000244", "measure": 5.8478, "mainstem": "https://geoconnex.us/ref/mainstems/1456361" }, "geometry": { "type": "Point", "coordinates": [ -121.7011991, 46.5748344 ] } },
{ "type": "Feature", "properties": { "identifier": "USGS-14227000", "navigation": "https://api.water.usgs.gov/nldi/linked-data/nwissite/USGS-14227000/navigation", "name": "SKATE CREEK NEAR PACKWOOD, WA", "source": "nwissite", "sourceName": "NWIS Surface Water Sites", "comid": 23744370, "type": "hydrolocation", "uri": "https://waterdata.usgs.gov/monitoring-location/USGS-14227000", "reachcode": "17080004000385", "measure": 56.6709, "mainstem": "https://geoconnex.us/ref/mainstems/1450015" }, "geometry": { "type": "Point", "coordinates": [ -121.6917556, 46.61983389 ] } },
{ "type": "Feature", "properties": { "identifier": "USGS-14240467", "navigation": "https://api.water.usgs.gov/nldi/linked-data/nwissite/USGS-14240467/navigation", "name": "NF TOUTLE RIVER (SOUTH CHANNEL) NR CAMP BAKER, WA", "source": "nwissite", "sourceName": "NWIS Surface Water Sites", "comid": 24248706, "type": "hydrolocation", "uri": "https://waterdata.usgs.gov/monitoring-location/USGS-14240467", "reachcode": "17080005000156", "measure": 10.5105, "mainstem": "https://geoconnex.us/ref/mainstems/1434966" }, "geometry": { "type": "Point", "coordinates": [ -122.3803815, 46.28594188 ] } },
{ "type": "Feature", "properties": { "identifier": "USGS-461845122282000", "navigation": "https://api.water.usgs.gov/nldi/linked-data/nwissite/USGS-461845122282000/navigation", "name": "N F TOUTLE BLW CORPS DAM SPILLWAY", "source": "nwissite", "sourceName": "NWIS Surface Water Sites", "comid": 24248690, "type": "hydrolocation", "uri": "https://waterdata.usgs.gov/monitoring-location/USGS-461845122282000", "reachcode": "17080005000148", "measure": 31.5189, "mainstem": "https://geoconnex.us/ref/mainstems/1434966" }, "geometry": { "type": "Point", "coordinates": [ -122.4734402, 46.31233015 ] } },
{ "type": "Feature", "properties": { "identifier": "USGS-461848122282305", "navigation": "https://api.water.usgs.gov/nldi/linked-data/nwissite/USGS-461848122282305/navigation", "name": "4  NF TOUTLE RM 20.3 NR1", "source": "nwissite", "sourceName": "NWIS Surface Water Sites", "comid": 24248690, "type": "hydrolocation", "uri": "https://waterdata.usgs.gov/monitoring-location/USGS-461848122282305", "reachcode": "17080005000148", "measure": 31.5189, "mainstem": "https://geoconnex.us/ref/mainstems/1434966" }, "geometry": { "type": "Point", "coordinates": [ -122.4742736, 46.31316348 ] } },
{ "type": "Feature", "properties": { "identifier": "USGS-14240466", "navigation": "https://api.water.usgs.gov/nldi/linked-data/nwissite/USGS-14240466/navigation", "name": "NF TOUTLE RIVER (NORTH CHANNEL) NR CAMP BAKER, WA", "source": "nwissite", "sourceName": "NWIS Surface Water Sites", "comid": 24248706, "type": "hydrolocation", "uri": "https://waterdata.usgs.gov/monitoring-location/USGS-14240466", "reachcode": "17080005000156", "measure": 5.0368, "mainstem": "https://geoconnex.us/ref/mainstems/1434966" }, "geometry": { "type": "Point", "coordinates": [ -122.3803815, 46.2878863 ] } },
{ "type": "Feature", "properties": { "identifier": "USGS-461848122282300", "navigation": "https://api.water.usgs.gov/nldi/linked-data/nwissite/USGS-461848122282300/navigation", "name": "4  NF TOUTLE RM 20.3 ER2", "source": "nwissite", "sourceName": "NWIS Surface Water Sites", "comid": 24248690, "type": "hydrolocation", "uri": "https://waterdata.usgs.gov/monitoring-location/USGS-461848122282300", "reachcode": "17080005000148", "measure": 31.5189, "mainstem": "https://geoconnex.us/ref/mainstems/1434966" }, "geometry": { "type": "Point", "coordinates": [ -122.4742736, 46.31316348 ] } },
{ "type": "Feature", "properties": { "identifier": "USGS-14234000", "navigation": "https://api.water.usgs.gov/nldi/linked-data/nwissite/USGS-14234000/navigation", "name": "RAINY CREEK NEAR KOSMOS, WA", "source": "nwissite", "sourceName": "NWIS Surface Water Sites", "comid": 24249022, "type": "hydrolocation", "uri": "https://waterdata.usgs.gov/monitoring-location/USGS-14234000", "reachcode": "17080005000285", "measure": 20.1863, "mainstem": "https://geoconnex.us/ref/mainstems/1477996" }, "geometry": { "type": "Point", "coordinates": [ -122.1553767, 46.5081657 ] } },
{ "type": "Feature", "properties": { "identifier": "USGS-14241465", "navigation": "https://api.water.usgs.gov/nldi/linked-data/nwissite/USGS-14241465/navigation", "name": "SF TOUTLE R AB HERRINGTON CR NR SPTTD BUCK MTN, WA", "source": "nwissite", "sourceName": "NWIS Surface Water Sites", "comid": 24248604, "type": "hydrolocation", "uri": "https://waterdata.usgs.gov/monitoring-location/USGS-14241465", "reachcode": "17080005000107", "measure": 71.8026, "mainstem": "https://geoconnex.us/ref/mainstems/1439674" }, "geometry": { "type": "Point", "coordinates": [ -122.3956587, 46.2276086 ] } },
{ "type": "Feature", "properties": { "identifier": "USGS-14240320", "navigation": "https://api.water.usgs.gov/nldi/linked-data/nwissite/USGS-14240320/navigation", "name": "RAMPART NEAR SPIRIT LAKE, WA", "source": "nwissite", "sourceName": "NWIS Surface Water Sites", "comid": 24248726, "type": "hydrolocation", "uri": "https://waterdata.usgs.gov/monitoring-location/USGS-14240320", "reachcode": "17080005000166", "measure": 98.493, "mainstem": "https://geoconnex.us/ref/mainstems/1434966" }, "geometry": { "type": "Point", "coordinates": [ -122.2100983, 46.2664987 ] } },
{ "type": "Feature", "properties": { "identifier": "USGS-14240460", "navigation": "https://api.water.usgs.gov/nldi/linked-data/nwissite/USGS-14240460/navigation", "name": "NF TOUTLE RIVER BL ELK CREEK NEAR SPIRIT LAKE, WA", "source": "nwissite", "sourceName": "NWIS Surface Water Sites", "comid": 24248710, "type": "hydrolocation", "uri": "https://waterdata.usgs.gov/monitoring-location/USGS-14240460", "reachcode": "17080005000158", "measure": 58.6519, "mainstem": "https://geoconnex.us/ref/mainstems/1434966" }, "geometry": { "type": "Point", "coordinates": [ -122.3564918, 46.2776087 ] } },
{ "type": "Feature", "properties": { "identifier": "USGS-14240250", "navigation": "https://api.water.usgs.gov/nldi/linked-data/nwissite/USGS-14240250/navigation", "name": "SAINT HELENS LAKE NEAR SPIRIT LAKE, WA", "source": "nwissite", "sourceName": "NWIS Surface Water Sites", "comid": 24840268, "type": "hydrolocation", "uri": "https://waterdata.usgs.gov/monitoring-location/USGS-14240250", "reachcode": "17080005000978", "measure": 0.0477, "mainstem": null }, "geometry": { "type": "Point", "coordinates": [ -122.1684303, 46.2984436 ] } },
{ "type": "Feature", "properties": { "identifier": "USGS-464602121380900", "navigation": "https://api.water.usgs.gov/nldi/linked-data/nwissite/USGS-464602121380900/navigation", "name": "MUDDY FORK COWLITZ R AT BOX CANYON, WA", "source": "nwissite", "sourceName": "NWIS Surface Water Sites", "comid": 23744322, "type": "hydrolocation", "uri": "https://waterdata.usgs.gov/monitoring-location/USGS-464602121380900", "reachcode": "17080004000364", "measure": 66.6296, "mainstem": "https://geoconnex.us/ref/mainstems/1445411" }, "geometry": { "type": "Point", "coordinates": [ -121.6370353, 46.76705476 ] } },
{ "type": "Feature", "properties": { "identifier": "USGS-462232122074701", "navigation": "https://api.water.usgs.gov/nldi/linked-data/nwissite/USGS-462232122074701/navigation", "name": "EPILIMNION-DEADMANS LK. NR SPIRIT LAKE, WA", "source": "nwissite", "sourceName": "NWIS Surface Water Sites", "comid": 24249812, "type": "hydrolocation", "uri": "https://waterdata.usgs.gov/monitoring-location/USGS-462232122074701", "reachcode": "17080005000659", "measure": 100.0, "mainstem": null }, "geometry": { "type": "Point", "coordinates": [ -122.1309298, 46.37538838 ] } },
{ "type": "Feature", "properties": { "identifier": "USGS-14236400", "navigation": "https://api.water.usgs.gov/nldi/linked-data/nwissite/USGS-14236400/navigation", "name": "CINNABAR CREEK NEAR CINEBAR, WA", "source": "nwissite", "sourceName": "NWIS Surface Water Sites", "comid": 24249448, "type": "hydrolocation", "uri": "https://waterdata.usgs.gov/monitoring-location/USGS-14236400", "reachcode": "17080005000481", "measure": 29.8495, "mainstem": null }, "geometry": { "type": "Point", "coordinates": [ -122.509558, 46.60538376 ] } },
{ "type": "Feature", "properties": { "identifier": "USGS-14242512", "navigation": "https://api.water.usgs.gov/nldi/linked-data/nwissite/USGS-14242512/navigation", "name": "TOUTLE RIVER ADJUSTED FOR R-R STUDY STORAGE", "source": "nwissite", "sourceName": "NWIS Surface Water Sites", "comid": 24248538, "type": "hydrolocation", "uri": "https://waterdata.usgs.gov/monitoring-location/USGS-14242512", "reachcode": "17080005000081", "measure": 89.5668, "mainstem": "https://geoconnex.us/ref/mainstems/1434966" }, "geometry": { "type": "Point", "coordinates": [ -122.725389, 46.33677779 ] } },
{ "type": "Feature", "properties": { "identifier": "USGS-14242513", "navigation": "https://api.water.usgs.gov/nldi/linked-data/nwissite/USGS-14242513/navigation", "name": "TOUTLE RIVER MODEL FLOW", "source": "nwissite", "sourceName": "NWIS Surface Water Sites", "comid": 24248538, "type": "hydrolocation", "uri": "https://waterdata.usgs.gov/monitoring-location/USGS-14242513", "reachcode": "17080005000081", "measure": 89.5668, "mainstem": "https://geoconnex.us/ref/mainstems/1434966" }, "geometry": { "type": "Point", "coordinates": [ -122.7259446, 46.3365 ] } },
{ "type": "Feature", "properties": { "identifier": "USGS-14235300", "navigation": "https://api.water.usgs.gov/nldi/linked-data/nwissite/USGS-14235300/navigation", "name": "TILTON RIVER NEAR MINERAL, WA", "source": "nwissite", "sourceName": "NWIS Surface Water Sites", "comid": 24249076, "type": "hydrolocation", "uri": "https://waterdata.usgs.gov/monitoring-location/USGS-14235300", "reachcode": "17080005000311", "measure": 68.7352, "mainstem": "https://geoconnex.us/ref/mainstems/1446031" }, "geometry": { "type": "Point", "coordinates": [ -122.1998287, 46.66094129 ] } },
{ "type": "Feature", "properties": { "identifier": "USGS-14232300", "navigation": "https://api.water.usgs.gov/nldi/linked-data/nwissite/USGS-14232300/navigation", "name": "QUARTZ CREEK NEAR COSMOS, WA", "source": "nwissite", "sourceName": "NWIS Surface Water Sites", "comid": 23745678, "type": "hydrolocation", "uri": "https://waterdata.usgs.gov/monitoring-location/USGS-14232300", "reachcode": "17080004000957", "measure": 6.3645, "mainstem": null }, "geometry": { "type": "Point", "coordinates": [ -122.0553715, 46.3637224 ] } },
{ "type": "Feature", "properties": { "identifier": "USGS-14233200", "navigation": "https://api.water.usgs.gov/nldi/linked-data/nwissite/USGS-14233200/navigation", "name": "QUARTZ CREEK NEAR KOSMOS, WA", "source": "nwissite", "sourceName": "NWIS Surface Water Sites", "comid": 23745678, "type": "hydrolocation", "uri": "https://waterdata.usgs.gov/monitoring-location/USGS-14233200", "reachcode": "17080004000957", "measure": 6.3645, "mainstem": null }, "geometry": { "type": "Point", "coordinates": [ -122.0553715, 46.3637224 ] } },
{ "type": "Feature", "properties": { "identifier": "USGS-14226500", "navigation": "https://api.water.usgs.gov/nldi/linked-data/nwissite/USGS-14226500/navigation", "name": "COWLITZ RIVER AT PACKWOOD, WA", "source": "nwissite", "sourceName": "NWIS Surface Water Sites", "comid": 23744100, "type": "hydrolocation", "uri": "https://waterdata.usgs.gov/monitoring-location/USGS-14226500", "reachcode": "17080004000260", "measure": 31.312, "mainstem": "https://geoconnex.us/ref/mainstems/1429404" }, "geometry": { "type": "Point", "coordinates": [ -121.6792552, 46.61288969 ] } },
{ "type": "Feature", "properties": { "identifier": "USGS-14242500", "navigation": "https://api.water.usgs.gov/nldi/linked-data/nwissite/USGS-14242500/navigation", "name": "TOUTLE RIVER NEAR SILVER LAKE, WA", "source": "nwissite", "sourceName": "NWIS Surface Water Sites", "comid": 24248538, "type": "hydrolocation", "uri": "https://waterdata.usgs.gov/monitoring-location/USGS-14242500", "reachcode": "17080005000081", "measure": 91.058, "mainstem": "https://geoconnex.us/ref/mainstems/1434966" }, "geometry": { "type": "Point", "coordinates": [ -122.725389, 46.33622225 ] } },
{ "type": "Feature", "properties": { "identifier": "USGS-14225000", "navigation": "https://api.water.usgs.gov/nldi/linked-data/nwissite/USGS-14225000/navigation", "name": "COAL CREEK AT MOUTH NEAR LEWIS, WA", "source": "nwissite", "sourceName": "NWIS Surface Water Sites", "comid": 23744160, "type": "hydrolocation", "uri": "https://waterdata.usgs.gov/monitoring-location/USGS-14225000", "reachcode": "17080004000284", "measure": 19.9339, "mainstem": null }, "geometry": { "type": "Point", "coordinates": [ -121.61231, 46.6415012 ] } },
{ "type": "Feature", "properties": { "identifier": "USGS-461754122100301", "navigation": "https://api.water.usgs.gov/nldi/linked-data/nwissite/USGS-461754122100301/navigation", "name": "EPILIMNION-ST HELENS LAKE NR SPIRIT LAKE, WA", "source": "nwissite", "sourceName": "NWIS Surface Water Sites", "comid": 24840268, "type": "hydrolocation", "uri": "https://waterdata.usgs.gov/monitoring-location/USGS-461754122100301", "reachcode": "17080005000978", "measure": 0.0477, "mainstem": null }, "geometry": { "type": "Point", "coordinates": [ -122.1687081, 46.29816586 ] } },
{ "type": "Feature", "properties": { "identifier": "USGS-461754122100302", "navigation": "https://api.water.usgs.gov/nldi/linked-data/nwissite/USGS-461754122100302/navigation", "name": "HYPOLIMNION-ST HELENS LAKE NR SPIRIT LAKE, WA", "source": "nwissite", "sourceName": "NWIS Surface Water Sites", "comid": 24840268, "type": "hydrolocation", "uri": "https://waterdata.usgs.gov/monitoring-location/USGS-461754122100302", "reachcode": "17080005000978", "measure": 0.0477, "mainstem": null }, "geometry": { "type": "Point", "coordinates": [ -122.1687081, 46.29816586 ] } },
{ "type": "Feature", "properties": { "identifier": "USGS-4620211223135", "navigation": "https://api.water.usgs.gov/nldi/linked-data/nwissite/USGS-4620211223135/navigation", "name": "NF TOUTLE RIVER --OSW SEDIMENT CLASS  SITE A", "source": "nwissite", "sourceName": "NWIS Surface Water Sites", "comid": 24249844, "type": "hydrolocation", "uri": "https://waterdata.usgs.gov/monitoring-location/USGS-4620211223135", "reachcode": "17080005000675", "measure": 14.9688, "mainstem": "https://geoconnex.us/ref/mainstems/1484733" }, "geometry": { "type": "Point", "coordinates": [ -122.5263889, 46.33916667 ] } },
{ "type": "Feature", "properties": { "identifier": "USGS-462232122074702", "navigation": "https://api.water.usgs.gov/nldi/linked-data/nwissite/USGS-462232122074702/navigation", "name": "HYPOLIMNION-DEADMANS LK NR SPIRIT LAKE, WA", "source": "nwissite", "sourceName": "NWIS Surface Water Sites", "comid": 24249812, "type": "hydrolocation", "uri": "https://waterdata.usgs.gov/monitoring-location/USGS-462232122074702", "reachcode": "17080005000659", "measure": 100.0, "mainstem": null }, "geometry": { "type": "Point", "coordinates": [ -122.1309298, 46.37538838 ] } },
{ "type": "Feature", "properties": { "identifier": "USGS-14242511", "navigation": "https://api.water.usgs.gov/nldi/linked-data/nwissite/USGS-14242511/navigation", "name": "STORAGE ESTIMATES IN CFS IN LAKES AFTER ERUPTION", "source": "nwissite", "sourceName": "NWIS Surface Water Sites", "comid": 24248538, "type": "hydrolocation", "uri": "https://waterdata.usgs.gov/monitoring-location/USGS-14242511", "reachcode": "17080005000081", "measure": 89.5668, "mainstem": "https://geoconnex.us/ref/mainstems/1434966" }, "geometry": { "type": "Point", "coordinates": [ -122.725389, 46.3365 ] } },
{ "type": "Feature", "properties": { "identifier": "USGS-14240350", "navigation": "https://api.water.usgs.gov/nldi/linked-data/nwissite/USGS-14240350/navigation", "name": "COLDWATER LAKE NEAR SPIRIT LAKE, WA", "source": "nwissite", "sourceName": "NWIS Surface Water Sites", "comid": 24248742, "type": "hydrolocation", "uri": "https://waterdata.usgs.gov/monitoring-location/USGS-14240350", "reachcode": "17080005000170", "measure": 12.1675, "mainstem": null }, "geometry": { "type": "Point", "coordinates": [ -122.2662115, 46.29205375 ] } },
{ "type": "Feature", "properties": { "identifier": "USGS-14240352", "navigation": "https://api.water.usgs.gov/nldi/linked-data/nwissite/USGS-14240352/navigation", "name": "COLDWATER LAKE CANAL NEAR SPIRIT LAKE, WA", "source": "nwissite", "sourceName": "NWIS Surface Water Sites", "comid": 24248742, "type": "hydrolocation", "uri": "https://waterdata.usgs.gov/monitoring-location/USGS-14240352", "reachcode": "17080005000170", "measure": 10.9682, "mainstem": null }, "geometry": { "type": "Point", "coordinates": [ -122.2651004, 46.2914982 ] } },
{ "type": "Feature", "properties": { "identifier": "USGS-14235500", "navigation": "https://api.water.usgs.gov/nldi/linked-data/nwissite/USGS-14235500/navigation", "name": "WEST FORK TILTON RIVER NEAR MORTON, WA", "source": "nwissite", "sourceName": "NWIS Surface Water Sites", "comid": 24249382, "type": "hydrolocation", "uri": "https://waterdata.usgs.gov/monitoring-location/USGS-14235500", "reachcode": "17080005000449", "measure": 48.729, "mainstem": null }, "geometry": { "type": "Point", "coordinates": [ -122.24455, 46.61094166 ] } },
{ "type": "Feature", "properties": { "identifier": "USGS-14239010", "navigation": "https://api.water.usgs.gov/nldi/linked-data/nwissite/USGS-14239010/navigation", "name": "FOSTER CREEK NEAR MOUTH NEAR VADER, WA", "source": "nwissite", "sourceName": "NWIS Surface Water Sites", "comid": 24249684, "type": "hydrolocation", "uri": "https://waterdata.usgs.gov/monitoring-location/USGS-14239010", "reachcode": "17080005000595", "measure": 85.8102, "mainstem": null }, "geometry": { "type": "Point", "coordinates": [ -122.8451152, 46.391776 ] } },
{ "type": "Feature", "properties": { "identifier": "USGS-14238547", "navigation": "https://api.water.usgs.gov/nldi/linked-data/nwissite/USGS-14238547/navigation", "name": "BLUE CREEK HATCHERY TROUT POND NO 4 NR TOLEDO, WA", "source": "nwissite", "sourceName": "NWIS Surface Water Sites", "comid": 24249236, "type": "hydrolocation", "uri": "https://waterdata.usgs.gov/monitoring-location/USGS-14238547", "reachcode": "17080005000384", "measure": 80.3251, "mainstem": null }, "geometry": { "type": "Point", "coordinates": [ -122.7284472, 46.4853858 ] } },
{ "type": "Feature", "properties": { "identifier": "USGS-14242600", "navigation": "https://api.water.usgs.gov/nldi/linked-data/nwissite/USGS-14242600/navigation", "name": "TOUTLE RIVER TRIBUTARY NEAR CASTLE ROCK, WA", "source": "nwissite", "sourceName": "NWIS Surface Water Sites", "comid": 24249832, "type": "hydrolocation", "uri": "https://waterdata.usgs.gov/monitoring-location/USGS-14242600", "reachcode": "17080005000669", "measure": 40.104, "mainstem": null }, "geometry": { "type": "Point", "coordinates": [ -122.8595585, 46.32344397 ] } },
{ "type": "Feature", "properties": { "identifier": "USGS-14240520", "navigation": "https://api.water.usgs.gov/nldi/linked-data/nwissite/USGS-14240520/navigation", "name": "NF TOUTLE RIVER ABOVE SRS NEAR KID VALLEY, WA", "source": "nwissite", "sourceName": "NWIS Surface Water Sites", "comid": 24249794, "type": "hydrolocation", "uri": "https://waterdata.usgs.gov/monitoring-location/USGS-14240520", "reachcode": "17080005000650", "measure": 87.9035, "mainstem": null }, "geometry": { "type": "Point", "coordinates": [ -122.546498, 46.36149718 ] } },
{ "type": "Feature", "properties": { "identifier": "USGS-14236500", "navigation": "https://api.water.usgs.gov/nldi/linked-data/nwissite/USGS-14236500/navigation", "name": "TILTON RIVER NEAR CINEBAR, WA", "source": "nwissite", "sourceName": "NWIS Surface Water Sites", "comid": 24248960, "type": "hydrolocation", "uri": "https://waterdata.usgs.gov/monitoring-location/USGS-14236500", "reachcode": "17080005000984", "measure": 87.1933, "mainstem": "https://geoconnex.us/ref/mainstems/1446031" }, "geometry": { "type": "Point", "coordinates": [ -122.5220577, 46.5762175 ] } },
{ "type": "Feature", "properties": { "identifier": "USGS-14224570", "navigation": "https://api.water.usgs.gov/nldi/linked-data/nwissite/USGS-14224570/navigation", "name": "LAKE LOUISE OUTLET NEAR PARADISE, WA", "source": "nwissite", "sourceName": "NWIS Surface Water Sites", "comid": 23744808, "type": "hydrolocation", "uri": "https://waterdata.usgs.gov/monitoring-location/USGS-14224570", "reachcode": "17080004000574", "measure": 80.4504, "mainstem": null }, "geometry": { "type": "Point", "coordinates": [ -121.7156486, 46.77260925 ] } },
{ "type": "Feature", "properties": { "identifier": "USGS-14239005", "navigation": "https://api.water.usgs.gov/nldi/linked-data/nwissite/USGS-14239005/navigation", "name": "FOSTER CREEK SOUTH OF SMOKEY VALLEY NR VADER, WA", "source": "nwissite", "sourceName": "NWIS Surface Water Sites", "comid": 24249684, "type": "hydrolocation", "uri": "https://waterdata.usgs.gov/monitoring-location/USGS-14239005", "reachcode": "17080005000595", "measure": 12.8775, "mainstem": null }, "geometry": { "type": "Point", "coordinates": [ -122.904006, 46.4009419 ] } },
{ "type": "Feature", "properties": { "identifier": "USGS-14242000", "navigation": "https://api.water.usgs.gov/nldi/linked-data/nwissite/USGS-14242000/navigation", "name": "SILVER LAKE AT SILVER LAKE, WA", "source": "nwissite", "sourceName": "NWIS Surface Water Sites", "comid": 24248544, "type": "hydrolocation", "uri": "https://waterdata.usgs.gov/monitoring-location/USGS-14242000", "reachcode": "17080005000992", "measure": 100.0, "mainstem": "https://geoconnex.us/ref/mainstems/1462598" }, "geometry": { "type": "Point", "coordinates": [ -122.8087234, 46.2959451 ] } },
{ "type": "Feature", "properties": { "identifier": "USGS-14231700", "navigation": "https://api.water.usgs.gov/nldi/linked-data/nwissite/USGS-14231700/navigation", "name": "CHAMBERS CREEK NEAR PACKWOOD, WA", "source": "nwissite", "sourceName": "NWIS Surface Water Sites", "comid": 23745640, "type": "hydrolocation", "uri": "https://waterdata.usgs.gov/monitoring-location/USGS-14231700", "reachcode": "17080004000938", "measure": 42.0074, "mainstem": "https://geoconnex.us/ref/mainstems/1433784" }, "geometry": { "type": "Point", "coordinates": [ -121.5470286, 46.41511675 ] } },
{ "type": "Feature", "properties": { "identifier": "USGS-14226000", "navigation": "https://api.water.usgs.gov/nldi/linked-data/nwissite/USGS-14226000/navigation", "name": "LAKE CREEK AT MOUTH NEAR PACKWOOD, WA", "source": "nwissite", "sourceName": "NWIS Surface Water Sites", "comid": 23744106, "type": "hydrolocation", "uri": "https://waterdata.usgs.gov/monitoring-location/USGS-14226000", "reachcode": "17080004000262", "measure": 69.955, "mainstem": "https://geoconnex.us/ref/mainstems/1447437" }, "geometry": { "type": "Point", "coordinates": [ -121.6378658, 46.62983439 ] } },
{ "type": "Feature", "properties": { "identifier": "USGS-14229500", "navigation": "https://api.water.usgs.gov/nldi/linked-data/nwissite/USGS-14229500/navigation", "name": "JOHNSON CREEK BELOW GLACIER CREEK NR PACKWOOD, WA", "source": "nwissite", "sourceName": "NWIS Surface Water Sites", "comid": 23744070, "type": "hydrolocation", "uri": "https://waterdata.usgs.gov/monitoring-location/USGS-14229500", "reachcode": "17080004000245", "measure": 98.125, "mainstem": "https://geoconnex.us/ref/mainstems/1456361" }, "geometry": { "type": "Point", "coordinates": [ -121.6220305, 46.5415025 ] } },
{ "type": "Feature", "properties": { "identifier": "USGS-14233400", "navigation": "https://api.water.usgs.gov/nldi/linked-data/nwissite/USGS-14233400/navigation", "name": "COWLITZ RIVER NEAR RANDLE, WA", "source": "nwissite", "sourceName": "NWIS Surface Water Sites", "comid": 24249014, "type": "hydrolocation", "uri": "https://waterdata.usgs.gov/monitoring-location/USGS-14233400", "reachcode": "17080005000283", "measure": 97.677, "mainstem": "https://geoconnex.us/ref/mainstems/1429404" }, "geometry": { "type": "Point", "coordinates": [ -122.0987075, 46.47011066 ] } },
{ "type": "Feature", "properties": { "identifier": "USGS-14233500", "navigation": "https://api.water.usgs.gov/nldi/linked-data/nwissite/USGS-14233500/navigation", "name": "COWLITZ RIVER NEAR KOSMOS, WA", "source": "nwissite", "sourceName": "NWIS Surface Water Sites", "comid": 24249014, "type": "hydrolocation", "uri": "https://waterdata.usgs.gov/monitoring-location/USGS-14233500", "reachcode": "17080005000283", "measure": 20.478, "mainstem": "https://geoconnex.us/ref/mainstems/1429404" }, "geometry": { "type": "Point", "coordinates": [ -122.1089856, 46.4662217 ] } },
{ "type": "Feature", "properties": { "identifier": "USGS-14240525", "navigation": "https://api.water.usgs.gov/nldi/linked-data/nwissite/USGS-14240525/navigation", "name": "NF TOUTLE RIVER BELOW SRS NEAR KID VALLEY, WA", "source": "nwissite", "sourceName": "NWIS Surface Water Sites", "comid": 24248656, "type": "hydrolocation", "uri": "https://waterdata.usgs.gov/monitoring-location/USGS-14240525", "reachcode": "17080005000131", "measure": 24.847, "mainstem": "https://geoconnex.us/ref/mainstems/1434966" }, "geometry": { "type": "Point", "coordinates": [ -122.5789987, 46.3717753 ] } },
{ "type": "Feature", "properties": { "identifier": "USGS-14229000", "navigation": "https://api.water.usgs.gov/nldi/linked-data/nwissite/USGS-14229000/navigation", "name": "JOHNSON CREEK BELOW WEST FORK NEAR LEWIS, WA", "source": "nwissite", "sourceName": "NWIS Surface Water Sites", "comid": 23744074, "type": "hydrolocation", "uri": "https://waterdata.usgs.gov/monitoring-location/USGS-14229000", "reachcode": "17080004000247", "measure": 77.4985, "mainstem": "https://geoconnex.us/ref/mainstems/1456361" }, "geometry": { "type": "Point", "coordinates": [ -121.6178636, 46.5303916 ] } },
{ "type": "Feature", "properties": { "identifier": "USGS-14242700", "navigation": "https://api.water.usgs.gov/nldi/linked-data/nwissite/USGS-14242700/navigation", "name": "TOUTLE RIVER NEAR CASTLE ROCK, WA", "source": "nwissite", "sourceName": "NWIS Surface Water Sites", "comid": 24248514, "type": "hydrolocation", "uri": "https://waterdata.usgs.gov/monitoring-location/USGS-14242700", "reachcode": "17080005000070", "measure": 59.9983, "mainstem": "https://geoconnex.us/ref/mainstems/1434966" }, "geometry": { "type": "Point", "coordinates": [ -122.909004, 46.3192768 ] } },
{ "type": "Feature", "properties": { "identifier": "USGS-14224590", "navigation": "https://api.water.usgs.gov/nldi/linked-data/nwissite/USGS-14224590/navigation", "name": "SNOW LAKE NEAR PACKWOOD, WA", "source": "nwissite", "sourceName": "NWIS Surface Water Sites", "comid": 23744824, "type": "hydrolocation", "uri": "https://waterdata.usgs.gov/monitoring-location/USGS-14224590", "reachcode": "17080004000002", "measure": 43.3157, "mainstem": null }, "geometry": { "type": "Point", "coordinates": [ -121.6981478, 46.75733185 ] } },
{ "type": "Feature", "properties": { "identifier": "USGS-14239050", "navigation": "https://api.water.usgs.gov/nldi/linked-data/nwissite/USGS-14239050/navigation", "name": "COWLITZ RIVER AT I-5 HWY BR NEAR TOLEDO, WA", "source": "nwissite", "sourceName": "NWIS Surface Water Sites", "comid": 24248846, "type": "hydrolocation", "uri": "https://waterdata.usgs.gov/monitoring-location/USGS-14239050", "reachcode": "17080005000222", "measure": 37.1645, "mainstem": "https://geoconnex.us/ref/mainstems/1429404" }, "geometry": { "type": "Point", "coordinates": [ -122.890117, 46.41455289 ] } },
{ "type": "Feature", "properties": { "identifier": "USGS-461825122250900", "navigation": "https://api.water.usgs.gov/nldi/linked-data/nwissite/USGS-461825122250900/navigation", "name": "N F TOUTLE BLW DEBRIS AVALANCHE (RIGHT SIDE)", "source": "nwissite", "sourceName": "NWIS Surface Water Sites", "comid": 24249934, "type": "hydrolocation", "uri": "https://waterdata.usgs.gov/monitoring-location/USGS-461825122250900", "reachcode": "17080005000719", "measure": 52.5757, "mainstem": "https://geoconnex.us/ref/mainstems/1484733" }, "geometry": { "type": "Point", "coordinates": [ -122.4203829, 46.30677496 ] } },
{ "type": "Feature", "properties": { "identifier": "USGS-461926122294200", "navigation": "https://api.water.usgs.gov/nldi/linked-data/nwissite/USGS-461926122294200/navigation", "name": "SEEPAGE INTO CREEK NR NF TOUTLE NR CAMP BAKER", "source": "nwissite", "sourceName": "NWIS Surface Water Sites", "comid": 24249934, "type": "hydrolocation", "uri": "https://waterdata.usgs.gov/monitoring-location/USGS-461926122294200", "reachcode": "17080005000719", "measure": 5.3548, "mainstem": "https://geoconnex.us/ref/mainstems/1484733" }, "geometry": { "type": "Point", "coordinates": [ -122.4962189, 46.32371888 ] } },
{ "type": "Feature", "properties": { "identifier": "USGS-14241100", "navigation": "https://api.water.usgs.gov/nldi/linked-data/nwissite/USGS-14241100/navigation", "name": "NORTH FORK TOUTLE RIVER AT KID VALLEY, WA", "source": "nwissite", "sourceName": "NWIS Surface Water Sites", "comid": 24248650, "type": "hydrolocation", "uri": "https://waterdata.usgs.gov/monitoring-location/USGS-14241100", "reachcode": "17080005000128", "measure": 20.8792, "mainstem": "https://geoconnex.us/ref/mainstems/1434966" }, "geometry": { "type": "Point", "coordinates": [ -122.6289993, 46.3651093 ] } },
{ "type": "Feature", "properties": { "identifier": "USGS-14239100", "navigation": "https://api.water.usgs.gov/nldi/linked-data/nwissite/USGS-14239100/navigation", "name": "NORTH FORK LACAMAS CREEK NEAR ETHEL, WA", "source": "nwissite", "sourceName": "NWIS Surface Water Sites", "comid": 24249478, "type": "hydrolocation", "uri": "https://waterdata.usgs.gov/monitoring-location/USGS-14239100", "reachcode": "17080005000495", "measure": 76.57, "mainstem": null }, "geometry": { "type": "Point", "coordinates": [ -122.7192823, 46.55121779 ] } },
{ "type": "Feature", "properties": { "identifier": "USGS-14233490", "navigation": "https://api.water.usgs.gov/nldi/linked-data/nwissite/USGS-14233490/navigation", "name": "LAKE SCANEWA NEAR KOSMOS, WA", "source": "nwissite", "sourceName": "NWIS Surface Water Sites", "comid": 24249014, "type": "hydrolocation", "uri": "https://waterdata.usgs.gov/monitoring-location/USGS-14233490", "reachcode": "17080005000283", "measure": 23.8892, "mainstem": "https://geoconnex.us/ref/mainstems/1429404" }, "geometry": { "type": "Point", "coordinates": [ -122.1089856, 46.46649949 ] } },
{ "type": "Feature", "properties": { "identifier": "USGS-14241101", "navigation": "https://api.water.usgs.gov/nldi/linked-data/nwissite/USGS-14241101/navigation", "name": "NF TOUTLE RIVER AT CABLEWAY NEAR KID VALLEY, WA", "source": "nwissite", "sourceName": "NWIS Surface Water Sites", "comid": 24248650, "type": "hydrolocation", "uri": "https://waterdata.usgs.gov/monitoring-location/USGS-14241101", "reachcode": "17080005000128", "measure": 20.8792, "mainstem": "https://geoconnex.us/ref/mainstems/1434966" }, "geometry": { "type": "Point", "coordinates": [ -122.629277, 46.364276 ] } },
{ "type": "Feature", "properties": { "identifier": "USGS-14237500", "navigation": "https://api.water.usgs.gov/nldi/linked-data/nwissite/USGS-14237500/navigation", "name": "WINSTON CREEK NEAR SILVER LAKE, WA", "source": "nwissite", "sourceName": "NWIS Surface Water Sites", "comid": 24248968, "type": "hydrolocation", "uri": "https://waterdata.usgs.gov/monitoring-location/USGS-14237500", "reachcode": "17080005000269", "measure": 87.64, "mainstem": "https://geoconnex.us/ref/mainstems/1460204" }, "geometry": { "type": "Point", "coordinates": [ -122.5215, 46.48232989 ] } },
{ "type": "Feature", "properties": { "identifier": "USGS-14243000", "navigation": "https://api.water.usgs.gov/nldi/linked-data/nwissite/USGS-14243000/navigation", "name": "COWLITZ RIVER AT CASTLE ROCK, WA", "source": "nwissite", "sourceName": "NWIS Surface Water Sites", "comid": 24248512, "type": "hydrolocation", "uri": "https://waterdata.usgs.gov/monitoring-location/USGS-14243000", "reachcode": "17080005000069", "measure": 4.461, "mainstem": "https://geoconnex.us/ref/mainstems/1429404" }, "geometry": { "type": "Point", "coordinates": [ -122.9145587, 46.2748332 ] } },
{ "type": "Feature", "properties": { "identifier": "USGS-14231000", "navigation": "https://api.water.usgs.gov/nldi/linked-data/nwissite/USGS-14231000/navigation", "name": "COWLITZ RIVER AT RANDLE, WA", "source": "nwissite", "sourceName": "NWIS Surface Water Sites", "comid": 23744010, "type": "hydrolocation", "uri": "https://waterdata.usgs.gov/monitoring-location/USGS-14231000", "reachcode": "17080004000216", "measure": 24.621, "mainstem": "https://geoconnex.us/ref/mainstems/1429404" }, "geometry": { "type": "Point", "coordinates": [ -121.9569444, 46.5319444 ] } },
{ "type": "Feature", "properties": { "identifier": "USGS-461714122305000", "navigation": "https://api.water.usgs.gov/nldi/linked-data/nwissite/USGS-461714122305000/navigation", "name": "S F TOUTLE AT BRIDGE ABV CORPS DAM RESERVOIR", "source": "nwissite", "sourceName": "NWIS Surface Water Sites", "comid": 24249948, "type": "hydrolocation", "uri": "https://waterdata.usgs.gov/monitoring-location/USGS-461714122305000", "reachcode": "17080005000726", "measure": 40.1155, "mainstem": null }, "geometry": { "type": "Point", "coordinates": [ -122.5151074, 46.28705248 ] } },
{ "type": "Feature", "properties": { "identifier": "USGS-14242690", "navigation": "https://api.water.usgs.gov/nldi/linked-data/nwissite/USGS-14242690/navigation", "name": "TOUTLE RIVER AT HWY 99 BRIDGE NR CASTLE ROCK, WA", "source": "nwissite", "sourceName": "NWIS Surface Water Sites", "comid": 24248514, "type": "hydrolocation", "uri": "https://waterdata.usgs.gov/monitoring-location/USGS-14242690", "reachcode": "17080005000070", "measure": 59.9983, "mainstem": "https://geoconnex.us/ref/mainstems/1434966" }, "geometry": { "type": "Point", "coordinates": [ -122.9087263, 46.3192768 ] } },
{ "type": "Feature", "properties": { "identifier": "USGS-14238805", "navigation": "https://api.water.usgs.gov/nldi/linked-data/nwissite/USGS-14238805/navigation", "name": "SALMON CREEK NEAR KID VALLEY, WA", "source": "nwissite", "sourceName": "NWIS Surface Water Sites", "comid": 24248876, "type": "hydrolocation", "uri": "https://waterdata.usgs.gov/monitoring-location/USGS-14238805", "reachcode": "17080005000236", "measure": 90.7994, "mainstem": "https://geoconnex.us/ref/mainstems/1448223" }, "geometry": { "type": "Point", "coordinates": [ -122.6173333, 46.4114975 ] } },
{ "type": "Feature", "properties": { "identifier": "USGS-14240315", "navigation": "https://api.water.usgs.gov/nldi/linked-data/nwissite/USGS-14240315/navigation", "name": "HARRY S CHANNEL NEAR SPIRIT LAKE, WA", "source": "nwissite", "sourceName": "NWIS Surface Water Sites", "comid": 24248728, "type": "hydrolocation", "uri": "https://waterdata.usgs.gov/monitoring-location/USGS-14240315", "reachcode": "17080005000167", "measure": 57.9401, "mainstem": "https://geoconnex.us/ref/mainstems/1434966" }, "geometry": { "type": "Point", "coordinates": [ -122.1984311, 46.26399886 ] } },
{ "type": "Feature", "properties": { "identifier": "USGS-461704122143900", "navigation": "https://api.water.usgs.gov/nldi/linked-data/nwissite/USGS-461704122143900/navigation", "name": "SOUTH COLDWATER CR NR SPIRIT LAKE, WA", "source": "nwissite", "sourceName": "NWIS Surface Water Sites", "comid": 24249366, "type": "hydrolocation", "uri": "https://waterdata.usgs.gov/monitoring-location/USGS-461704122143900", "reachcode": "17080005000441", "measure": 46.2262, "mainstem": null }, "geometry": { "type": "Point", "coordinates": [ -122.2453775, 46.2842761 ] } },
{ "type": "Feature", "properties": { "identifier": "USGS-461721122154301", "navigation": "https://api.water.usgs.gov/nldi/linked-data/nwissite/USGS-461721122154301/navigation", "name": "EPILIMNION-COLDWATER LK NR SPIRIT LK, WA", "source": "nwissite", "sourceName": "NWIS Surface Water Sites", "comid": 24249366, "type": "hydrolocation", "uri": "https://waterdata.usgs.gov/monitoring-location/USGS-461721122154301", "reachcode": "17080005000441", "measure": 1.0918, "mainstem": null }, "geometry": { "type": "Point", "coordinates": [ -122.2631559, 46.2889982 ] } },
{ "type": "Feature", "properties": { "identifier": "USGS-461721122154302", "navigation": "https://api.water.usgs.gov/nldi/linked-data/nwissite/USGS-461721122154302/navigation", "name": "HYPOLIMNION-COLDWATER LK NR SPIRIT LK, WA", "source": "nwissite", "sourceName": "NWIS Surface Water Sites", "comid": 24249366, "type": "hydrolocation", "uri": "https://waterdata.usgs.gov/monitoring-location/USGS-461721122154302", "reachcode": "17080005000441", "measure": 1.0918, "mainstem": null }, "geometry": { "type": "Point", "coordinates": [ -122.2631559, 46.2889982 ] } },
{ "type": "Feature", "properties": { "identifier": "USGS-14232000", "navigation": "https://api.water.usgs.gov/nldi/linked-data/nwissite/USGS-14232000/navigation", "name": "YELLOWJACKET CREEK NEAR RANDLE, WA", "source": "nwissite", "sourceName": "NWIS Surface Water Sites", "comid": 23743688, "type": "hydrolocation", "uri": "https://waterdata.usgs.gov/monitoring-location/USGS-14232000", "reachcode": "17080004000061", "measure": 81.0504, "mainstem": "https://geoconnex.us/ref/mainstems/1446707" }, "geometry": { "type": "Point", "coordinates": [ -121.834533, 46.4290017 ] } },
{ "type": "Feature", "properties": { "identifier": "USGS-14240351", "navigation": "https://api.water.usgs.gov/nldi/linked-data/nwissite/USGS-14240351/navigation", "name": "COLDWATER LAKE (SOUTH SIDE) NEAR SPIRIT LAKE, WA", "source": "nwissite", "sourceName": "NWIS Surface Water Sites", "comid": 24249366, "type": "hydrolocation", "uri": "https://waterdata.usgs.gov/monitoring-location/USGS-14240351", "reachcode": "17080005000441", "measure": 7.0874, "mainstem": null }, "geometry": { "type": "Point", "coordinates": [ -122.2609336, 46.2876093 ] } },
{ "type": "Feature", "properties": { "identifier": "USGS-461705122145501", "navigation": "https://api.water.usgs.gov/nldi/linked-data/nwissite/USGS-461705122145501/navigation", "name": "SO. COLDWATER CR. NR. SPIRIT LAKE", "source": "nwissite", "sourceName": "NWIS Surface Water Sites", "comid": 24249366, "type": "hydrolocation", "uri": "https://waterdata.usgs.gov/monitoring-location/USGS-461705122145501", "reachcode": "17080005000441", "measure": 42.1195, "mainstem": null }, "geometry": { "type": "Point", "coordinates": [ -122.249822, 46.28455385 ] } },
{ "type": "Feature", "properties": { "identifier": "USGS-14235900", "navigation": "https://api.water.usgs.gov/nldi/linked-data/nwissite/USGS-14235900/navigation", "name": "TILTON RIVER NEAR MORTON, WA", "source": "nwissite", "sourceName": "NWIS Surface Water Sites", "comid": 24249046, "type": "hydrolocation", "uri": "https://waterdata.usgs.gov/monitoring-location/USGS-14235900", "reachcode": "17080005000296", "measure": 36.9444, "mainstem": "https://geoconnex.us/ref/mainstems/1446031" }, "geometry": { "type": "Point", "coordinates": [ -122.2623269, 46.57205316 ] } },
{ "type": "Feature", "properties": { "identifier": "USGS-14236200", "navigation": "https://api.water.usgs.gov/nldi/linked-data/nwissite/USGS-14236200/navigation", "name": "TILTON RIVER AB BEAR CANYON CREEK NEAR CINEBAR, WA", "source": "nwissite", "sourceName": "NWIS Surface Water Sites", "comid": 24249034, "type": "hydrolocation", "uri": "https://waterdata.usgs.gov/monitoring-location/USGS-14236200", "reachcode": "17080005000290", "measure": 89.026, "mainstem": "https://geoconnex.us/ref/mainstems/1446031" }, "geometry": { "type": "Point", "coordinates": [ -122.4595564, 46.5953843 ] } },
{ "type": "Feature", "properties": { "identifier": "USGS-14242450", "navigation": "https://api.water.usgs.gov/nldi/linked-data/nwissite/USGS-14242450/navigation", "name": "TOUTLE RIVER AT COAL BANK BR NEAR SILVER LAKE, WA", "source": "nwissite", "sourceName": "NWIS Surface Water Sites", "comid": 24248558, "type": "hydrolocation", "uri": "https://waterdata.usgs.gov/monitoring-location/USGS-14242450", "reachcode": "17080005000085", "measure": 0.0, "mainstem": "https://geoconnex.us/ref/mainstems/1434966" }, "geometry": { "type": "Point", "coordinates": [ -122.7262223, 46.33122237 ] } },
{ "type": "Feature", "properties": { "identifier": "USGS-14225500", "navigation": "https://api.water.usgs.gov/nldi/linked-data/nwissite/USGS-14225500/navigation", "name": "LAKE CREEK NEAR PACKWOOD, WA", "source": "nwissite", "sourceName": "NWIS Surface Water Sites", "comid": 23744116, "type": "hydrolocation", "uri": "https://waterdata.usgs.gov/monitoring-location/USGS-14225500", "reachcode": "17080004000267", "measure": 10.12, "mainstem": "https://geoconnex.us/ref/mainstems/1447437" }, "geometry": { "type": "Point", "coordinates": [ -121.5700862, 46.59622458 ] } },
{ "type": "Feature", "properties": { "identifier": "USGS-464750121402300", "navigation": "https://api.water.usgs.gov/nldi/linked-data/nwissite/USGS-464750121402300/navigation", "name": "FAN LAKE, PIERCE COUNTY, WA", "source": "nwissite", "sourceName": "NWIS Surface Water Sites", "comid": 24839881, "type": "hydrolocation", "uri": "https://waterdata.usgs.gov/monitoring-location/USGS-464750121402300", "reachcode": "17080004000560", "measure": 93.0872, "mainstem": null }, "geometry": { "type": "Point", "coordinates": [ -121.6742592, 46.797054 ] } },
{ "type": "Feature", "properties": { "identifier": "USGS-14242580", "navigation": "https://api.water.usgs.gov/nldi/linked-data/nwissite/USGS-14242580/navigation", "name": "TOUTLE RIVER AT TOWER ROAD NEAR SILVER LAKE, WA", "source": "nwissite", "sourceName": "NWIS Surface Water Sites", "comid": 24248524, "type": "hydrolocation", "uri": "https://waterdata.usgs.gov/monitoring-location/USGS-14242580", "reachcode": "17080005000075", "measure": 61.804, "mainstem": "https://geoconnex.us/ref/mainstems/1434966" }, "geometry": { "type": "Point", "coordinates": [ -122.8408333, 46.335 ] } },
{ "type": "Feature", "properties": { "identifier": "USGS-14241000", "navigation": "https://api.water.usgs.gov/nldi/linked-data/nwissite/USGS-14241000/navigation", "name": "GREEN RIVER NEAR TOUTLE, WA", "source": "nwissite", "sourceName": "NWIS Surface Water Sites", "comid": 24248750, "type": "hydrolocation", "uri": "https://waterdata.usgs.gov/monitoring-location/USGS-14241000", "reachcode": "17080005000174", "measure": 47.1825, "mainstem": "https://geoconnex.us/ref/mainstems/1439410" }, "geometry": { "type": "Point", "coordinates": [ -122.5651097, 46.37483067 ] } }
]
}
