WY,start,end,hours,max_exceed_cfs,max_exceed_time,reg_at_max,unreg_at_max,unreg_below_low_flow,part_b
1929,1928-10-15 00:00:00,1928-12-01 13:00:00,1142,4703.08,1928-10-15 01:00:00,7274.46,2571.38,True,CastleRock_NWS
1929,1928-12-01 17:00:00,1928-12-01 19:00:00,3,132.16,1928-12-01 18:00:00,3439.88,3307.71,True,CastleRock_NWS
1929,1928-12-03 12:00:00,1928-12-10 02:00:00,159,463.17,1928-12-07 15:00:00,3240.31,2777.13,True,CastleRock_NWS
1929,1929-01-24 12:00:00,1929-01-26 05:00:00,42,123.07,1929-01-25 22:00:00,4655.51,4532.44,True,CastleRock_NWS
1929,1929-01-27 02:00:00,1929-01-27 04:00:00,3,54.83,1929-01-27 03:00:00,5789.89,5735.06,True,CastleRock_NWS
1929,1929-01-27 07:00:00,1929-01-27 09:00:00,3,14.89,1929-01-27 08:00:00,5649.67,5634.79,True,CastleRock_NWS
1929,1929-01-27 12:00:00,1929-02-23 04:00:00,641,731.23,1929-02-09 04:00:00,3966.00,3234.77,True,CastleRock_NWS
1930,1929-10-18 13:00:00,1929-12-10 20:00:00,1280,4483.09,1929-10-18 14:00:00,6210.98,1727.89,True,CastleRock_NWS
1930,1929-12-11 08:00:00,1929-12-14 07:00:00,72,1543.63,1929-12-14 05:00:00,16634.19,15090.56,True,CastleRock_NWS
1930,1930-01-12 14:00:00,1930-02-01 14:00:00,481,557.97,1930-01-31 02:00:00,3710.78,3152.81,True,CastleRock_NWS
1930,1930-02-22 04:00:00,1930-02-23 11:00:00,32,2528.94,1930-02-23 08:00:00,20634.41,18105.47,True,CastleRock_NWS
1931,1930-10-17 21:00:00,1930-12-01 14:00:00,1074,4016.46,1930-10-17 22:00:00,5841.58,1825.12,True,CastleRock_NWS
1931,1930-12-01 17:00:00,1930-12-03 14:00:00,46,267.78,1930-12-01 19:00:00,3655.68,3387.91,True,CastleRock_NWS
1931,1930-12-04 18:00:00,1930-12-13 20:00:00,219,427.99,1930-12-11 00:00:00,3490.72,3062.72,True,CastleRock_NWS
1931,1930-12-15 01:00:00,1930-12-15 03:00:00,3,74.02,1930-12-15 02:00:00,5030.65,4956.63,True,CastleRock_NWS
1931,1930-12-20 14:00:00,1931-01-05 20:00:00,391,642.75,1931-01-02 02:00:00,3760.56,3117.81,True,CastleRock_NWS
1931,1931-01-09 10:00:00,1931-01-10 11:00:00,26,86.33,1931-01-10 00:00:00,4623.66,4537.34,True,CastleRock_NWS
1931,1931-01-15 13:00:00,1931-01-15 15:00:00,3,303.91,1931-01-15 14:00:00,8450.79,8146.88,True,CastleRock_NWS
1931,1931-01-22 15:00:00,1931-01-23 00:00:00,10,187.72,1931-01-22 23:00:00,10608.91,10421.19,True,CastleRock_NWS
1931,1931-01-29 16:00:00,1931-01-30 20:00:00,29,2307.98,1931-01-30 15:00:00,18447.76,16139.78,True,CastleRock_NWS
1931,1931-03-03 21:00:00,1931-03-04 03:00:00,7,210.50,1931-03-04 01:00:00,7035.69,6825.18,True,CastleRock_NWS
1931,1931-04-03 13:00:00,1931-04-07 23:00:00,107,6056.91,1931-04-06 18:00:00,23245.07,17188.16,True,CastleRock_NWS
1932,1931-10-18 18:00:00,1931-12-01 14:00:00,1053,4271.54,1931-10-18 19:00:00,5590.48,1318.94,True,CastleRock_NWS
1932,1931-12-01 18:00:00,1931-12-08 01:00:00,152,238.35,1931-12-06 12:00:00,3706.92,3468.56,True,CastleRock_NWS
1932,1931-12-08 22:00:00,1931-12-18 01:00:00,220,437.41,1931-12-16 02:00:00,3315.80,2878.39,True,CastleRock_NWS
1932,1932-01-13 05:00:00,1932-01-13 17:00:00,13,2437.95,1932-01-13 13:00:00,22540.27,20102.31,False,CastleRock_NWS
1932,1932-02-15 00:00:00,1932-02-21 10:00:00,155,230.88,1932-02-18 02:00:00,4408.38,4177.50,True,CastleRock_NWS
1932,1932-02-25 10:00:00,1932-02-26 01:00:00,16,433.83,1932-02-25 23:00:00,20878.03,20444.20,False,CastleRock_NWS
1932,1932-03-01 21:00:00,1932-03-05 12:00:00,88,6487.47,1932-03-04 19:00:00,23262.60,16775.14,True,CastleRock_NWS
1932,1932-03-07 11:00:00,1932-03-07 21:00:00,11,1533.20,1932-03-07 18:00:00,26279.71,24746.51,False,CastleRock_NWS
1932,1932-03-21 19:00:00,1932-03-23 00:00:00,30,3649.11,1932-03-22 19:00:00,20696.77,17047.67,True,CastleRock_NWS
1933,1932-10-16 07:00:00,1932-11-12 22:00:00,664,5192.65,1932-10-16 08:00:00,9095.05,3902.40,True,CastleRock_NWS
1933,1932-11-14 14:00:00,1932-11-16 14:00:00,49,7341.26,1932-11-14 23:00:00,51138.32,43797.07,False,CastleRock_NWS
1933,1932-11-18 16:00:00,1932-12-01 09:00:00,306,9553.50,1932-11-26 11:00:00,21956.76,12403.25,True,CastleRock_NWS
1933,1932-12-01 12:00:00,1932-12-01 14:00:00,3,167.58,1932-12-01 13:00:00,19787.32,19619.74,True,CastleRock_NWS
1933,1932-12-04 13:00:00,1932-12-09 00:00:00,108,7697.49,1932-12-08 17:00:00,20248.83,12551.34,True,CastleRock_NWS
1933,1933-01-10 13:00:00,1933-01-13 12:00:00,72,6841.12,1933-01-13 06:00:00,25094.51,18253.40,True,CastleRock_NWS
1933,1933-01-13 16:00:00,1933-01-13 18:00:00,3,287.95,1933-01-13 17:00:00,17227.88,16939.93,True,CastleRock_NWS
1934,1933-10-14 12:00:00,1933-10-23 13:00:00,218,4297.83,1933-10-14 12:00:00,7329.76,3031.93,True,CastleRock_NWS
1934,1933-10-25 02:00:00,1933-10-29 05:00:00,100,7457.70,1933-10-27 21:00:00,16973.66,9515.96,True,CastleRock_NWS
1934,1933-10-31 07:00:00,1933-11-02 23:00:00,65,4711.47,1933-11-01 20:00:00,18892.08,14180.61,True,CastleRock_NWS
1934,1933-11-05 17:00:00,1933-12-01 11:00:00,619,9734.28,1933-11-13 19:00:00,15843.85,6109.57,True,CastleRock_NWS
1934,1933-12-05 14:00:00,1933-12-06 00:00:00,11,299.48,1933-12-05 23:00:00,24458.29,24158.81,False,CastleRock_NWS
1934,1933-12-08 15:00:00,1933-12-09 12:00:00,22,1638.10,1933-12-08 19:00:00,29876.78,28238.68,False,CastleRock_NWS
1934,1933-12-16 12:00:00,1933-12-17 22:00:00,35,4386.98,1933-12-17 17:00:00,38773.30,34386.32,False,CastleRock_NWS
1934,1933-12-19 08:00:00,1933-12-19 10:00:00,3,468.29,1933-12-19 09:00:00,72300.49,71832.20,False,CastleRock_NWS
1934,1933-12-19 13:00:00,1933-12-19 20:00:00,8,174.85,1933-12-19 13:00:00,69233.05,69058.20,False,CastleRock_NWS
1934,1933-12-23 04:00:00,1933-12-27 11:00:00,104,57668.34,1933-12-27 06:00:00,103537.90,45869.55,False,CastleRock_NWS
1934,1934-01-02 04:00:00,1934-01-03 00:00:00,21,1639.35,1934-01-02 17:00:00,24848.21,23208.86,False,CastleRock_NWS
1934,1934-01-07 10:00:00,1934-01-19 23:00:00,302,5992.42,1934-01-16 07:00:00,22338.78,16346.36,True,CastleRock_NWS
1934,1934-01-29 04:00:00,1934-02-15 05:00:00,410,8738.21,1934-02-14 21:00:00,17041.18,8302.96,True,CastleRock_NWS
1935,1934-10-18 17:00:00,1934-10-25 06:00:00,158,6827.49,1934-10-24 23:00:00,31637.77,24810.28,False,CastleRock_NWS
1935,1934-10-27 15:00:00,1934-11-05 19:00:00,221,9424.92,1934-10-31 20:00:00,18309.88,8884.95,True,CastleRock_NWS
1935,1934-11-10 06:00:00,1934-12-01 09:00:00,508,8905.81,1934-11-22 19:00:00,21361.13,12455.32,True,CastleRock_NWS
1935,1934-12-01 12:00:00,1934-12-01 14:00:00,3,168.84,1934-12-01 13:00:00,19375.32,19206.48,True,CastleRock_NWS
1935,1934-12-24 03:00:00,1934-12-27 12:00:00,82,3941.11,1934-12-27 06:00:00,27286.45,23345.35,False,CastleRock_NWS
1935,1934-12-27 15:00:00,1934-12-27 17:00:00,3,242.57,1934-12-27 16:00:00,21766.98,21524.42,False,CastleRock_NWS
1935,1935-01-27 20:00:00,1935-01-30 17:00:00,70,3015.33,1935-01-30 12:00:00,22760.93,19745.60,True,CastleRock_NWS
1936,1935-10-18 11:00:00,1935-12-01 14:00:00,1060,4403.85,1935-10-18 12:00:00,6276.57,1872.71,True,CastleRock_NWS
1936,1936-01-05 10:00:00,1936-01-05 15:00:00,6,379.71,1936-01-05 13:00:00,35704.82,35325.11,False,CastleRock_NWS
1936,1936-02-15 15:00:00,1936-02-22 04:00:00,158,562.86,1936-02-21 23:00:00,10645.89,10083.03,True,CastleRock_NWS
1937,1936-10-18 12:00:00,1936-12-06 09:00:00,1174,4406.92,1936-10-18 13:00:00,6001.79,1594.88,True,CastleRock_NWS
1937,1936-12-24 05:00:00,1936-12-24 16:00:00,12,2122.81,1936-12-24 12:00:00,25750.20,23627.38,False,CastleRock_NWS
1937,1937-01-11 07:00:00,1937-01-12 10:00:00,28,91.22,1937-01-12 00:00:00,3445.84,3354.62,True,CastleRock_NWS
1937,1937-01-13 12:00:00,1937-01-15 10:00:00,47,106.08,1937-01-14 13:00:00,3343.75,3237.67,True,CastleRock_NWS
1937,1937-01-16 20:00:00,1937-01-18 20:00:00,49,62.97,1937-01-17 23:00:00,4416.92,4353.94,True,CastleRock_NWS
1937,1937-01-19 03:00:00,1937-02-12 09:00:00,583,717.56,1937-02-11 01:00:00,6281.16,5563.60,True,CastleRock_NWS
1937,1937-02-15 02:00:00,1937-02-16 09:00:00,32,176.97,1937-02-16 00:00:00,6793.22,6616.25,True,CastleRock_NWS
1937,1937-04-17 21:00:00,1937-04-21 01:00:00,77,4958.11,1937-04-20 18:00:00,20796.56,15838.45,True,CastleRock_NWS
1938,1937-10-18 08:00:00,1937-11-09 10:00:00,531,4823.52,1937-10-18 09:00:00,8106.01,3282.50,True,CastleRock_NWS
1938,1937-11-10 01:00:00,1937-11-25 10:00:00,370,5959.06,1937-11-11 17:00:00,20931.33,14972.27,True,CastleRock_NWS
1938,1937-11-30 12:00:00,1937-12-06 08:00:00,141,8562.56,1937-12-06 00:00:00,18177.88,9615.32,True,CastleRock_NWS
1938,1937-12-06 12:00:00,1937-12-06 14:00:00,3,360.21,1937-12-06 13:00:00,9441.25,9081.04,True,CastleRock_NWS
1938,1938-01-01 22:00:00,1938-01-06 18:00:00,117,7541.43,1938-01-06 11:00:00,20203.05,12661.62,True,CastleRock_NWS
1938,1938-01-17 01:00:00,1938-01-19 01:00:00,49,3724.20,1938-01-18 19:00:00,24441.20,20717.00,False,CastleRock_NWS
1938,1938-04-21 13:00:00,1938-04-26 18:00:00,126,5420.75,1938-04-26 12:00:00,18767.01,13346.26,True,CastleRock_NWS
1939,1938-10-16 20:00:00,1938-12-01 12:00:00,1097,4673.22,1938-10-16 21:00:00,7070.93,2397.71,True,CastleRock_NWS
1940,1939-10-18 07:00:00,1939-12-01 13:00:00,1063,4489.01,1939-10-18 08:00:00,6140.89,1651.87,True,CastleRock_NWS
1940,1939-12-18 10:00:00,1939-12-20 09:00:00,48,4635.33,1939-12-20 03:00:00,24502.76,19867.43,True,CastleRock_NWS
1940,1940-01-25 18:00:00,1940-01-27 03:00:00,34,58.69,1940-01-26 22:00:00,4662.87,4604.17,True,CastleRock_NWS
1940,1940-01-27 16:00:00,1940-01-27 18:00:00,3,33.60,1940-01-27 17:00:00,6191.84,6158.24,True,CastleRock_NWS
1940,1940-02-05 20:00:00,1940-02-05 22:00:00,3,32.43,1940-02-05 22:00:00,16326.14,16293.71,True,CastleRock_NWS
1940,1940-02-08 06:00:00,1940-02-08 15:00:00,10,726.27,1940-02-08 12:00:00,28196.17,27469.90,False,CastleRock_NWS
1941,1940-10-18 13:00:00,1940-12-01 09:00:00,1053,6369.44,1940-11-29 01:00:00,21964.04,15594.60,True,CastleRock_NWS
1941,1941-02-18 22:00:00,1941-02-28 03:00:00,222,335.41,1941-02-27 01:00:00,4136.16,3800.75,True,CastleRock_NWS
1941,1941-03-15 18:00:00,1941-03-18 06:00:00,61,120.04,1941-03-17 22:00:00,4298.14,4178.10,True,CastleRock_NWS
1941,1941-03-24 07:00:00,1941-03-29 02:00:00,116,165.68,1941-03-26 23:00:00,3869.40,3703.73,True,CastleRock_NWS
1941,1941-04-20 15:00:00,1941-04-22 16:00:00,50,76.04,1941-04-21 23:00:00,4106.93,4030.89,True,CastleRock_NWS
1942,1941-10-12 02:00:00,1941-12-01 10:00:00,1209,7055.78,1941-10-12 03:00:00,18863.65,11807.87,True,CastleRock_NWS
1942,1941-12-01 14:00:00,1941-12-01 16:00:00,3,157.12,1941-12-01 15:00:00,7613.55,7456.44,True,CastleRock_NWS
1942,1941-12-04 01:00:00,1941-12-04 10:00:00,10,775.25,1941-12-04 07:00:00,26640.36,25865.11,False,CastleRock_NWS
1942,1941-12-22 05:00:00,1941-12-26 13:00:00,105,6213.47,1941-12-26 06:00:00,21952.37,15738.89,True,CastleRock_NWS
1943,1942-10-19 04:00:00,1942-11-23 08:00:00,845,4261.50,1942-10-31 07:00:00,6943.20,2681.70,True,CastleRock_NWS
1943,1942-11-26 23:00:00,1942-11-30 13:00:00,87,4460.42,1942-11-29 16:00:00,23357.55,18897.13,True,CastleRock_NWS
1943,1942-11-30 22:00:00,1942-12-09 13:00:00,208,8331.82,1942-12-09 05:00:00,20814.13,12482.31,True,CastleRock_NWS
1943,1943-03-30 10:00:00,1943-03-31 05:00:00,20,1350.96,1943-03-31 02:00:00,30623.85,29272.88,False,CastleRock_NWS
1943,1943-04-04 13:00:00,1943-04-05 07:00:00,19,1494.83,1943-04-05 04:00:00,22342.99,20848.16,False,CastleRock_NWS
1944,1943-10-18 06:00:00,1943-12-01 13:00:00,1064,4340.98,1943-10-18 07:00:00,6703.36,2362.37,True,CastleRock_NWS
1944,1943-12-04 17:00:00,1943-12-05 07:00:00,15,1692.42,1943-12-05 03:00:00,26473.49,24781.07,False,CastleRock_NWS
1944,1944-03-02 09:00:00,1944-03-05 20:00:00,84,51.37,1944-03-03 01:00:00,4652.54,4601.17,True,CastleRock_NWS
1944,1944-03-06 03:00:00,1944-03-09 03:00:00,73,404.36,1944-03-08 23:00:00,5901.61,5497.25,True,CastleRock_NWS
1945,1944-10-16 23:00:00,1944-12-01 11:00:00,1093,4203.43,1944-10-17 00:00:00,6075.45,1872.02,True,CastleRock_NWS
1945,1944-12-01 15:00:00,1944-12-01 17:00:00,3,151.84,1944-12-01 16:00:00,6817.29,6665.45,True,CastleRock_NWS
1945,1945-01-01 12:00:00,1945-01-05 17:00:00,102,425.57,1945-01-05 00:00:00,3853.04,3427.47,True,CastleRock_NWS
1945,1945-01-09 01:00:00,1945-01-09 17:00:00,17,2976.30,1945-01-09 12:00:00,21429.33,18453.03,True,CastleRock_NWS
1945,1945-01-15 06:00:00,1945-01-16 07:00:00,26,2940.99,1945-01-16 02:00:00,24378.21,21437.22,False,CastleRock_NWS
1945,1945-02-10 09:00:00,1945-02-12 01:00:00,41,4167.03,1945-02-11 19:00:00,23236.97,19069.94,True,CastleRock_NWS
1946,1945-10-17 20:00:00,1945-12-01 09:00:00,1070,4577.95,1945-10-17 21:00:00,6261.30,1683.35,True,CastleRock_NWS
1946,1946-01-01 09:00:00,1946-01-05 11:00:00,99,2383.66,1946-01-03 19:00:00,28538.50,26154.84,False,CastleRock_NWS
1946,1946-01-05 21:00:00,1946-01-10 04:00:00,104,5865.32,1946-01-09 21:00:00,24718.10,18852.78,True,CastleRock_NWS
1946,1946-01-10 07:00:00,1946-01-10 09:00:00,3,239.37,1946-01-10 08:00:00,18008.32,17768.96,True,CastleRock_NWS
1947,1946-10-17 18:00:00,1946-11-19 01:00:00,776,4518.99,1946-10-27 05:00:00,19607.74,15088.75,True,CastleRock_NWS
1947,1946-11-20 14:00:00,1946-11-28 05:00:00,184,6949.14,1946-11-22 20:00:00,26628.74,19679.61,True,CastleRock_NWS
1947,1946-11-29 05:00:00,1946-12-01 18:00:00,62,6138.42,1946-12-01 12:00:00,21525.22,15386.80,True,CastleRock_NWS
1947,1946-12-18 19:00:00,1947-01-05 13:00:00,427,10533.63,1947-01-03 23:00:00,16962.85,6429.22,True,CastleRock_NWS
1947,1947-01-05 17:00:00,1947-01-05 19:00:00,3,319.05,1947-01-05 18:00:00,6546.10,6227.05,True,CastleRock_NWS
1947,1947-01-27 21:00:00,1947-01-30 03:00:00,55,5272.99,1947-01-29 21:00:00,22406.32,17133.34,True,CastleRock_NWS
1948,1947-10-12 07:00:00,1947-10-18 17:00:00,155,5507.55,1947-10-12 08:00:00,10607.60,5100.05,True,CastleRock_NWS
1948,1947-10-22 07:00:00,1947-11-08 07:00:00,409,8832.32,1947-10-29 17:00:00,16882.27,8049.95,True,CastleRock_NWS
1948,1947-11-10 06:00:00,1947-12-01 09:00:00,508,5679.54,1947-11-17 18:00:00,24929.17,19249.62,True,CastleRock_NWS
1948,1948-01-08 23:00:00,1948-01-10 00:00:00,26,1674.62,1948-01-09 20:00:00,26066.48,24391.87,False,CastleRock_NWS
1949,1948-10-11 21:00:00,1948-11-24 22:00:00,1058,5687.76,1948-10-11 21:00:00,11634.77,5947.00,True,CastleRock_NWS
1949,1948-11-25 14:00:00,1948-12-01 09:00:00,140,5797.13,1948-11-27 20:00:00,24540.44,18743.31,True,CastleRock_NWS
1949,1949-01-21 00:00:00,1949-02-10 07:00:00,488,418.53,1949-02-06 02:00:00,3487.28,3068.74,True,CastleRock_NWS
1950,1949-10-14 21:00:00,1949-11-25 05:00:00,993,5091.26,1949-10-14 22:00:00,9475.40,4384.14,True,CastleRock_NWS
1950,1949-11-26 02:00:00,1949-11-27 00:00:00,23,4379.29,1949-11-26 18:00:00,26139.81,21760.53,False,CastleRock_NWS
1950,1949-11-30 20:00:00,1949-12-09 17:00:00,214,8945.81,1949-12-09 09:00:00,19046.47,10100.66,True,CastleRock_NWS
1950,1950-01-24 07:00:00,1950-01-26 01:00:00,43,4801.75,1950-01-25 20:00:00,23526.82,18725.08,True,CastleRock_NWS
1950,1950-03-01 02:00:00,1950-03-04 08:00:00,79,5015.45,1950-03-03 17:00:00,25823.55,20808.10,False,CastleRock_NWS
1950,1950-03-08 18:00:00,1950-03-13 08:00:00,111,7317.07,1950-03-12 21:00:00,20499.48,13182.42,True,CastleRock_NWS
1951,1950-10-12 12:00:00,1950-11-23 14:00:00,1011,6755.63,1950-10-12 12:00:00,16024.75,9269.12,True,CastleRock_NWS
1951,1950-11-30 04:00:00,1950-12-06 22:00:00,163,6768.67,1950-12-03 19:00:00,23697.37,16928.70,True,CastleRock_NWS
1951,1950-12-09 08:00:00,1950-12-21 12:00:00,293,5911.09,1950-12-15 19:00:00,20672.33,14761.24,True,CastleRock_NWS
1951,1950-12-27 11:00:00,1951-01-06 07:00:00,237,5128.44,1951-01-06 01:00:00,23416.63,18288.19,True,CastleRock_NWS
1951,1951-02-15 15:00:00,1951-02-25 03:00:00,229,8840.95,1951-02-24 19:00:00,18793.62,9952.68,True,CastleRock_NWS
1952,1951-10-12 22:00:00,1951-12-01 08:00:00,1187,4969.64,1951-10-12 23:00:00,8170.84,3201.20,True,CastleRock_NWS
1952,1951-12-03 13:00:00,1951-12-06 08:00:00,68,3890.07,1951-12-06 03:00:00,27199.59,23309.52,False,CastleRock_NWS
1952,1952-01-15 18:00:00,1952-01-27 16:00:00,287,215.80,1952-01-23 23:00:00,5726.42,5510.62,True,CastleRock_NWS
1952,1952-02-06 00:00:00,1952-02-06 06:00:00,7,945.49,1952-02-06 04:00:00,26205.05,25259.56,False,CastleRock_NWS
1953,1952-10-18 14:00:00,1952-12-13 04:00:00,1335,4436.80,1952-10-18 15:00:00,5715.00,1278.20,True,CastleRock_NWS
1953,1952-12-16 16:00:00,1953-01-02 17:00:00,410,1018.30,1952-12-27 06:00:00,3658.49,2640.19,True,CastleRock_NWS
1953,1953-01-11 09:00:00,1953-01-11 19:00:00,11,1063.30,1953-01-11 17:00:00,26954.16,25890.86,False,CastleRock_NWS
1953,1953-01-15 04:00:00,1953-01-17 14:00:00,59,3149.47,1953-01-16 15:00:00,30307.21,27157.74,False,CastleRock_NWS
1953,1953-01-26 18:00:00,1953-01-31 01:00:00,104,4856.43,1953-01-29 16:00:00,33601.87,28745.44,False,CastleRock_NWS
1953,1953-02-05 18:00:00,1953-02-17 06:00:00,277,8831.87,1953-02-16 22:00:00,21857.88,13026.01,True,CastleRock_NWS
1954,1953-10-16 06:00:00,1953-12-01 08:00:00,1107,4963.02,1953-10-16 07:00:00,7807.46,2844.43,True,CastleRock_NWS
1954,1953-12-14 22:00:00,1953-12-20 03:00:00,126,5911.33,1953-12-19 16:00:00,24183.91,18272.58,True,CastleRock_NWS
1954,1953-12-23 06:00:00,1953-12-30 19:00:00,182,7456.27,1953-12-28 18:00:00,19769.65,12313.38,True,CastleRock_NWS
1955,1954-10-15 21:00:00,1954-11-19 07:00:00,827,4908.34,1954-10-15 22:00:00,8364.96,3456.62,True,CastleRock_NWS
1955,1954-11-20 21:00:00,1954-12-01 10:00:00,254,7288.43,1954-11-23 18:00:00,18710.72,11422.29,True,CastleRock_NWS
1955,1955-02-09 22:00:00,1955-02-10 01:00:00,4,221.27,1955-02-10 00:00:00,26924.21,26702.95,False,CastleRock_NWS
1956,1955-10-11 18:00:00,1955-10-30 02:00:00,441,8184.17,1955-10-11 19:00:00,24258.39,16074.23,True,CastleRock_NWS
1956,1955-11-01 05:00:00,1955-11-04 07:00:00,75,4571.18,1955-11-02 19:00:00,28125.76,23554.58,False,CastleRock_NWS
1956,1955-11-07 14:00:00,1955-11-10 05:00:00,64,4636.23,1955-11-09 17:00:00,19866.74,15230.51,True,CastleRock_NWS
1956,1955-11-12 17:00:00,1955-11-26 19:00:00,339,8210.72,1955-11-18 18:00:00,20918.95,12708.23,True,CastleRock_NWS
1956,1955-12-01 05:00:00,1955-12-10 00:00:00,212,7309.20,1955-12-08 20:00:00,22683.37,15374.17,True,CastleRock_NWS
1956,1955-12-15 23:00:00,1955-12-21 19:00:00,141,6920.81,1955-12-19 19:00:00,24674.21,17753.40,True,CastleRock_NWS
1956,1955-12-25 23:00:00,1956-01-04 00:00:00,218,8111.32,1956-01-02 20:00:00,21937.07,13825.74,True,CastleRock_NWS
1956,1956-04-25 03:00:00,1956-04-26 20:00:00,42,1942.72,1956-04-26 16:00:00,18357.24,16414.52,True,CastleRock_NWS
1957,1956-10-17 01:00:00,1956-12-01 11:00:00,1091,4724.84,1956-10-17 01:00:00,8403.81,3678.97,True,CastleRock_NWS
1957,1956-12-09 18:00:00,1956-12-10 00:00:00,7,40.82,1956-12-09 23:00:00,18087.73,18046.91,True,CastleRock_NWS
1957,1956-12-20 17:00:00,1956-12-28 23:00:00,199,7847.60,1956-12-28 16:00:00,18548.33,10700.73,True,CastleRock_NWS
1957,1956-12-29 03:00:00,1956-12-29 05:00:00,3,270.69,1956-12-29 04:00:00,10490.13,10219.44,True,CastleRock_NWS
1957,1957-01-26 18:00:00,1957-01-27 08:00:00,15,49.41,1957-01-27 01:00:00,3604.42,3555.01,True,CastleRock_NWS
1957,1957-01-27 21:00:00,1957-01-27 23:00:00,3,10.34,1957-01-27 22:00:00,3781.67,3771.34,True,CastleRock_NWS
1957,1957-02-28 22:00:00,1957-03-02 13:00:00,40,3601.80,1957-03-02 08:00:00,21141.68,17539.88,True,CastleRock_NWS
1957,1957-03-10 16:00:00,1957-03-11 01:00:00,10,636.97,1957-03-10 23:00:00,27277.88,26640.90,False,CastleRock_NWS
1958,1957-10-18 07:00:00,1957-12-01 13:00:00,1063,4364.10,1957-10-18 08:00:00,6253.27,1889.17,True,CastleRock_NWS
1958,1957-12-01 17:00:00,1957-12-01 19:00:00,3,135.88,1957-12-01 18:00:00,7881.86,7745.98,True,CastleRock_NWS
1958,1958-01-18 12:00:00,1958-01-18 21:00:00,10,778.16,1958-01-18 17:00:00,24099.59,23321.43,False,CastleRock_NWS
1958,1958-02-26 17:00:00,1958-02-26 19:00:00,3,134.96,1958-02-26 18:00:00,24351.83,24216.87,False,CastleRock_NWS
1958,1958-04-23 17:00:00,1958-04-26 00:00:00,56,4775.20,1958-04-25 19:00:00,20305.10,15529.90,True,CastleRock_NWS
1959,1958-10-14 19:00:00,1958-11-07 09:00:00,567,5017.35,1958-10-14 20:00:00,8042.74,3025.39,True,CastleRock_NWS
1959,1958-11-08 16:00:00,1958-11-08 20:00:00,5,340.85,1958-11-08 18:00:00,21081.76,20740.91,False,CastleRock_NWS
1959,1958-11-11 11:00:00,1958-11-12 07:00:00,21,1656.76,1958-11-11 18:00:00,23154.93,21498.17,False,CastleRock_NWS
1959,1958-11-15 10:00:00,1958-11-20 23:00:00,134,7863.79,1958-11-18 18:00:00,28058.90,20195.11,False,CastleRock_NWS
1959,1958-11-26 01:00:00,1958-12-03 07:00:00,175,8322.31,1958-12-02 08:00:00,18747.90,10425.60,True,CastleRock_NWS
1959,1958-12-05 09:00:00,1958-12-11 08:00:00,144,6487.04,1958-12-10 17:00:00,24005.28,17518.24,True,CastleRock_NWS
1959,1958-12-14 18:00:00,1958-12-23 14:00:00,213,6889.63,1958-12-20 09:00:00,18116.46,11226.83,True,CastleRock_NWS
1959,1959-01-14 12:00:00,1959-01-16 04:00:00,41,3859.55,1959-01-15 23:00:00,22111.38,18251.83,True,CastleRock_NWS
1959,1959-01-28 23:00:00,1959-02-02 23:00:00,121,7014.61,1959-02-02 17:00:00,20692.10,13677.48,True,CastleRock_NWS
1960,1959-10-13 04:00:00,1959-10-23 00:00:00,237,7499.33,1959-10-15 23:00:00,17511.04,10011.72,True,CastleRock_NWS
1960,1959-10-24 15:00:00,1959-11-21 03:00:00,661,8031.91,1959-10-30 13:00:00,17215.64,9183.73,True,CastleRock_NWS
1960,1959-11-27 16:00:00,1959-12-13 18:00:00,387,10183.99,1959-12-10 20:00:00,17546.46,7362.47,True,CastleRock_NWS
1960,1959-12-18 06:00:00,1959-12-21 22:00:00,89,6770.42,1959-12-21 15:00:00,19836.08,13065.66,True,CastleRock_NWS
1960,1960-02-09 01:00:00,1960-02-09 06:00:00,6,392.60,1960-02-09 05:00:00,26633.99,26241.39,False,CastleRock_NWS
1961,1960-10-17 03:00:00,1960-11-18 01:00:00,767,4379.49,1960-10-17 04:00:00,6527.90,2148.42,True,CastleRock_NWS
1961,1960-11-19 14:00:00,1960-11-20 19:00:00,30,1185.65,1960-11-19 19:00:00,31677.88,30492.23,False,CastleRock_NWS
1961,1960-11-22 13:00:00,1960-11-24 15:00:00,51,4471.60,1960-11-23 18:00:00,33231.30,28759.70,False,CastleRock_NWS
1961,1960-11-26 22:00:00,1960-12-05 08:00:00,203,8661.20,1960-12-05 01:00:00,18896.50,10235.30,True,CastleRock_NWS
1961,1961-01-18 01:00:00,1961-01-20 00:00:00,48,4711.48,1961-01-19 19:00:00,21603.47,16891.99,True,CastleRock_NWS
1961,1961-02-13 07:00:00,1961-02-14 12:00:00,30,2018.73,1961-02-14 08:00:00,27132.89,25114.16,False,CastleRock_NWS
1961,1961-02-24 14:00:00,1961-02-27 16:00:00,75,4986.83,1961-02-27 11:00:00,26050.27,21063.44,False,CastleRock_NWS
1962,1961-10-15 21:00:00,1961-12-01 09:00:00,1117,4933.98,1961-10-15 22:00:00,8626.12,3692.15,True,CastleRock_NWS
1962,1961-12-26 16:00:00,1961-12-29 14:00:00,71,5095.45,1961-12-28 19:00:00,23826.30,18730.85,True,CastleRock_NWS
1962,1961-12-29 17:00:00,1961-12-29 19:00:00,3,254.92,1961-12-29 18:00:00,20127.99,19873.07,True,CastleRock_NWS
1962,1962-01-05 07:00:00,1962-01-06 04:00:00,22,2300.21,1962-01-06 00:00:00,22348.69,20048.47,False,CastleRock_NWS
1962,1962-01-10 09:00:00,1962-01-13 03:00:00,67,5218.70,1962-01-12 21:00:00,19082.78,13864.07,True,CastleRock_NWS
1962,1962-04-09 06:00:00,1962-04-10 19:00:00,38,3453.12,1962-04-10 15:00:00,23502.60,20049.48,False,CastleRock_NWS
1963,1962-10-13 21:00:00,1962-11-20 04:00:00,896,11191.91,1962-11-20 00:00:00,37364.88,26172.97,False,CastleRock_NWS
1963,1962-11-23 12:00:00,1962-11-25 21:00:00,58,4753.25,1962-11-24 19:00:00,25379.82,20626.57,False,CastleRock_NWS
1963,1962-11-28 06:00:00,1962-12-16 06:00:00,433,7707.34,1962-12-05 18:00:00,23229.86,15522.52,True,CastleRock_NWS
1963,1962-12-17 00:00:00,1962-12-19 02:00:00,51,4819.03,1962-12-18 20:00:00,19589.88,14770.85,True,CastleRock_NWS
1963,1963-01-30 15:00:00,1963-01-31 17:00:00,27,85.94,1963-01-31 02:00:00,3009.93,2923.99,True,CastleRock_NWS
1963,1963-02-02 10:00:00,1963-02-03 01:00:00,16,1177.45,1963-02-03 00:00:00,23981.73,22804.28,False,CastleRock_NWS
1963,1963-02-08 06:00:00,1963-02-12 22:00:00,113,6543.92,1963-02-12 16:00:00,16343.64,9799.72,True,CastleRock_NWS
1964,1963-10-18 13:00:00,1963-12-01 09:00:00,1053,4378.96,1963-10-18 14:00:00,6199.13,1820.17,True,CastleRock_NWS
1964,1963-12-01 13:00:00,1963-12-01 15:00:00,3,159.01,1963-12-01 14:00:00,10457.98,10298.97,True,CastleRock_NWS
1964,1964-01-26 22:00:00,1964-01-30 04:00:00,79,4985.72,1964-01-29 21:00:00,28604.74,23619.03,False,CastleRock_NWS
1965,1964-10-13 03:00:00,1964-11-25 16:00:00,1046,5444.22,1964-10-13 04:00:00,9183.46,3739.24,True,CastleRock_NWS
1965,1964-11-25 19:00:00,1964-12-01 01:00:00,127,5462.59,1964-11-26 19:00:00,28432.99,22970.40,False,CastleRock_NWS
1965,1964-12-04 13:00:00,1964-12-10 04:00:00,136,7289.56,1964-12-08 18:00:00,19585.91,12296.35,True,CastleRock_NWS
1965,1964-12-27 14:00:00,1965-01-07 10:00:00,261,9001.53,1965-01-07 01:00:00,21475.42,12473.89,True,CastleRock_NWS
1965,1965-02-03 14:00:00,1965-02-17 16:00:00,339,8149.57,1965-02-16 19:00:00,22381.85,14232.28,True,CastleRock_NWS
1965,1965-04-22 21:00:00,1965-04-24 15:00:00,43,3586.70,1965-04-24 11:00:00,16191.16,12604.46,True,CastleRock_NWS
1966,1965-10-17 16:00:00,1965-12-01 13:00:00,1078,4592.69,1965-10-17 17:00:00,7243.59,2650.90,True,CastleRock_NWS
1966,1965-12-26 01:00:00,1965-12-27 14:00:00,38,63.06,1965-12-27 00:00:00,5412.44,5349.38,True,CastleRock_NWS
1966,1966-01-05 02:00:00,1966-01-06 02:00:00,25,163.55,1966-01-05 22:00:00,17054.49,16890.94,True,CastleRock_NWS
1967,1966-10-18 06:00:00,1966-12-01 08:00:00,1059,4363.98,1966-10-18 07:00:00,6022.43,1658.44,True,CastleRock_NWS
1967,1966-12-16 09:00:00,1966-12-24 11:00:00,195,6763.62,1966-12-24 05:00:00,20937.58,14173.96,True,CastleRock_NWS
1967,1966-12-24 15:00:00,1966-12-24 17:00:00,3,323.70,1966-12-24 16:00:00,14225.20,13901.50,True,CastleRock_NWS
1967,1967-01-31 15:00:00,1967-02-03 05:00:00,63,4961.06,1967-02-03 00:00:00,23006.68,18045.62,True,CastleRock_NWS
1968,1967-10-15 06:00:00,1967-10-28 04:00:00,311,5515.46,1967-10-15 07:00:00,11707.91,6192.45,True,CastleRock_NWS
1968,1967-10-29 13:00:00,1967-12-01 12:00:00,792,7960.36,1967-11-03 02:00:00,16602.67,8642.30,True,CastleRock_NWS
1968,1967-12-01 16:00:00,1967-12-01 18:00:00,3,139.38,1967-12-01 17:00:00,7885.21,7745.83,True,CastleRock_NWS
1968,1967-12-29 02:00:00,1968-01-02 07:00:00,102,6567.73,1968-01-02 01:00:00,19462.29,12894.57,True,CastleRock_NWS
1968,1968-01-02 11:00:00,1968-01-02 13:00:00,3,332.12,1968-01-02 12:00:00,13132.34,12800.22,True,CastleRock_NWS
1968,1968-01-23 02:00:00,1968-01-26 01:00:00,72,2480.44,1968-01-24 18:00:00,20498.45,18018.01,True,CastleRock_NWS
1968,1968-02-26 23:00:00,1968-03-08 12:00:00,254,6107.63,1968-03-08 06:00:00,16978.63,10871.00,True,CastleRock_NWS
1969,1968-10-13 19:00:00,1968-11-09 15:00:00,645,6130.71,1968-10-13 20:00:00,18417.35,12286.64,True,CastleRock_NWS
1969,1968-11-09 22:00:00,1968-11-11 07:00:00,34,3532.92,1968-11-10 18:00:00,20607.27,17074.34,True,CastleRock_NWS
1969,1968-11-14 10:00:00,1968-12-01 09:00:00,408,7491.37,1968-11-29 15:00:00,20982.40,13491.03,True,CastleRock_NWS
1969,1968-12-04 19:00:00,1968-12-04 21:00:00,3,37.42,1968-12-04 20:00:00,34196.00,34158.59,False,CastleRock_NWS
1969,1969-01-10 06:00:00,1969-01-17 08:00:00,171,8316.10,1969-01-17 00:00:00,18608.54,10292.44,True,CastleRock_NWS
1969,1969-01-17 12:00:00,1969-01-17 14:00:00,3,335.86,1969-01-17 13:00:00,10387.88,10052.02,True,CastleRock_NWS
1970,1969-10-12 10:00:00,1969-12-01 13:00:00,1204,5530.14,1969-10-12 10:00:00,9050.96,3520.82,True,CastleRock_NWS
1970,1969-12-01 17:00:00,1969-12-01 19:00:00,3,133.76,1969-12-01 18:00:00,5192.95,5059.19,True,CastleRock_NWS
1970,1970-01-26 15:00:00,1970-01-26 20:00:00,6,308.75,1970-01-26 18:00:00,41643.55,41334.81,False,CastleRock_NWS
1970,1970-01-28 13:00:00,1970-02-07 07:00:00,235,8294.03,1970-02-06 21:00:00,23950.45,15656.42,True,CastleRock_NWS
1971,1970-10-17 05:00:00,1970-11-24 10:00:00,918,6530.15,1970-11-24 01:00:00,18478.29,11948.14,True,CastleRock_NWS
1971,1970-11-26 09:00:00,1970-12-01 10:00:00,122,8503.67,1970-11-30 01:00:00,19911.99,11408.32,True,CastleRock_NWS
1971,1970-12-09 06:00:00,1970-12-12 07:00:00,74,5472.45,1970-12-12 02:00:00,23903.37,18430.92,True,CastleRock_NWS
1971,1971-01-22 07:00:00,1971-01-25 13:00:00,79,2865.38,1971-01-24 17:00:00,37914.63,35049.25,False,CastleRock_NWS
1971,1971-01-26 18:00:00,1971-01-31 08:00:00,111,5591.06,1971-01-30 07:00:00,31632.96,26041.90,False,CastleRock_NWS
1971,1971-02-02 01:00:00,1971-02-02 23:00:00,23,1636.89,1971-02-02 20:00:00,19722.21,18085.31,True,CastleRock_NWS
1972,1971-10-17 07:00:00,1971-12-01 10:00:00,1084,4554.17,1971-10-17 08:00:00,5883.15,1328.97,True,CastleRock_NWS
1972,1972-01-24 08:00:00,1972-02-01 21:00:00,206,9439.84,1972-02-01 13:00:00,22367.27,12927.43,True,CastleRock_NWS
1972,1972-02-20 20:00:00,1972-02-23 09:00:00,62,4138.66,1972-02-23 05:00:00,28792.41,24653.76,False,CastleRock_NWS
1972,1972-03-04 04:00:00,1972-03-05 10:00:00,31,1957.95,1972-03-04 18:00:00,29266.55,27308.60,False,CastleRock_NWS
1972,1972-03-09 12:00:00,1972-03-09 22:00:00,11,745.41,1972-03-09 18:00:00,34908.51,34163.10,False,CastleRock_NWS
1972,1972-03-15 16:00:00,1972-03-29 07:00:00,328,14710.79,1972-03-29 00:00:00,26984.32,12273.53,True,CastleRock_NWS
1973,1972-10-15 05:00:00,1972-12-01 11:00:00,1135,4917.71,1972-10-15 06:00:00,6536.99,1619.28,True,CastleRock_NWS
1973,1972-12-28 17:00:00,1973-01-07 15:00:00,239,9615.37,1973-01-07 07:00:00,23035.29,13419.91,True,CastleRock_NWS
1973,1973-01-16 18:00:00,1973-01-20 06:00:00,85,5744.70,1973-01-20 00:00:00,20329.56,14584.86,True,CastleRock_NWS
1974,1973-10-17 10:00:00,1973-11-12 05:00:00,620,4621.07,1973-10-17 11:00:00,7739.98,3118.91,True,CastleRock_NWS
1974,1973-11-12 18:00:00,1973-12-01 08:00:00,447,6437.26,1973-11-18 23:00:00,22000.49,15563.23,True,CastleRock_NWS
1974,1973-12-19 00:00:00,1973-12-21 10:00:00,59,3569.70,1973-12-20 18:00:00,24289.41,20719.71,False,CastleRock_NWS
1974,1974-01-22 09:00:00,1974-01-24 02:00:00,42,1865.54,1974-01-23 16:00:00,30340.16,28474.62,False,CastleRock_NWS
1974,1974-01-26 11:00:00,1974-02-13 02:00:00,424,16233.06,1974-02-12 07:00:00,24679.71,8446.65,True,CastleRock_NWS
1975,1974-10-17 14:00:00,1974-12-01 12:00:00,1079,4403.08,1974-10-17 15:00:00,5527.11,1124.03,True,CastleRock_NWS
1975,1974-12-01 16:00:00,1974-12-01 18:00:00,3,138.18,1974-12-01 17:00:00,3484.36,3346.18,True,CastleRock_NWS
1975,1974-12-23 15:00:00,1974-12-28 15:00:00,121,7487.50,1974-12-26 19:00:00,23134.76,15647.25,True,CastleRock_NWS
1975,1974-12-28 18:00:00,1974-12-28 20:00:00,3,205.90,1974-12-28 19:00:00,20493.55,20287.65,False,CastleRock_NWS
1975,1975-01-16 16:00:00,1975-01-17 00:00:00,9,283.26,1975-01-16 19:00:00,32775.97,32492.71,False,CastleRock_NWS
1975,1975-01-21 20:00:00,1975-01-24 11:00:00,64,2630.89,1975-01-22 19:00:00,19976.45,17345.56,True,CastleRock_NWS
1975,1975-01-27 10:00:00,1975-02-05 11:00:00,218,9083.75,1975-02-05 03:00:00,16804.64,7720.89,True,CastleRock_NWS
1976,1975-10-16 12:00:00,1975-11-15 16:00:00,725,4772.93,1975-10-16 13:00:00,7748.19,2975.26,True,CastleRock_NWS
1976,1975-11-16 07:00:00,1975-12-01 07:00:00,361,6439.17,1975-11-18 17:00:00,20890.19,14451.03,True,CastleRock_NWS
1976,1975-12-05 22:00:00,1975-12-16 20:00:00,263,30856.44,1975-12-12 23:00:00,47902.95,17046.51,True,CastleRock_NWS
1976,1975-12-28 13:00:00,1975-12-30 09:00:00,45,1866.78,1975-12-29 07:00:00,25016.76,23149.98,False,CastleRock_NWS
1976,1975-12-31 01:00:00,1976-01-01 11:00:00,35,2943.37,1976-01-01 06:00:00,21991.45,19048.09,True,CastleRock_NWS
1976,1976-01-19 22:00:00,1976-01-27 18:00:00,189,8094.72,1976-01-26 19:00:00,17516.19,9421.47,True,CastleRock_NWS
1976,1976-01-27 22:00:00,1976-01-28 00:00:00,3,301.07,1976-01-27 23:00:00,14250.00,13948.93,True,CastleRock_NWS
1977,1976-10-17 12:00:00,1976-12-26 18:00:00,1687,4000.42,1976-10-17 13:00:00,5567.65,1567.23,True,CastleRock_NWS
1977,1977-01-05 02:00:00,1977-01-17 08:00:00,295,458.94,1977-01-15 02:00:00,2460.98,2002.04,True,CastleRock_NWS
1977,1977-01-31 16:00:00,1977-02-01 06:00:00,15,32.41,1977-02-01 00:00:00,2000.10,1967.69,True,CastleRock_NWS
1977,1977-02-02 19:00:00,1977-02-11 09:00:00,207,362.27,1977-02-10 14:00:00,2394.86,2032.59,True,CastleRock_NWS
1978,1977-10-16 05:00:00,1977-11-02 12:00:00,416,5552.10,1977-11-01 23:00:00,19876.69,14324.59,True,CastleRock_NWS
1978,1977-11-03 07:00:00,1977-11-25 23:00:00,545,6925.67,1977-11-04 19:00:00,19578.89,12653.22,True,CastleRock_NWS
1978,1977-12-01 05:00:00,1977-12-01 20:00:00,16,4003.63,1977-12-01 17:00:00,28267.43,24263.80,False,CastleRock_NWS
1978,1977-12-04 15:00:00,1977-12-13 07:00:00,209,26126.50,1977-12-10 17:00:00,47354.52,21228.02,False,CastleRock_NWS
1978,1977-12-18 16:00:00,1978-01-03 19:00:00,388,10252.45,1978-01-02 22:00:00,17192.97,6940.53,True,CastleRock_NWS
1979,1978-10-16 16:00:00,1978-12-01 10:00:00,1099,4317.96,1978-10-16 17:00:00,6654.21,2336.24,True,CastleRock_NWS
1979,1978-12-01 13:00:00,1978-12-01 15:00:00,3,168.76,1978-12-01 14:00:00,18676.65,18507.88,True,CastleRock_NWS
1979,1979-01-13 22:00:00,1979-01-21 15:00:00,186,294.97,1979-01-20 03:00:00,2726.07,2431.10,True,CastleRock_NWS
1979,1979-01-23 20:00:00,1979-02-05 13:00:00,306,463.12,1979-02-01 01:00:00,2952.82,2489.70,True,CastleRock_NWS
1979,1979-02-06 09:00:00,1979-02-06 23:00:00,15,112.10,1979-02-06 21:00:00,15101.90,14989.79,True,CastleRock_NWS
1979,1979-03-09 01:00:00,1979-03-10 06:00:00,30,3334.66,1979-03-10 02:00:00,19429.31,16094.65,True,CastleRock_NWS
1980,1979-10-18 07:00:00,1979-12-02 05:00:00,1079,4351.72,1979-10-18 08:00:00,5431.18,1079.46,True,CastleRock_NWS
1980,1979-12-17 06:00:00,1979-12-17 21:00:00,16,2042.71,1979-12-17 17:00:00,26686.69,24643.97,False,CastleRock_NWS
1980,1979-12-22 01:00:00,1979-12-27 00:00:00,120,7665.33,1979-12-26 17:00:00,17362.46,9697.13,True,CastleRock_NWS
1980,1980-03-01 01:00:00,1980-03-02 16:00:00,40,3448.27,1980-03-02 12:00:00,17618.93,14170.66,True,CastleRock_NWS
1981,1980-10-18 04:00:00,1980-11-08 09:00:00,510,5149.41,1980-11-07 01:00:00,11205.63,6056.21,True,CastleRock_NWS
1981,1980-11-09 00:00:00,1980-12-01 09:00:00,538,7144.14,1980-11-11 05:00:00,20449.32,13305.18,True,CastleRock_NWS
1981,1980-12-01 13:00:00,1980-12-01 15:00:00,3,161.06,1980-12-01 14:00:00,12781.74,12620.68,True,CastleRock_NWS
1981,1980-12-24 15:00:00,1980-12-24 19:00:00,5,540.89,1980-12-24 17:00:00,30406.89,29866.01,False,CastleRock_NWS
1981,1981-01-01 13:00:00,1981-01-17 15:00:00,387,10553.17,1981-01-17 05:00:00,16354.13,5800.97,True,CastleRock_NWS
1981,1981-01-17 19:00:00,1981-01-17 21:00:00,3,312.22,1981-01-17 20:00:00,6576.29,6264.08,True,CastleRock_NWS
1981,1981-02-22 15:00:00,1981-03-01 22:00:00,176,7928.04,1981-03-01 15:00:00,19434.86,11506.83,True,CastleRock_NWS
1982,1981-10-11 15:00:00,1981-12-01 11:00:00,1221,4937.87,1981-10-11 16:00:00,11819.11,6881.24,True,CastleRock_NWS
1982,1981-12-01 15:00:00,1981-12-01 17:00:00,3,150.01,1981-12-01 16:00:00,9908.79,9758.78,True,CastleRock_NWS
1982,1981-12-07 18:00:00,1981-12-09 00:00:00,31,3061.83,1981-12-08 19:00:00,27317.31,24255.48,False,CastleRock_NWS
1982,1981-12-09 03:00:00,1981-12-09 05:00:00,3,164.83,1981-12-09 04:00:00,21942.61,21777.77,False,CastleRock_NWS
1982,1982-01-26 15:00:00,1982-01-31 18:00:00,124,6593.56,1982-01-30 20:00:00,22135.72,15542.15,True,CastleRock_NWS
1982,1982-02-24 11:00:00,1982-03-14 10:00:00,432,8631.07,1982-03-08 20:00:00,20451.73,11820.66,True,CastleRock_NWS
1983,1982-10-16 11:00:00,1982-12-01 10:00:00,1104,4126.83,1982-10-16 12:00:00,5781.05,1654.22,True,CastleRock_NWS
1983,1982-12-06 13:00:00,1982-12-12 10:00:00,142,8556.56,1982-12-12 02:00:00,16642.08,8085.52,True,CastleRock_NWS
1983,1982-12-12 14:00:00,1982-12-12 16:00:00,3,294.31,1982-12-12 15:00:00,8271.12,7976.80,True,CastleRock_NWS
1983,1983-01-12 07:00:00,1983-01-21 07:00:00,217,7677.78,1983-01-20 23:00:00,18482.83,10805.04,True,CastleRock_NWS
1983,1983-03-12 14:00:00,1983-03-14 20:00:00,55,2972.46,1983-03-14 16:00:00,23192.29,20219.83,False,CastleRock_NWS
1984,1983-10-17 14:00:00,1983-11-04 12:00:00,431,4460.13,1983-10-17 15:00:00,6899.89,2439.76,True,CastleRock_NWS
1984,1983-11-05 00:00:00,1983-11-16 09:00:00,274,6169.21,1983-11-05 21:00:00,24121.40,17952.19,True,CastleRock_NWS
1984,1983-11-19 10:00:00,1983-12-01 09:00:00,288,7161.63,1983-11-23 19:00:00,24481.22,17319.60,True,CastleRock_NWS
1984,1984-01-08 17:00:00,1984-01-16 05:00:00,181,8381.27,1984-01-15 21:00:00,16997.93,8616.66,True,CastleRock_NWS
1984,1984-01-28 08:00:00,1984-02-02 08:00:00,121,6658.32,1984-02-02 02:00:00,17415.50,10757.18,True,CastleRock_NWS
1985,1984-10-16 16:00:00,1984-12-01 10:00:00,1099,4609.09,1984-10-16 17:00:00,8131.16,3522.07,True,CastleRock_NWS
1986,1985-10-17 21:00:00,1985-10-25 14:00:00,186,5755.14,1985-10-25 00:00:00,17341.02,11585.88,True,CastleRock_NWS
1986,1985-10-26 03:00:00,1985-12-01 13:00:00,875,4959.13,1985-10-27 06:00:00,23825.00,18865.88,True,CastleRock_NWS
1986,1985-12-01 17:00:00,1985-12-01 19:00:00,3,132.50,1985-12-01 18:00:00,4492.00,4359.50,True,CastleRock_NWS
1986,1986-01-20 15:00:00,1986-01-22 19:00:00,53,5264.61,1986-01-22 14:00:00,20629.49,15364.88,True,CastleRock_NWS
1986,1986-03-01 18:00:00,1986-03-08 10:00:00,161,6014.04,1986-03-06 18:00:00,17980.70,11966.65,True,CastleRock_NWS
1986,1986-03-09 06:00:00,1986-03-15 04:00:00,143,6853.61,1986-03-14 21:00:00,20546.16,13692.55,True,CastleRock_NWS
1987,1986-10-18 00:00:00,1986-11-23 21:00:00,886,4940.86,1986-11-23 05:00:00,32132.90,27192.04,False,CastleRock_NWS
1987,1986-11-27 13:00:00,1986-12-08 09:00:00,261,9896.27,1986-12-08 00:00:00,17988.61,8092.35,True,CastleRock_NWS
1987,1987-02-03 09:00:00,1987-02-05 21:00:00,61,5811.03,1987-02-05 15:00:00,21484.45,15673.41,True,CastleRock_NWS
1987,1987-03-07 12:00:00,1987-03-10 12:00:00,73,5318.60,1987-03-10 06:00:00,22778.94,17460.35,True,CastleRock_NWS
1988,1987-10-19 13:00:00,1987-12-03 03:00:00,1071,4385.43,1987-10-19 14:00:00,7006.14,2620.71,True,CastleRock_NWS
1988,1987-12-11 17:00:00,1987-12-15 02:00:00,82,7791.26,1987-12-14 18:00:00,19540.13,11748.88,True,CastleRock_NWS
1988,1987-12-30 07:00:00,1988-01-14 09:00:00,363,555.14,1988-01-14 00:00:00,10452.42,9897.28,True,CastleRock_NWS
1988,1988-04-08 04:00:00,1988-04-08 08:00:00,5,849.63,1988-04-08 06:00:00,27215.85,26366.23,False,CastleRock_NWS
1989,1988-10-17 10:00:00,1988-11-06 10:00:00,481,5708.98,1988-10-17 11:00:00,13189.42,7480.43,True,CastleRock_NWS
1989,1988-11-07 09:00:00,1988-12-01 09:00:00,577,7200.65,1988-11-09 07:00:00,17841.76,10641.11,True,CastleRock_NWS
1989,1988-12-01 13:00:00,1988-12-01 15:00:00,3,159.26,1988-12-01 14:00:00,11235.62,11076.36,True,CastleRock_NWS
1990,1989-10-19 06:00:00,1989-12-01 12:00:00,1039,4989.22,1989-11-13 23:00:00,18518.91,13529.68,True,CastleRock_NWS
1990,1989-12-07 05:00:00,1989-12-13 06:00:00,146,7262.76,1989-12-12 23:00:00,17702.25,10439.49,True,CastleRock_NWS
1990,1989-12-13 10:00:00,1989-12-13 12:00:00,3,257.76,1989-12-13 11:00:00,10464.72,10206.96,True,CastleRock_NWS
1990,1990-01-13 17:00:00,1990-01-27 20:00:00,340,9473.21,1990-01-27 11:00:00,20348.11,10874.89,True,CastleRock_NWS
1990,1990-02-12 22:00:00,1990-02-13 20:00:00,23,2899.44,1990-02-13 16:00:00,26895.40,23995.96,False,CastleRock_NWS
1990,1990-04-18 20:00:00,1990-04-19 04:00:00,9,682.27,1990-04-19 02:00:00,15888.27,15206.00,True,CastleRock_NWS
1991,1990-10-15 16:00:00,1990-11-10 06:00:00,615,5408.97,1990-10-15 16:00:00,10251.61,4842.63,True,CastleRock_NWS
1991,1990-11-11 13:00:00,1990-11-23 15:00:00,291,6385.42,1990-11-17 19:00:00,18950.26,12564.84,True,CastleRock_NWS
1991,1990-11-28 18:00:00,1990-12-19 18:00:00,505,9081.23,1990-12-17 19:00:00,19134.79,10053.55,True,CastleRock_NWS
1991,1991-01-17 16:00:00,1991-01-22 12:00:00,117,6394.60,1991-01-22 06:00:00,18520.61,12126.01,True,CastleRock_NWS
1991,1991-02-07 13:00:00,1991-02-10 01:00:00,61,4610.40,1991-02-09 20:00:00,19550.05,14939.66,True,CastleRock_NWS
1991,1991-02-23 12:00:00,1991-02-28 02:00:00,111,6620.35,1991-02-27 20:00:00,19556.05,12935.70,True,CastleRock_NWS
1991,1991-04-07 21:00:00,1991-04-13 04:00:00,128,6939.96,1991-04-12 21:00:00,21978.38,15038.42,True,CastleRock_NWS
1992,1991-10-18 18:00:00,1991-11-25 17:00:00,912,4354.88,1991-11-05 08:00:00,7291.04,2936.16,True,CastleRock_NWS
1992,1991-11-27 02:00:00,1991-12-01 09:00:00,104,6439.16,1991-11-29 19:00:00,19388.87,12949.71,True,CastleRock_NWS
1992,1991-12-08 02:00:00,1991-12-10 18:00:00,65,1774.75,1991-12-10 13:00:00,24975.15,23200.39,False,CastleRock_NWS
1992,1992-02-02 13:00:00,1992-02-07 04:00:00,112,7184.87,1992-02-06 21:00:00,18073.41,10888.54,True,CastleRock_NWS
1993,1992-10-18 16:00:00,1992-12-01 11:00:00,1052,4297.46,1992-10-18 17:00:00,7090.71,2793.25,True,CastleRock_NWS
1993,1992-12-01 15:00:00,1992-12-01 17:00:00,3,149.40,1992-12-01 16:00:00,9296.97,9147.57,True,CastleRock_NWS
1993,1993-01-07 01:00:00,1993-01-21 02:00:00,338,531.52,1993-01-20 00:00:00,5302.43,4770.90,True,CastleRock_NWS
1993,1993-01-23 02:00:00,1993-01-25 04:00:00,51,410.30,1993-01-24 23:00:00,7211.72,6801.42,True,CastleRock_NWS
1993,1993-03-01 04:00:00,1993-03-04 21:00:00,90,237.83,1993-03-02 03:00:00,3866.13,3628.30,True,CastleRock_NWS
1993,1993-03-25 16:00:00,1993-03-27 23:00:00,56,5335.71,1993-03-27 18:00:00,17970.74,12635.02,True,CastleRock_NWS
1994,1993-10-18 17:00:00,1993-12-01 20:00:00,1060,4147.37,1993-10-18 18:00:00,6979.99,2832.62,True,CastleRock_NWS
1994,1993-12-26 19:00:00,1994-01-01 04:00:00,130,223.82,1993-12-31 14:00:00,4117.38,3893.57,True,CastleRock_NWS
1994,1994-01-02 10:00:00,1994-01-02 12:00:00,3,198.31,1994-01-02 11:00:00,11352.26,11153.95,True,CastleRock_NWS
1994,1994-01-06 00:00:00,1994-01-06 06:00:00,7,1175.69,1994-01-06 03:00:00,23659.82,22484.13,False,CastleRock_NWS
1994,1994-03-05 04:00:00,1994-03-05 17:00:00,14,663.37,1994-03-05 07:00:00,23210.46,22547.09,False,CastleRock_NWS
1995,1994-10-19 09:00:00,1994-10-27 13:00:00,197,7151.43,1994-10-27 01:00:00,9889.45,2738.01,True,CastleRock_NWS
1995,1994-10-28 07:00:00,1994-10-31 23:00:00,89,8623.35,1994-10-29 20:00:00,15947.19,7323.84,True,CastleRock_NWS
1995,1994-11-02 07:00:00,1994-11-30 21:00:00,687,7873.44,1994-11-02 21:00:00,23662.42,15788.98,True,CastleRock_NWS
1995,1994-12-02 20:00:00,1994-12-05 09:00:00,62,6594.60,1994-12-05 02:00:00,21613.32,15018.72,True,CastleRock_NWS
1995,1994-12-22 23:00:00,1994-12-26 22:00:00,96,6669.41,1994-12-26 17:00:00,24799.75,18130.34,True,CastleRock_NWS
1995,1994-12-30 12:00:00,1995-01-04 17:00:00,126,7800.31,1995-01-04 10:00:00,16923.46,9123.15,True,CastleRock_NWS
1995,1995-02-04 09:00:00,1995-02-12 03:00:00,187,6985.59,1995-02-11 21:00:00,15735.23,8749.63,True,CastleRock_NWS
1995,1995-02-23 13:00:00,1995-03-02 14:00:00,170,7357.97,1995-03-02 07:00:00,16931.23,9573.26,True,CastleRock_NWS
1996,1995-10-12 22:00:00,1995-11-08 10:00:00,637,6176.43,1995-10-12 23:00:00,14825.70,8649.27,True,CastleRock_NWS
1996,1995-11-10 10:00:00,1995-11-10 23:00:00,14,4407.12,1995-11-10 18:00:00,22960.61,18553.49,True,CastleRock_NWS
1996,1995-11-16 18:00:00,1995-11-24 19:00:00,194,7462.54,1995-11-22 20:00:00,18615.56,11153.02,True,CastleRock_NWS
1996,1995-11-27 10:00:00,1995-11-27 18:00:00,9,1196.08,1995-11-27 16:00:00,25640.35,24444.27,False,CastleRock_NWS
1996,1995-11-30 23:00:00,1995-12-05 13:00:00,111,51758.11,1995-12-05 07:00:00,83702.00,31943.89,False,CastleRock_NWS
1996,1995-12-05 17:00:00,1995-12-10 10:00:00,114,6458.29,1995-12-10 05:00:00,22327.08,15868.78,True,CastleRock_NWS
1996,1995-12-10 14:00:00,1995-12-10 16:00:00,3,341.24,1995-12-10 15:00:00,15580.34,15239.10,True,CastleRock_NWS
1996,1995-12-16 23:00:00,1995-12-25 02:00:00,196,8424.37,1995-12-24 18:00:00,18470.88,10046.52,True,CastleRock_NWS
1996,1996-01-05 00:00:00,1996-01-05 21:00:00,22,1974.49,1996-01-05 17:00:00,22157.33,20182.84,False,CastleRock_NWS
1996,1996-01-09 18:00:00,1996-01-14 12:00:00,115,5651.49,1996-01-14 06:00:00,21252.82,15601.33,True,CastleRock_NWS
1996,1996-01-17 14:00:00,1996-01-18 21:00:00,32,2794.19,1996-01-18 17:00:00,22946.82,20152.63,False,CastleRock_NWS
1996,1996-02-10 10:00:00,1996-02-14 20:00:00,107,45917.92,1996-02-14 13:00:00,67906.52,21988.61,False,CastleRock_NWS
1996,1996-02-14 23:00:00,1996-02-15 04:00:00,6,4277.49,1996-02-15 00:00:00,25501.28,21223.79,False,CastleRock_NWS
1996,1996-02-21 10:00:00,1996-02-23 07:00:00,46,3022.99,1996-02-23 02:00:00,24674.03,21651.04,False,CastleRock_NWS
1996,1996-04-26 18:00:00,1996-04-28 20:00:00,51,4058.03,1996-04-28 16:00:00,24942.91,20884.88,False,CastleRock_NWS
1997,1996-10-17 17:00:00,1996-11-28 03:00:00,995,4444.23,1996-10-17 18:00:00,7957.02,3512.78,True,CastleRock_NWS
1997,1996-11-29 17:00:00,1996-12-05 08:00:00,136,5465.69,1996-12-04 17:00:00,24964.11,19498.42,True,CastleRock_NWS
1997,1997-01-06 12:00:00,1997-01-18 21:00:00,298,8519.93,1997-01-16 20:00:00,20141.55,11621.62,True,CastleRock_NWS
1997,1997-01-21 10:00:00,1997-01-31 12:00:00,243,8446.28,1997-01-29 19:00:00,21206.63,12760.35,True,CastleRock_NWS
1997,1997-02-03 09:00:00,1997-02-06 05:00:00,69,5299.64,1997-02-06 00:00:00,21229.72,15930.08,True,CastleRock_NWS
1997,1997-03-23 15:00:00,1997-04-01 11:00:00,213,7015.04,1997-04-01 05:00:00,19093.44,12078.39,True,CastleRock_NWS
1997,1997-04-22 15:00:00,1997-04-24 05:00:00,39,1885.08,1997-04-24 01:00:00,22419.27,20534.18,False,CastleRock_NWS
1998,1997-10-08 05:00:00,1997-10-30 08:00:00,532,10397.96,1997-10-08 06:00:00,19076.96,8679.00,True,CastleRock_NWS
1998,1997-11-02 23:00:00,1997-12-01 09:00:00,683,10084.50,1997-11-12 22:00:00,16057.67,5973.17,True,CastleRock_NWS
1998,1997-12-01 12:00:00,1997-12-01 14:00:00,3,166.19,1997-12-01 13:00:00,12822.40,12656.21,True,CastleRock_NWS
1999,1998-10-17 21:00:00,1998-11-21 10:00:00,830,4657.83,1998-11-20 23:00:00,17554.89,12897.07,True,CastleRock_NWS
1999,1998-11-22 11:00:00,1998-11-25 19:00:00,81,5821.76,1998-11-24 17:00:00,26137.90,20316.14,False,CastleRock_NWS
1999,1998-11-28 07:00:00,1998-12-05 22:00:00,184,7581.55,1998-12-01 18:00:00,22139.25,14557.70,True,CastleRock_NWS
1999,1998-12-06 02:00:00,1998-12-06 04:00:00,3,257.62,1998-12-06 03:00:00,13982.05,13724.43,True,CastleRock_NWS
1999,1998-12-15 16:00:00,1998-12-18 23:00:00,80,5536.16,1998-12-18 16:00:00,19531.05,13994.89,True,CastleRock_NWS
1999,1998-12-19 02:00:00,1998-12-19 04:00:00,3,220.71,1998-12-19 03:00:00,13442.81,13222.11,True,CastleRock_NWS
1999,1999-01-03 00:00:00,1999-01-14 06:00:00,271,8249.20,1999-01-09 20:00:00,18364.52,10115.32,True,CastleRock_NWS
1999,1999-01-16 14:00:00,1999-01-18 01:00:00,36,2736.67,1999-01-17 18:00:00,27670.39,24933.72,False,CastleRock_NWS
2000,1999-10-16 05:00:00,1999-11-12 07:00:00,651,5065.81,1999-10-16 06:00:00,8795.70,3729.90,True,CastleRock_NWS
2000,1999-11-15 00:00:00,1999-11-25 05:00:00,246,9269.44,1999-11-19 20:00:00,17555.21,8285.77,True,CastleRock_NWS
2000,1999-11-28 18:00:00,1999-12-12 10:00:00,329,8277.48,1999-12-10 20:00:00,20637.02,12359.54,True,CastleRock_NWS
2000,1999-12-20 17:00:00,1999-12-26 13:00:00,141,6818.08,1999-12-26 06:00:00,18409.85,11591.77,True,CastleRock_NWS
2001,2000-10-15 16:00:00,2000-12-03 07:00:00,1168,5205.55,2000-10-15 17:00:00,7746.99,2541.43,True,CastleRock_NWS
2001,2000-12-03 20:00:00,2000-12-03 23:00:00,4,29.37,2000-12-03 22:00:00,4481.60,4452.23,True,CastleRock_NWS
2001,2000-12-04 18:00:00,2000-12-18 02:00:00,321,740.44,2000-12-15 00:00:00,2840.38,2099.94,True,CastleRock_NWS
2001,2000-12-19 09:00:00,2000-12-25 08:00:00,144,410.26,2000-12-20 03:00:00,5188.88,4778.61,True,CastleRock_NWS
2001,2001-01-06 16:00:00,2001-01-06 18:00:00,3,521.44,2001-01-06 17:00:00,7912.99,7391.55,True,CastleRock_NWS
2001,2001-01-30 12:00:00,2001-02-01 11:00:00,48,152.27,2001-01-31 15:00:00,4222.31,4070.04,True,CastleRock_NWS
2001,2001-02-02 17:00:00,2001-02-03 07:00:00,15,64.25,2001-02-03 00:00:00,4900.71,4836.46,True,CastleRock_NWS
2001,2001-02-25 12:00:00,2001-03-09 11:00:00,288,697.68,2001-03-05 04:00:00,4868.96,4171.28,True,CastleRock_NWS
2001,2001-03-13 15:00:00,2001-03-14 02:00:00,12,33.56,2001-03-13 23:00:00,3902.29,3868.72,True,CastleRock_NWS
2001,2001-03-18 05:00:00,2001-03-19 02:00:00,22,268.40,2001-03-18 22:00:00,5314.20,5045.81,True,CastleRock_NWS
2002,2001-10-19 00:00:00,2001-11-14 12:00:00,637,7645.89,2001-11-14 03:00:00,11649.48,4003.59,True,CastleRock_NWS
2002,2001-11-16 03:00:00,2001-11-23 12:00:00,178,8400.84,2001-11-19 11:00:00,18748.22,10347.38,True,CastleRock_NWS
2002,2001-11-23 23:00:00,2001-12-01 09:00:00,179,5809.18,2001-11-25 18:00:00,22130.05,16320.87,True,CastleRock_NWS
2002,2001-12-15 06:00:00,2001-12-15 22:00:00,17,2976.22,2001-12-15 18:00:00,33068.04,30091.82,False,CastleRock_NWS
2002,2001-12-19 02:00:00,2001-12-22 13:00:00,84,6589.29,2001-12-22 06:00:00,22203.15,15613.85,True,CastleRock_NWS
2002,2002-01-06 12:00:00,2002-01-07 00:00:00,13,545.47,2002-01-06 22:00:00,7307.83,6762.36,True,CastleRock_NWS
2002,2002-01-11 13:00:00,2002-01-21 09:00:00,237,8474.00,2002-01-20 19:00:00,18906.59,10432.59,True,CastleRock_NWS
2002,2002-01-21 13:00:00,2002-01-21 15:00:00,3,351.79,2002-01-21 14:00:00,12534.15,12182.36,True,CastleRock_NWS
2002,2002-04-17 02:00:00,2002-04-20 08:00:00,79,6226.71,2002-04-20 02:00:00,20537.93,14311.22,True,CastleRock_NWS
2003,2002-10-19 21:00:00,2002-12-13 04:00:00,1304,4233.41,2002-10-19 22:00:00,4814.85,581.45,True,CastleRock_NWS
2003,2003-01-28 14:00:00,2003-01-30 21:00:00,56,6974.53,2003-01-30 17:00:00,23040.21,16065.68,True,CastleRock_NWS
2003,2003-02-04 08:00:00,2003-02-15 19:00:00,276,11533.87,2003-02-13 00:00:00,17972.27,6438.40,True,CastleRock_NWS
2003,2003-03-17 06:00:00,2003-03-21 07:00:00,98,6289.23,2003-03-21 01:00:00,20824.87,14535.65,True,CastleRock_NWS
2003,2003-03-24 11:00:00,2003-03-24 23:00:00,13,1525.22,2003-03-24 20:00:00,25828.82,24303.60,False,CastleRock_NWS
2004,2003-10-17 14:00:00,2003-11-19 13:00:00,792,5444.92,2003-10-21 01:00:00,8028.31,2583.39,True,CastleRock_NWS
2004,2003-11-20 05:00:00,2003-12-01 08:00:00,268,6990.71,2003-11-21 12:00:00,19880.25,12889.55,True,CastleRock_NWS
2004,2004-02-01 15:00:00,2004-02-04 14:00:00,72,5956.64,2004-02-04 08:00:00,21891.55,15934.91,True,CastleRock_NWS
2005,2004-10-16 04:00:00,2004-12-01 11:00:00,1112,4652.16,2004-10-16 05:00:00,7827.98,3175.83,True,CastleRock_NWS
2005,2004-12-12 16:00:00,2004-12-16 02:00:00,83,5066.42,2004-12-15 21:00:00,19886.60,14820.18,True,CastleRock_NWS
2005,2005-01-15 06:00:00,2005-01-16 02:00:00,21,156.19,2005-01-15 23:00:00,2810.68,2654.49,True,CastleRock_NWS
2005,2005-01-17 01:00:00,2005-01-18 02:00:00,26,1678.31,2005-01-18 01:00:00,6491.34,4813.03,True,CastleRock_NWS
2005,2005-01-22 01:00:00,2005-01-28 03:00:00,147,7704.24,2005-01-27 20:00:00,16711.52,9007.28,True,CastleRock_NWS
2005,2005-02-27 14:00:00,2005-02-28 08:00:00,19,124.56,2005-02-28 00:00:00,3872.94,3748.38,True,CastleRock_NWS
2005,2005-03-01 18:00:00,2005-03-16 23:00:00,366,517.13,2005-03-16 02:00:00,4522.24,4005.11,True,CastleRock_NWS
2005,2005-03-17 02:00:00,2005-03-20 14:00:00,85,474.09,2005-03-20 00:00:00,3461.85,2987.75,True,CastleRock_NWS
2005,2005-03-24 17:00:00,2005-03-25 06:00:00,14,72.39,2005-03-25 00:00:00,2377.73,2305.34,True,CastleRock_NWS
2005,2005-03-26 02:00:00,2005-03-27 02:00:00,25,912.33,2005-03-27 00:00:00,5820.18,4907.85,True,CastleRock_NWS
2006,2005-10-17 19:00:00,2005-12-01 11:00:00,1073,4473.36,2005-10-17 20:00:00,7581.97,3108.60,True,CastleRock_NWS
2006,2005-12-27 00:00:00,2005-12-28 22:00:00,47,1577.23,2005-12-27 18:00:00,25436.98,23859.75,False,CastleRock_NWS
2006,2005-12-30 01:00:00,2005-12-31 13:00:00,37,1773.25,2005-12-30 18:00:00,25987.75,24214.50,False,CastleRock_NWS
2006,2006-01-02 01:00:00,2006-01-05 03:00:00,75,5552.11,2006-01-04 21:00:00,24736.84,19184.74,True,CastleRock_NWS
2006,2006-01-15 16:00:00,2006-01-17 16:00:00,49,2674.19,2006-01-16 18:00:00,27724.69,25050.49,False,CastleRock_NWS
2006,2006-01-18 06:00:00,2006-01-28 13:00:00,248,7756.57,2006-01-27 20:00:00,23580.92,15824.35,True,CastleRock_NWS
2006,2006-01-30 23:00:00,2006-01-31 01:00:00,3,1189.66,2006-01-31 00:00:00,53137.58,51947.92,False,CastleRock_NWS
2006,2006-02-01 03:00:00,2006-02-01 17:00:00,15,1174.84,2006-02-01 15:00:00,35737.98,34563.14,False,CastleRock_NWS
2007,2006-10-19 17:00:00,2006-11-06 04:00:00,420,3928.99,2006-10-19 18:00:00,5482.37,1553.38,True,CastleRock_NWS
2007,2006-11-09 10:00:00,2006-11-17 13:00:00,196,23880.74,2006-11-15 18:00:00,55082.16,31201.42,False,CastleRock_NWS
2007,2006-11-17 16:00:00,2006-12-01 10:00:00,331,3720.86,2006-11-18 12:00:00,21602.48,17881.63,True,CastleRock_NWS
2007,2006-12-17 19:00:00,2006-12-22 12:00:00,114,6578.10,2006-12-22 05:00:00,19033.43,12455.33,True,CastleRock_NWS
2007,2007-01-04 12:00:00,2007-01-05 10:00:00,23,2136.59,2007-01-05 06:00:00,26400.06,24263.47,False,CastleRock_NWS
2007,2007-01-05 13:00:00,2007-01-05 15:00:00,3,111.61,2007-01-05 14:00:00,22749.79,22638.17,False,CastleRock_NWS
2007,2007-03-15 08:00:00,2007-03-19 07:00:00,96,5551.20,2007-03-16 20:00:00,20918.39,15367.19,True,CastleRock_NWS
2007,2007-03-28 07:00:00,2007-04-01 01:00:00,91,5910.67,2007-03-31 19:00:00,18241.54,12330.87,True,CastleRock_NWS
2008,2007-10-17 07:00:00,2007-12-01 13:00:00,1087,4610.78,2007-10-17 08:00:00,6868.78,2258.00,True,CastleRock_NWS
2008,2007-12-01 17:00:00,2007-12-01 19:00:00,3,134.47,2007-12-01 18:00:00,4894.52,4760.05,True,CastleRock_NWS
2008,2007-12-02 05:00:00,2007-12-03 03:00:00,23,1164.92,2007-12-03 02:00:00,13025.67,11860.75,True,CastleRock_NWS
2008,2007-12-06 23:00:00,2007-12-13 13:00:00,159,9535.14,2007-12-13 04:00:00,16997.71,7462.57,True,CastleRock_NWS
2009,2008-10-16 09:00:00,2008-11-12 12:00:00,652,4892.13,2008-10-16 10:00:00,6372.04,1479.91,True,CastleRock_NWS
2009,2008-11-15 09:00:00,2008-12-01 11:00:00,387,10191.05,2008-11-23 14:00:00,16816.46,6625.41,True,CastleRock_NWS
2009,2008-12-15 19:00:00,2008-12-16 03:00:00,9,89.76,2008-12-16 01:00:00,6788.07,6698.31,True,CastleRock_NWS
2009,2008-12-21 18:00:00,2008-12-22 15:00:00,22,195.39,2008-12-22 02:00:00,3085.76,2890.37,True,CastleRock_NWS
2009,2008-12-23 08:00:00,2008-12-23 10:00:00,3,43.71,2008-12-23 09:00:00,3564.63,3520.92,True,CastleRock_NWS
2009,2008-12-24 18:00:00,2008-12-25 07:00:00,14,96.25,2008-12-25 01:00:00,2565.60,2469.35,True,CastleRock_NWS
2009,2008-12-25 19:00:00,2008-12-25 21:00:00,3,19.42,2008-12-25 20:00:00,4058.85,4039.43,True,CastleRock_NWS
2009,2008-12-26 20:00:00,2008-12-27 02:00:00,7,16.35,2008-12-27 00:00:00,4776.80,4760.45,True,CastleRock_NWS
2009,2009-01-12 04:00:00,2009-01-13 07:00:00,28,1542.31,2009-01-12 18:00:00,33104.39,31562.08,False,CastleRock_NWS
2009,2009-01-13 21:00:00,2009-01-31 00:00:00,412,9755.33,2009-01-29 22:00:00,17100.19,7344.87,True,CastleRock_NWS
2009,2009-01-31 04:00:00,2009-01-31 06:00:00,3,246.29,2009-01-31 05:00:00,7459.96,7213.66,True,CastleRock_NWS
2009,2009-02-19 22:00:00,2009-02-20 03:00:00,6,83.74,2009-02-20 01:00:00,3900.00,3816.26,True,CastleRock_NWS
2009,2009-02-21 17:00:00,2009-02-22 05:00:00,13,319.05,2009-02-22 01:00:00,2902.90,2583.84,True,CastleRock_NWS
2009,2009-02-23 22:00:00,2009-02-24 01:00:00,4,74.27,2009-02-24 00:00:00,3899.56,3825.29,True,CastleRock_NWS
2010,2009-10-18 15:00:00,2009-12-01 09:00:00,1051,7273.70,2009-11-17 02:00:00,11680.41,4406.70,True,CastleRock_NWS
2010,2010-01-06 12:00:00,2010-01-06 19:00:00,8,958.06,2010-01-06 16:00:00,24414.66,23456.60,False,CastleRock_NWS
2010,2010-02-09 21:00:00,2010-02-10 04:00:00,8,248.17,2010-02-10 01:00:00,2887.40,2639.23,True,CastleRock_NWS
2010,2010-02-11 22:00:00,2010-02-12 01:00:00,4,67.37,2010-02-12 00:00:00,4092.70,4025.33,True,CastleRock_NWS
2011,2010-10-15 12:00:00,2010-11-02 16:00:00,437,4577.26,2010-10-15 13:00:00,7535.84,2958.59,True,CastleRock_NWS
2011,2010-11-03 03:00:00,2010-12-01 10:00:00,680,6836.43,2010-11-04 03:00:00,26429.01,19592.58,True,CastleRock_NWS
2011,2010-12-16 17:00:00,2010-12-21 17:00:00,121,7862.96,2010-12-21 10:00:00,21636.80,13773.84,True,CastleRock_NWS
2011,2011-01-22 22:00:00,2011-02-08 17:00:00,404,8489.54,2011-02-03 21:00:00,18858.48,10368.94,True,CastleRock_NWS
2011,2011-04-03 23:00:00,2011-04-06 19:00:00,69,3168.85,2011-04-05 18:00:00,27982.19,24813.33,False,CastleRock_NWS
2012,2011-10-15 05:00:00,2011-11-23 03:00:00,935,5353.47,2011-11-22 22:00:00,15697.03,10343.56,True,CastleRock_NWS
2012,2011-11-25 01:00:00,2011-12-01 09:00:00,153,7341.97,2011-11-29 20:00:00,20847.53,13505.55,True,CastleRock_NWS
2012,2011-12-01 13:00:00,2011-12-01 15:00:00,3,155.46,2011-12-01 14:00:00,10750.44,10594.98,True,CastleRock_NWS
2012,2011-12-13 17:00:00,2011-12-14 04:00:00,12,227.80,2011-12-14 01:00:00,2729.77,2501.98,True,CastleRock_NWS
2012,2011-12-14 13:00:00,2011-12-14 15:00:00,3,67.58,2011-12-14 14:00:00,3826.05,3758.46,True,CastleRock_NWS
2012,2011-12-15 18:00:00,2011-12-16 02:00:00,9,65.01,2011-12-16 00:00:00,2847.02,2782.01,True,CastleRock_NWS
2012,2011-12-18 01:00:00,2011-12-19 07:00:00,31,540.20,2011-12-19 01:00:00,3660.52,3120.32,True,CastleRock_NWS
2012,2011-12-19 23:00:00,2011-12-20 01:00:00,3,246.91,2011-12-20 00:00:00,8023.70,7776.79,True,CastleRock_NWS
2012,2011-12-20 16:00:00,2011-12-21 15:00:00,24,386.33,2011-12-21 02:00:00,2136.64,1750.31,True,CastleRock_NWS
2012,2011-12-22 12:00:00,2011-12-22 14:00:00,3,74.89,2011-12-22 13:00:00,4684.16,4609.27,True,CastleRock_NWS
2012,2011-12-24 07:00:00,2011-12-25 14:00:00,32,473.65,2011-12-25 02:00:00,4231.90,3758.24,True,CastleRock_NWS
2012,2011-12-27 13:00:00,2011-12-27 15:00:00,3,38.64,2011-12-27 14:00:00,4309.38,4270.74,True,CastleRock_NWS
2012,2012-01-01 08:00:00,2012-01-04 09:00:00,74,7012.01,2012-01-03 21:00:00,24531.27,17519.26,True,CastleRock_NWS
2012,2012-01-04 13:00:00,2012-01-04 15:00:00,3,341.70,2012-01-04 14:00:00,17255.07,16913.37,True,CastleRock_NWS
2012,2012-02-25 06:00:00,2012-02-28 10:00:00,77,5864.81,2012-02-28 04:00:00,26527.02,20662.21,False,CastleRock_NWS
2012,2012-04-28 12:00:00,2012-04-29 11:00:00,24,2938.47,2012-04-29 11:00:00,23944.40,21005.92,False,CastleRock_NWS
2013,2012-10-16 20:00:00,2012-10-29 14:00:00,307,5843.53,2012-10-16 21:00:00,12858.73,7015.19,True,CastleRock_NWS
2013,2012-11-01 05:00:00,2012-11-19 22:00:00,450,8866.22,2012-11-04 18:00:00,21333.86,12467.64,True,CastleRock_NWS
2013,2012-11-22 01:00:00,2012-11-24 06:00:00,54,4308.42,2012-11-23 17:00:00,22123.66,17815.24,True,CastleRock_NWS
2013,2012-11-25 18:00:00,2012-12-04 15:00:00,214,7554.03,2012-11-30 18:00:00,19829.95,12275.91,True,CastleRock_NWS
2013,2012-12-06 11:00:00,2012-12-07 16:00:00,30,2260.44,2012-12-07 11:00:00,26102.68,23842.24,False,CastleRock_NWS
2013,2013-04-08 06:00:00,2013-04-08 19:00:00,14,508.72,2013-04-08 16:00:00,27584.41,27075.70,False,CastleRock_NWS
2014,2013-10-10 01:00:00,2013-12-01 10:00:00,1258,6034.25,2013-10-10 01:00:00,14689.05,8654.79,True,CastleRock_NWS
2014,2013-12-03 16:00:00,2013-12-06 15:00:00,72,6611.44,2013-12-06 09:00:00,18561.48,11950.04,True,CastleRock_NWS
2014,2014-01-14 10:00:00,2014-01-14 14:00:00,5,255.16,2014-01-14 11:00:00,27339.75,27084.58,False,CastleRock_NWS
2014,2014-03-13 08:00:00,2014-03-17 13:00:00,102,3047.35,2014-03-15 18:00:00,22431.69,19384.34,True,CastleRock_NWS
2014,2014-03-17 22:00:00,2014-03-25 09:00:00,180,7693.98,2014-03-25 03:00:00,19158.06,11464.08,True,CastleRock_NWS
2015,2014-10-17 18:00:00,2014-11-25 16:00:00,935,4634.40,2014-10-17 19:00:00,6696.88,2062.48,True,CastleRock_NWS
2015,2014-11-30 15:00:00,2014-12-07 16:00:00,170,8747.20,2014-12-05 20:00:00,18450.74,9703.54,True,CastleRock_NWS
2015,2014-12-23 15:00:00,2014-12-24 06:00:00,16,677.17,2014-12-23 19:00:00,25123.61,24446.44,False,CastleRock_NWS
2015,2014-12-25 00:00:00,2014-12-27 13:00:00,62,5381.91,2014-12-26 20:00:00,21005.59,15623.68,True,CastleRock_NWS
2015,2015-01-07 03:00:00,2015-01-08 14:00:00,36,2759.64,2015-01-08 09:00:00,23730.89,20971.25,False,CastleRock_NWS
2015,2015-01-20 10:00:00,2015-01-22 02:00:00,41,4008.56,2015-01-21 21:00:00,21807.47,17798.91,True,CastleRock_NWS
2015,2015-02-11 19:00:00,2015-02-14 00:00:00,54,4618.59,2015-02-13 19:00:00,19406.73,14788.14,True,CastleRock_NWS
2015,2015-03-13 15:00:00,2015-03-14 06:00:00,16,500.06,2015-03-14 01:00:00,3417.05,2916.99,True,CastleRock_NWS
2016,2015-10-18 19:00:00,2015-10-31 17:00:00,311,6993.93,2015-10-31 02:00:00,11868.25,4874.32,True,CastleRock_NWS
2016,2015-11-02 14:00:00,2015-11-14 08:00:00,283,9034.66,2015-11-05 21:00:00,16903.59,7868.94,True,CastleRock_NWS
2016,2015-11-16 02:00:00,2015-11-17 12:00:00,35,4721.24,2015-11-16 19:00:00,25777.57,21056.33,False,CastleRock_NWS
2016,2015-11-20 13:00:00,2015-12-01 12:00:00,264,10838.80,2015-11-30 04:00:00,16407.89,5569.09,True,CastleRock_NWS
2016,2015-12-13 14:00:00,2016-01-03 07:00:00,498,11006.63,2016-01-02 21:00:00,19422.46,8415.83,True,CastleRock_NWS
2016,2016-01-30 15:00:00,2016-02-01 07:00:00,41,4014.54,2016-02-01 03:00:00,24554.67,20540.12,False,CastleRock_NWS
2016,2016-02-20 10:00:00,2016-02-25 08:00:00,119,7113.69,2016-02-24 21:00:00,22770.20,15656.51,True,CastleRock_NWS
2017,2016-10-14 10:00:00,2016-10-15 16:00:00,31,6199.03,2016-10-14 11:00:00,23969.10,17770.08,True,CastleRock_NWS
2017,2016-10-18 20:00:00,2016-10-21 06:00:00,59,3658.38,2016-10-19 19:00:00,24354.64,20696.26,False,CastleRock_NWS
2017,2016-10-22 02:00:00,2016-12-01 09:00:00,968,8575.34,2016-10-25 22:00:00,18430.14,9854.80,True,CastleRock_NWS
2017,2017-01-04 18:00:00,2017-01-05 07:00:00,14,94.69,2017-01-05 01:00:00,5365.28,5270.59,True,CastleRock_NWS
2017,2017-01-13 08:00:00,2017-01-14 12:00:00,29,317.32,2017-01-14 01:00:00,4376.34,4059.02,True,CastleRock_NWS
2017,2017-01-15 13:00:00,2017-01-15 15:00:00,3,28.74,2017-01-15 14:00:00,4763.29,4734.55,True,CastleRock_NWS
2017,2017-01-16 03:00:00,2017-01-18 02:00:00,48,756.21,2017-01-17 23:00:00,5389.14,4632.93,True,CastleRock_NWS
2017,2017-02-11 23:00:00,2017-02-13 12:00:00,38,4086.29,2017-02-13 07:00:00,22909.80,18823.51,True,CastleRock_NWS
2017,2017-02-19 09:00:00,2017-02-22 22:00:00,86,5295.33,2017-02-22 17:00:00,23015.54,17720.21,True,CastleRock_NWS
2017,2017-03-21 12:00:00,2017-04-01 00:00:00,253,6817.42,2017-03-25 19:00:00,25286.37,18468.96,True,CastleRock_NWS
2018,2017-10-18 02:00:00,2017-10-22 03:00:00,98,8690.81,2017-10-21 23:00:00,17271.51,8580.70,True,CastleRock_NWS
2018,2017-10-24 02:00:00,2017-11-22 02:00:00,697,9823.56,2017-10-28 08:00:00,16498.27,6674.72,True,CastleRock_NWS
2018,2017-11-27 01:00:00,2017-12-08 10:00:00,274,9861.18,2017-12-08 01:00:00,18105.92,8244.74,True,CastleRock_NWS
2018,2018-01-01 09:00:00,2018-01-05 01:00:00,89,6814.01,2018-01-04 18:00:00,19705.02,12891.01,True,CastleRock_NWS
2018,2018-02-06 23:00:00,2018-02-08 00:00:00,26,2607.37,2018-02-07 20:00:00,21510.46,18903.10,True,CastleRock_NWS
2019,2018-10-19 23:00:00,2018-12-01 11:00:00,1021,5946.72,2018-11-26 02:00:00,13257.18,7310.47,True,CastleRock_NWS
2019,2018-12-01 23:00:00,2018-12-02 07:00:00,9,281.43,2018-12-02 06:00:00,3818.84,3537.41,True,CastleRock_NWS
2019,2018-12-02 11:00:00,2018-12-02 13:00:00,3,244.51,2018-12-02 12:00:00,4664.51,4420.00,True,CastleRock_NWS
2019,2018-12-02 21:00:00,2018-12-03 08:00:00,12,615.04,2018-12-03 07:00:00,6826.60,6211.56,True,CastleRock_NWS
2019,2018-12-03 14:00:00,2018-12-03 17:00:00,4,202.92,2018-12-03 16:00:00,5746.85,5543.94,True,CastleRock_NWS
2019,2018-12-03 22:00:00,2018-12-04 00:00:00,3,547.96,2018-12-03 23:00:00,5208.42,4660.46,True,CastleRock_NWS
2019,2018-12-04 02:00:00,2018-12-04 11:00:00,10,1111.02,2018-12-04 09:00:00,2123.61,1012.59,True,CastleRock_NWS
2019,2018-12-04 14:00:00,2018-12-04 17:00:00,4,777.47,2018-12-04 15:00:00,4310.54,3533.08,True,CastleRock_NWS
2019,2018-12-05 02:00:00,2018-12-05 17:00:00,16,1426.61,2018-12-05 11:00:00,2490.34,1063.73,True,CastleRock_NWS
2019,2018-12-06 03:00:00,2018-12-06 08:00:00,6,897.96,2018-12-06 06:00:00,2868.24,1970.27,True,CastleRock_NWS
2019,2018-12-06 11:00:00,2018-12-06 20:00:00,10,1335.58,2018-12-06 14:00:00,4889.73,3554.14,True,CastleRock_NWS
2019,2018-12-07 06:00:00,2018-12-07 11:00:00,6,587.75,2018-12-07 08:00:00,2259.04,1671.29,True,CastleRock_NWS
2019,2018-12-07 14:00:00,2018-12-07 19:00:00,6,910.14,2018-12-07 17:00:00,6241.71,5331.57,True,CastleRock_NWS
2019,2018-12-08 02:00:00,2018-12-08 09:00:00,8,1236.43,2018-12-08 08:00:00,2000.00,763.57,True,CastleRock_NWS
2019,2018-12-08 13:00:00,2018-12-08 16:00:00,4,763.60,2018-12-08 14:00:00,2685.85,1922.24,True,CastleRock_NWS
2019,2018-12-09 04:00:00,2018-12-09 07:00:00,4,483.15,2018-12-09 06:00:00,2785.80,2302.65,True,CastleRock_NWS
2019,2018-12-09 10:00:00,2018-12-09 19:00:00,10,480.64,2018-12-09 12:00:00,2000.00,1519.36,True,CastleRock_NWS
2019,2018-12-10 04:00:00,2018-12-10 08:00:00,5,608.93,2018-12-10 06:00:00,3359.41,2750.48,True,CastleRock_NWS
2019,2018-12-13 02:00:00,2018-12-13 09:00:00,8,45.81,2018-12-13 07:00:00,9471.52,9425.71,True,CastleRock_NWS
2019,2018-12-14 09:00:00,2018-12-14 17:00:00,9,119.73,2018-12-14 15:00:00,7637.63,7517.90,True,CastleRock_NWS
2019,2018-12-14 21:00:00,2018-12-14 23:00:00,3,436.41,2018-12-14 22:00:00,9527.06,9090.65,True,CastleRock_NWS
2019,2018-12-15 02:00:00,2018-12-15 06:00:00,5,318.80,2018-12-15 03:00:00,6852.75,6533.95,True,CastleRock_NWS
2019,2018-12-16 09:00:00,2018-12-16 13:00:00,5,6.39,2018-12-16 10:00:00,6663.98,6657.59,True,CastleRock_NWS
2019,2018-12-25 07:00:00,2018-12-25 16:00:00,10,263.48,2018-12-25 15:00:00,8644.76,8381.28,True,CastleRock_NWS
2019,2019-01-07 02:00:00,2019-01-07 08:00:00,7,19.99,2019-01-07 07:00:00,7321.14,7301.15,True,CastleRock_NWS
2019,2019-01-07 12:00:00,2019-01-07 14:00:00,3,65.97,2019-01-07 13:00:00,7210.03,7144.06,True,CastleRock_NWS
2019,2019-01-16 12:00:00,2019-01-16 19:00:00,8,61.06,2019-01-16 18:00:00,7132.24,7071.18,True,CastleRock_NWS
2019,2019-01-16 23:00:00,2019-01-17 01:00:00,3,260.07,2019-01-17 00:00:00,7910.33,7650.25,True,CastleRock_NWS
2019,2019-01-18 04:00:00,2019-01-18 12:00:00,9,470.09,2019-01-18 12:00:00,8922.86,8452.77,True,CastleRock_NWS
2019,2019-02-11 10:00:00,2019-02-11 14:00:00,5,542.48,2019-02-11 13:00:00,6353.82,5811.34,True,CastleRock_NWS
2019,2019-02-14 05:00:00,2019-02-14 07:00:00,3,367.25,2019-02-14 06:00:00,8327.19,7959.94,True,CastleRock_NWS
2019,2019-02-18 15:00:00,2019-02-18 17:00:00,3,269.03,2019-02-18 16:00:00,6636.67,6367.64,True,CastleRock_NWS
2019,2019-02-19 03:00:00,2019-02-19 05:00:00,3,174.09,2019-02-19 04:00:00,6991.34,6817.25,True,CastleRock_NWS
2019,2019-02-20 01:00:00,2019-02-20 06:00:00,6,650.07,2019-02-20 03:00:00,4238.10,3588.03,True,CastleRock_NWS
2019,2019-02-21 03:00:00,2019-02-21 05:00:00,3,232.51,2019-02-21 05:00:00,4453.51,4221.00,True,CastleRock_NWS
2019,2019-02-22 03:00:00,2019-02-22 08:00:00,6,1013.74,2019-02-22 07:00:00,3960.10,2946.36,True,CastleRock_NWS
2019,2019-02-23 01:00:00,2019-02-23 05:00:00,5,690.21,2019-02-23 03:00:00,4956.24,4266.03,True,CastleRock_NWS
2019,2019-02-24 02:00:00,2019-02-24 05:00:00,4,452.36,2019-02-24 04:00:00,6013.84,5561.48,True,CastleRock_NWS
2019,2019-02-25 01:00:00,2019-02-25 05:00:00,5,462.64,2019-02-25 03:00:00,6299.66,5837.01,True,CastleRock_NWS
2019,2019-02-25 23:00:00,2019-02-26 07:00:00,9,939.04,2019-02-26 05:00:00,4391.43,3452.39,True,CastleRock_NWS
2019,2019-02-26 10:00:00,2019-02-26 12:00:00,3,526.94,2019-02-26 11:00:00,4096.84,3569.91,True,CastleRock_NWS
2019,2019-02-27 01:00:00,2019-02-27 04:00:00,4,172.56,2019-02-27 02:00:00,5139.49,4966.92,True,CastleRock_NWS
2019,2019-02-27 15:00:00,2019-02-27 20:00:00,6,754.60,2019-02-27 18:00:00,7364.64,6610.04,True,CastleRock_NWS
2019,2019-02-28 01:00:00,2019-02-28 07:00:00,7,1343.56,2019-02-28 05:00:00,4598.37,3254.80,True,CastleRock_NWS
2019,2019-02-28 21:00:00,2019-03-01 09:00:00,13,763.22,2019-03-01 08:00:00,3980.15,3216.93,True,CastleRock_NWS
2019,2019-03-01 22:00:00,2019-03-02 08:00:00,11,707.62,2019-03-02 07:00:00,4516.41,3808.78,True,CastleRock_NWS
2019,2019-03-02 14:00:00,2019-03-02 17:00:00,4,219.71,2019-03-02 14:00:00,4567.17,4347.45,True,CastleRock_NWS
2019,2019-03-03 02:00:00,2019-03-03 10:00:00,9,697.01,2019-03-03 04:00:00,3167.86,2470.86,True,CastleRock_NWS
2019,2019-03-04 01:00:00,2019-03-04 04:00:00,4,579.01,2019-03-04 03:00:00,5554.05,4975.04,True,CastleRock_NWS
2019,2019-03-04 07:00:00,2019-03-04 10:00:00,4,719.38,2019-03-04 09:00:00,4635.34,3915.97,True,CastleRock_NWS
2019,2019-03-04 22:00:00,2019-03-05 07:00:00,10,704.86,2019-03-05 02:00:00,4251.87,3547.01,True,CastleRock_NWS
2019,2019-03-05 11:00:00,2019-03-05 17:00:00,7,622.45,2019-03-05 16:00:00,2579.63,1957.18,True,CastleRock_NWS
2019,2019-03-05 21:00:00,2019-03-06 18:00:00,22,907.41,2019-03-05 23:00:00,2000.00,1092.59,True,CastleRock_NWS
2019,2019-03-07 01:00:00,2019-03-07 08:00:00,8,811.60,2019-03-07 03:00:00,2026.01,1214.41,True,CastleRock_NWS
2019,2019-03-08 00:00:00,2019-03-08 04:00:00,5,229.29,2019-03-08 04:00:00,3632.41,3403.13,True,CastleRock_NWS
2019,2019-03-08 08:00:00,2019-03-08 15:00:00,8,761.14,2019-03-08 10:00:00,2032.99,1271.85,True,CastleRock_NWS
2019,2019-03-09 01:00:00,2019-03-09 06:00:00,6,685.27,2019-03-09 04:00:00,2814.84,2129.57,True,CastleRock_NWS
2019,2019-03-09 09:00:00,2019-03-09 13:00:00,5,885.68,2019-03-09 11:00:00,2167.70,1282.01,True,CastleRock_NWS
2019,2019-03-09 22:00:00,2019-03-10 01:00:00,4,585.00,2019-03-09 23:00:00,5532.62,4947.62,True,CastleRock_NWS
2019,2019-03-10 04:00:00,2019-03-10 10:00:00,7,903.14,2019-03-10 07:00:00,6178.07,5274.93,True,CastleRock_NWS
2019,2019-03-10 13:00:00,2019-03-11 04:00:00,16,1606.58,2019-03-11 02:00:00,6303.29,4696.71,True,CastleRock_NWS
2019,2019-03-11 06:00:00,2019-03-11 20:00:00,15,1174.99,2019-03-11 08:00:00,6557.41,5382.42,True,CastleRock_NWS
2019,2019-03-11 22:00:00,2019-03-12 14:00:00,17,1219.44,2019-03-12 05:00:00,2000.00,780.56,True,CastleRock_NWS
2019,2019-03-13 08:00:00,2019-03-13 13:00:00,6,855.54,2019-03-13 11:00:00,4451.70,3596.16,True,CastleRock_NWS
2019,2019-03-14 00:00:00,2019-03-14 04:00:00,5,210.60,2019-03-14 01:00:00,5018.42,4807.82,True,CastleRock_NWS
2019,2019-03-14 23:00:00,2019-03-15 15:00:00,17,764.39,2019-03-15 05:00:00,5617.43,4853.05,True,CastleRock_NWS
2019,2019-03-15 23:00:00,2019-03-16 06:00:00,8,652.26,2019-03-16 03:00:00,3098.91,2446.65,True,CastleRock_NWS
2019,2019-03-16 08:00:00,2019-03-16 13:00:00,6,768.58,2019-03-16 11:00:00,3176.11,2407.54,True,CastleRock_NWS
2019,2019-03-16 23:00:00,2019-03-17 14:00:00,16,1043.67,2019-03-17 12:00:00,2254.84,1211.17,True,CastleRock_NWS
2019,2019-03-18 05:00:00,2019-03-18 14:00:00,10,1214.95,2019-03-18 12:00:00,5292.33,4077.37,True,CastleRock_NWS
2019,2019-03-18 23:00:00,2019-03-19 05:00:00,7,903.51,2019-03-19 03:00:00,3613.63,2710.12,True,CastleRock_NWS
2019,2019-03-19 23:00:00,2019-03-20 03:00:00,5,769.29,2019-03-20 02:00:00,5258.12,4488.83,True,CastleRock_NWS
2020,2019-10-18 06:00:00,2019-11-19 11:00:00,774,5363.62,2019-11-03 16:00:00,8198.45,2834.82,True,CastleRock_NWS
2020,2019-11-19 13:00:00,2019-12-01 19:00:00,295,5933.47,2019-11-19 15:00:00,7628.15,1694.68,True,CastleRock_NWS
2020,2019-12-02 02:00:00,2019-12-03 12:00:00,35,1673.89,2019-12-02 17:00:00,4499.94,2826.05,True,CastleRock_NWS
2020,2019-12-03 14:00:00,2019-12-03 21:00:00,8,1193.98,2019-12-03 16:00:00,4081.50,2887.52,True,CastleRock_NWS
2020,2019-12-04 00:00:00,2019-12-04 20:00:00,21,1617.19,2019-12-04 19:00:00,3370.54,1753.36,True,CastleRock_NWS
2020,2019-12-04 23:00:00,2019-12-06 21:00:00,47,1457.39,2019-12-05 12:00:00,2355.82,898.43,True,CastleRock_NWS
2020,2019-12-06 23:00:00,2019-12-07 18:00:00,20,1274.62,2019-12-07 10:00:00,2493.84,1219.21,True,CastleRock_NWS
2020,2019-12-08 03:00:00,2019-12-08 22:00:00,20,1264.33,2019-12-08 13:00:00,4188.35,2924.02,True,CastleRock_NWS
2020,2019-12-09 07:00:00,2019-12-09 19:00:00,13,860.70,2019-12-09 17:00:00,4100.91,3240.21,True,CastleRock_NWS
2020,2019-12-09 22:00:00,2019-12-10 18:00:00,21,1496.93,2019-12-10 17:00:00,3034.43,1537.50,True,CastleRock_NWS
2020,2019-12-10 22:00:00,2019-12-11 17:00:00,20,1528.91,2019-12-11 13:00:00,2265.85,736.94,True,CastleRock_NWS
2020,2019-12-11 21:00:00,2019-12-12 00:00:00,4,760.03,2019-12-11 23:00:00,5055.10,4295.06,True,CastleRock_NWS
2020,2019-12-12 03:00:00,2019-12-12 16:00:00,14,950.24,2019-12-12 14:00:00,4896.53,3946.29,True,CastleRock_NWS
2020,2019-12-12 20:00:00,2019-12-12 22:00:00,3,236.81,2019-12-12 21:00:00,6018.87,5782.06,True,CastleRock_NWS
2020,2019-12-13 00:00:00,2019-12-13 06:00:00,7,473.55,2019-12-13 05:00:00,6921.30,6447.75,True,CastleRock_NWS
2020,2019-12-13 11:00:00,2019-12-13 16:00:00,6,726.19,2019-12-13 14:00:00,7514.77,6788.58,True,CastleRock_NWS
2020,2019-12-14 12:00:00,2019-12-14 15:00:00,4,326.80,2019-12-14 14:00:00,7246.92,6920.12,True,CastleRock_NWS
2020,2019-12-17 03:00:00,2019-12-17 05:00:00,3,310.28,2019-12-17 04:00:00,6087.72,5777.45,True,CastleRock_NWS
2020,2019-12-17 14:00:00,2019-12-17 18:00:00,5,751.30,2019-12-17 16:00:00,4829.56,4078.26,True,CastleRock_NWS
2020,2019-12-18 04:00:00,2019-12-18 07:00:00,4,434.76,2019-12-18 06:00:00,5703.96,5269.20,True,CastleRock_NWS
2020,2019-12-18 15:00:00,2019-12-18 18:00:00,4,1029.45,2019-12-18 17:00:00,4711.62,3682.18,True,CastleRock_NWS
2020,2019-12-19 02:00:00,2019-12-19 08:00:00,7,947.25,2019-12-19 07:00:00,4347.92,3400.68,True,CastleRock_NWS
2020,2019-12-19 12:00:00,2019-12-19 16:00:00,5,742.40,2019-12-19 13:00:00,5250.65,4508.25,True,CastleRock_NWS
2020,2019-12-24 00:00:00,2019-12-28 09:00:00,106,9757.84,2019-12-28 01:00:00,17823.47,8065.64,True,CastleRock_NWS
2020,2020-01-02 20:00:00,2020-01-03 03:00:00,8,1613.03,2020-01-02 22:00:00,24083.49,22470.46,False,CastleRock_NWS
2020,2020-01-03 06:00:00,2020-01-03 08:00:00,3,71.84,2020-01-03 07:00:00,16412.88,16341.05,True,CastleRock_NWS
2020,2020-01-04 15:00:00,2020-01-04 18:00:00,4,771.60,2020-01-04 16:00:00,23633.40,22861.80,False,CastleRock_NWS
2020,2020-01-08 04:00:00,2020-01-08 07:00:00,4,1307.25,2020-01-08 06:00:00,39718.26,38411.02,False,CastleRock_NWS
2020,2020-01-09 07:00:00,2020-01-09 09:00:00,3,931.12,2020-01-09 08:00:00,30562.96,29631.84,False,CastleRock_NWS
2020,2020-01-09 19:00:00,2020-01-10 13:00:00,19,3706.41,2020-01-10 09:00:00,25513.12,21806.71,False,CastleRock_NWS
2020,2020-01-19 00:00:00,2020-01-19 03:00:00,4,5.80,2020-01-19 02:00:00,9800.45,9794.65,True,CastleRock_NWS
2020,2020-01-19 07:00:00,2020-01-19 09:00:00,3,11.68,2020-01-19 08:00:00,9230.94,9219.26,True,CastleRock_NWS
2020,2020-01-21 15:00:00,2020-01-21 22:00:00,8,65.40,2020-01-21 21:00:00,12393.37,12327.97,True,CastleRock_NWS
2020,2020-01-22 02:00:00,2020-01-22 04:00:00,3,220.21,2020-01-22 03:00:00,12413.78,12193.57,True,CastleRock_NWS
2020,2020-01-28 02:00:00,2020-01-28 04:00:00,3,583.90,2020-01-28 03:00:00,28326.47,27742.58,False,CastleRock_NWS
2020,2020-01-30 22:00:00,2020-01-31 07:00:00,10,2341.81,2020-01-31 02:00:00,29877.72,27535.91,False,CastleRock_NWS
2020,2020-01-31 11:00:00,2020-02-01 03:00:00,17,1986.01,2020-01-31 12:00:00,30610.11,28624.10,False,CastleRock_NWS
2020,2020-02-04 02:00:00,2020-02-06 14:00:00,61,5858.66,2020-02-05 06:00:00,26681.32,20822.66,False,CastleRock_NWS
2020,2020-02-06 16:00:00,2020-02-06 19:00:00,4,474.39,2020-02-06 18:00:00,35607.93,35133.54,False,CastleRock_NWS
2020,2020-02-11 19:00:00,2020-02-22 06:00:00,252,10143.92,2020-02-20 01:00:00,18311.01,8167.09,True,CastleRock_NWS
2020,2020-02-25 15:00:00,2020-02-25 20:00:00,6,703.53,2020-02-25 18:00:00,6293.75,5590.22,True,CastleRock_NWS
2020,2020-02-25 23:00:00,2020-02-26 01:00:00,3,594.29,2020-02-26 00:00:00,6271.57,5677.28,True,CastleRock_NWS
2020,2020-02-26 05:00:00,2020-02-26 12:00:00,8,823.44,2020-02-26 11:00:00,6735.18,5911.74,True,CastleRock_NWS
2020,2020-02-26 20:00:00,2020-02-26 22:00:00,3,576.29,2020-02-26 21:00:00,6570.70,5994.40,True,CastleRock_NWS
2020,2020-02-27 02:00:00,2020-02-27 06:00:00,5,468.78,2020-02-27 04:00:00,7466.67,6997.89,True,CastleRock_NWS
2020,2020-02-27 19:00:00,2020-02-28 11:00:00,17,856.42,2020-02-27 23:00:00,6109.73,5253.32,True,CastleRock_NWS
2020,2020-02-28 16:00:00,2020-02-28 21:00:00,6,744.31,2020-02-28 19:00:00,5789.12,5044.81,True,CastleRock_NWS
2020,2020-02-28 23:00:00,2020-02-29 03:00:00,5,859.79,2020-02-29 01:00:00,6196.25,5336.46,True,CastleRock_NWS
2020,2020-02-29 05:00:00,2020-02-29 15:00:00,11,1243.76,2020-02-29 11:00:00,6340.69,5096.93,True,CastleRock_NWS
2020,2020-03-02 04:00:00,2020-03-02 07:00:00,4,615.44,2020-03-02 06:00:00,6201.07,5585.63,True,CastleRock_NWS
2020,2020-03-03 03:00:00,2020-03-03 06:00:00,4,328.62,2020-03-03 05:00:00,4251.21,3922.59,True,CastleRock_NWS
2020,2020-03-04 04:00:00,2020-03-04 06:00:00,3,152.12,2020-03-04 05:00:00,5552.19,5400.07,True,CastleRock_NWS
2020,2020-03-11 03:00:00,2020-03-11 05:00:00,3,506.60,2020-03-11 04:00:00,5481.96,4975.36,True,CastleRock_NWS
2020,2020-03-13 01:00:00,2020-03-13 04:00:00,4,412.80,2020-03-13 03:00:00,4581.94,4169.14,True,CastleRock_NWS
2020,2020-03-13 13:00:00,2020-03-13 16:00:00,4,395.96,2020-03-13 16:00:00,6071.75,5675.79,True,CastleRock_NWS
2020,2020-03-14 02:00:00,2020-03-14 07:00:00,6,853.09,2020-03-14 06:00:00,2000.00,1146.91,True,CastleRock_NWS
2020,2020-03-15 21:00:00,2020-03-15 23:00:00,3,592.53,2020-03-15 22:00:00,5996.49,5403.96,True,CastleRock_NWS
2020,2020-03-16 21:00:00,2020-03-16 23:00:00,3,228.44,2020-03-16 22:00:00,2651.05,2422.60,True,CastleRock_NWS
2020,2020-03-17 03:00:00,2020-03-17 08:00:00,6,1176.33,2020-03-17 07:00:00,3288.83,2112.51,True,CastleRock_NWS
2020,2020-03-18 02:00:00,2020-03-18 09:00:00,8,1023.42,2020-03-18 07:00:00,4988.40,3964.98,True,CastleRock_NWS
2020,2020-03-19 00:00:00,2020-03-19 08:00:00,9,886.79,2020-03-19 07:00:00,3826.68,2939.89,True,CastleRock_NWS
2020,2020-03-20 01:00:00,2020-03-20 09:00:00,9,1115.66,2020-03-20 07:00:00,2729.96,1614.30,True,CastleRock_NWS
2020,2020-03-21 01:00:00,2020-03-21 08:00:00,8,976.52,2020-03-21 07:00:00,3370.45,2393.93,True,CastleRock_NWS
2020,2020-03-22 02:00:00,2020-03-22 06:00:00,5,417.72,2020-03-22 04:00:00,3781.68,3363.96,True,CastleRock_NWS
2020,2020-03-22 13:00:00,2020-03-22 16:00:00,4,914.22,2020-03-22 15:00:00,4811.03,3896.82,True,CastleRock_NWS
2020,2020-03-26 02:00:00,2020-03-26 06:00:00,5,614.75,2020-03-26 05:00:00,2865.86,2251.12,True,CastleRock_NWS
2020,2020-03-27 02:00:00,2020-03-27 07:00:00,6,834.95,2020-03-27 06:00:00,2220.70,1385.75,True,CastleRock_NWS
2020,2020-04-09 02:00:00,2020-04-09 08:00:00,7,949.70,2020-04-09 06:00:00,3090.17,2140.48,True,CastleRock_NWS
2020,2020-04-10 03:00:00,2020-04-10 06:00:00,4,372.75,2020-04-10 05:00:00,3788.36,3415.61,True,CastleRock_NWS
2021,2020-10-14 22:00:00,2020-12-01 11:00:00,1142,7206.73,2020-10-14 23:00:00,21626.98,14420.25,True,CastleRock_NWS
2021,2020-12-01 22:00:00,2020-12-02 04:00:00,7,110.19,2020-12-02 03:00:00,5896.79,5786.60,True,CastleRock_NWS
2021,2020-12-02 08:00:00,2020-12-02 10:00:00,3,343.34,2020-12-02 09:00:00,6092.28,5748.94,True,CastleRock_NWS
2021,2020-12-03 01:00:00,2020-12-03 03:00:00,3,292.28,2020-12-03 02:00:00,5591.71,5299.43,True,CastleRock_NWS
2021,2020-12-03 07:00:00,2020-12-03 09:00:00,3,977.36,2020-12-03 07:00:00,6798.32,5820.96,True,CastleRock_NWS
2021,2020-12-03 13:00:00,2020-12-03 16:00:00,4,1148.97,2020-12-03 15:00:00,5491.44,4342.47,True,CastleRock_NWS
2021,2020-12-03 20:00:00,2020-12-03 22:00:00,3,891.05,2020-12-03 21:00:00,7843.65,6952.60,True,CastleRock_NWS
2021,2020-12-04 00:00:00,2020-12-04 08:00:00,9,1214.88,2020-12-04 07:00:00,3345.44,2130.57,True,CastleRock_NWS
2021,2020-12-05 01:00:00,2020-12-05 06:00:00,6,173.89,2020-12-05 02:00:00,4114.14,3940.25,True,CastleRock_NWS
2021,2020-12-05 09:00:00,2020-12-05 11:00:00,3,321.60,2020-12-05 10:00:00,4029.36,3707.76,True,CastleRock_NWS
2021,2020-12-05 15:00:00,2020-12-05 17:00:00,3,148.15,2020-12-05 16:00:00,9743.97,9595.83,True,CastleRock_NWS
2021,2020-12-05 23:00:00,2020-12-06 08:00:00,10,1046.72,2020-12-06 07:00:00,5872.82,4826.10,True,CastleRock_NWS
2021,2020-12-06 19:00:00,2020-12-06 21:00:00,3,63.86,2020-12-06 19:00:00,8243.42,8179.57,True,CastleRock_NWS
2021,2020-12-07 06:00:00,2020-12-07 09:00:00,4,119.32,2020-12-07 07:00:00,5690.60,5571.28,True,CastleRock_NWS
2021,2020-12-07 23:00:00,2020-12-08 05:00:00,7,278.46,2020-12-08 03:00:00,3856.44,3577.97,True,CastleRock_NWS
2021,2020-12-08 09:00:00,2020-12-08 14:00:00,6,979.75,2020-12-08 12:00:00,3152.93,2173.18,True,CastleRock_NWS
2021,2020-12-08 20:00:00,2020-12-08 22:00:00,3,882.98,2020-12-08 21:00:00,7965.24,7082.26,True,CastleRock_NWS
2021,2020-12-09 01:00:00,2020-12-09 09:00:00,9,899.67,2020-12-09 07:00:00,2603.01,1703.34,True,CastleRock_NWS
2021,2020-12-09 11:00:00,2020-12-09 14:00:00,4,868.53,2020-12-09 13:00:00,3729.36,2860.83,True,CastleRock_NWS
2021,2020-12-09 19:00:00,2020-12-09 21:00:00,3,801.48,2020-12-09 20:00:00,9540.55,8739.06,True,CastleRock_NWS
2021,2020-12-10 20:00:00,2020-12-11 06:00:00,11,298.05,2020-12-11 05:00:00,3009.55,2711.50,True,CastleRock_NWS
2021,2020-12-12 02:00:00,2020-12-12 06:00:00,5,79.23,2020-12-12 03:00:00,5074.86,4995.63,True,CastleRock_NWS
2021,2020-12-12 10:00:00,2020-12-12 15:00:00,6,318.67,2020-12-12 11:00:00,4036.86,3718.19,True,CastleRock_NWS
2021,2020-12-13 03:00:00,2020-12-13 07:00:00,5,170.50,2020-12-13 07:00:00,2985.39,2814.89,True,CastleRock_NWS
2021,2020-12-13 11:00:00,2020-12-13 14:00:00,4,346.92,2020-12-13 13:00:00,4201.14,3854.22,True,CastleRock_NWS
2021,2020-12-13 21:00:00,2020-12-14 06:00:00,10,317.89,2020-12-14 05:00:00,5389.77,5071.88,True,CastleRock_NWS
2021,2020-12-14 10:00:00,2020-12-14 12:00:00,3,847.90,2020-12-14 11:00:00,4780.48,3932.58,True,CastleRock_NWS
2021,2020-12-15 18:00:00,2020-12-15 23:00:00,6,54.07,2020-12-15 23:00:00,8146.61,8092.54,True,CastleRock_NWS
2021,2020-12-16 04:00:00,2020-12-16 07:00:00,4,468.62,2020-12-16 05:00:00,5341.10,4872.47,True,CastleRock_NWS
2021,2020-12-16 10:00:00,2020-12-16 12:00:00,3,424.64,2020-12-16 11:00:00,7401.57,6976.93,True,CastleRock_NWS
2021,2020-12-16 19:00:00,2020-12-16 21:00:00,3,1520.46,2020-12-16 20:00:00,11607.52,10087.07,True,CastleRock_NWS
2021,2020-12-17 11:00:00,2020-12-17 15:00:00,5,192.02,2020-12-17 15:00:00,12080.21,11888.19,True,CastleRock_NWS
2021,2020-12-17 23:00:00,2020-12-18 01:00:00,3,249.13,2020-12-18 00:00:00,11898.94,11649.81,True,CastleRock_NWS
2021,2020-12-18 20:00:00,2020-12-19 04:00:00,9,181.92,2020-12-19 03:00:00,7940.68,7758.77,True,CastleRock_NWS
2021,2020-12-19 09:00:00,2020-12-19 11:00:00,3,521.12,2020-12-19 10:00:00,8035.81,7514.69,True,CastleRock_NWS
2021,2020-12-21 20:00:00,2020-12-21 22:00:00,3,447.97,2020-12-21 21:00:00,24700.50,24252.53,False,CastleRock_NWS
2021,2020-12-23 20:00:00,2020-12-25 00:00:00,29,3864.04,2020-12-24 20:00:00,22175.35,18311.31,True,CastleRock_NWS
2021,2021-01-06 03:00:00,2021-01-08 10:00:00,56,5312.73,2021-01-08 01:00:00,27698.05,22385.32,False,CastleRock_NWS
2021,2021-01-08 13:00:00,2021-01-08 15:00:00,3,288.23,2021-01-08 14:00:00,20812.45,20524.22,False,CastleRock_NWS
2021,2021-01-16 00:00:00,2021-01-21 23:00:00,144,10546.95,2021-01-21 14:00:00,18709.44,8162.49,True,CastleRock_NWS
2021,2021-01-26 04:00:00,2021-01-26 09:00:00,6,29.38,2021-01-26 08:00:00,6106.04,6076.66,True,CastleRock_NWS
2021,2021-01-26 13:00:00,2021-01-26 17:00:00,5,173.10,2021-01-26 16:00:00,5385.44,5212.34,True,CastleRock_NWS
2021,2021-01-26 20:00:00,2021-01-26 23:00:00,4,458.97,2021-01-26 21:00:00,6767.07,6308.09,True,CastleRock_NWS
2021,2021-01-27 06:00:00,2021-01-27 08:00:00,3,702.86,2021-01-27 07:00:00,4571.03,3868.17,True,CastleRock_NWS
2021,2021-01-28 07:00:00,2021-01-28 13:00:00,7,46.11,2021-01-28 12:00:00,4973.60,4927.49,True,CastleRock_NWS
2021,2021-01-28 21:00:00,2021-01-29 09:00:00,13,517.23,2021-01-29 06:00:00,4159.63,3642.40,True,CastleRock_NWS
2021,2021-01-30 02:00:00,2021-01-30 04:00:00,3,164.24,2021-01-30 03:00:00,5357.18,5192.94,True,CastleRock_NWS
2021,2021-01-30 08:00:00,2021-01-30 16:00:00,9,635.99,2021-01-30 15:00:00,6595.64,5959.66,True,CastleRock_NWS
2021,2021-01-31 00:00:00,2021-01-31 15:00:00,16,828.49,2021-01-31 14:00:00,4706.15,3877.66,True,CastleRock_NWS
2021,2021-02-01 02:00:00,2021-02-01 04:00:00,3,662.77,2021-02-01 03:00:00,6586.33,5923.55,True,CastleRock_NWS
2021,2021-02-01 13:00:00,2021-02-01 17:00:00,5,1116.23,2021-02-01 15:00:00,6556.33,5440.10,True,CastleRock_NWS
2021,2021-02-02 03:00:00,2021-02-02 07:00:00,5,660.41,2021-02-02 06:00:00,7002.75,6342.34,True,CastleRock_NWS
2021,2021-02-04 05:00:00,2021-02-04 07:00:00,3,331.44,2021-02-04 06:00:00,5294.79,4963.35,True,CastleRock_NWS
2021,2021-02-05 04:00:00,2021-02-05 07:00:00,4,410.33,2021-02-05 06:00:00,4701.03,4290.70,True,CastleRock_NWS
2021,2021-02-12 21:00:00,2021-02-12 23:00:00,3,370.51,2021-02-12 22:00:00,6534.33,6163.82,True,CastleRock_NWS
2021,2021-02-14 01:00:00,2021-02-14 09:00:00,9,644.35,2021-02-14 03:00:00,6433.21,5788.86,True,CastleRock_NWS
2021,2021-02-14 13:00:00,2021-02-14 17:00:00,5,586.66,2021-02-14 17:00:00,6083.74,5497.08,True,CastleRock_NWS
2021,2021-02-15 09:00:00,2021-02-15 11:00:00,3,439.11,2021-02-15 10:00:00,5073.85,4634.74,True,CastleRock_NWS
2021,2021-04-13 02:00:00,2021-04-13 04:00:00,3,131.05,2021-04-13 03:00:00,2450.37,2319.32,True,CastleRock_NWS
2021,2021-04-15 01:00:00,2021-04-15 04:00:00,4,168.84,2021-04-15 02:00:00,4865.20,4696.35,True,CastleRock_NWS
2022,2021-10-18 20:00:00,2021-10-29 17:00:00,262,5698.98,2021-10-22 15:00:00,7647.57,1948.59,True,CastleRock_NWS
2022,2021-10-30 16:00:00,2021-11-12 09:00:00,306,9944.40,2021-11-01 07:00:00,19151.88,9207.48,True,CastleRock_NWS
2022,2021-11-17 16:00:00,2021-11-28 22:00:00,271,11756.72,2021-11-26 05:00:00,17937.23,6180.51,True,CastleRock_NWS
2022,2021-11-29 01:00:00,2021-12-09 10:00:00,250,13120.97,2021-12-08 14:00:00,26251.73,13130.76,True,CastleRock_NWS
2022,2021-12-18 06:00:00,2021-12-18 13:00:00,8,46.72,2021-12-18 12:00:00,5474.67,5427.94,True,CastleRock_NWS
2022,2021-12-19 03:00:00,2021-12-19 05:00:00,3,40.90,2021-12-19 04:00:00,10665.07,10624.17,True,CastleRock_NWS
2022,2021-12-20 22:00:00,2021-12-21 02:00:00,5,8.70,2021-12-21 02:00:00,9142.55,9133.86,True,CastleRock_NWS
2022,2021-12-30 10:00:00,2021-12-30 15:00:00,6,28.48,2021-12-30 15:00:00,6060.45,6031.97,True,CastleRock_NWS
2022,2022-01-01 22:00:00,2022-01-02 08:00:00,11,156.24,2022-01-02 06:00:00,4073.53,3917.29,True,CastleRock_NWS
2022,2022-01-03 00:00:00,2022-01-03 08:00:00,9,296.95,2022-01-03 07:00:00,7599.06,7302.11,True,CastleRock_NWS
2022,2022-01-04 23:00:00,2022-01-05 03:00:00,5,35.58,2022-01-05 00:00:00,13054.42,13018.84,True,CastleRock_NWS
2022,2022-01-05 11:00:00,2022-01-05 13:00:00,3,56.18,2022-01-05 12:00:00,10611.03,10554.85,True,CastleRock_NWS
2022,2022-01-05 21:00:00,2022-01-06 04:00:00,8,225.46,2022-01-06 04:00:00,9804.19,9578.74,True,CastleRock_NWS
2022,2022-01-06 08:00:00,2022-01-06 10:00:00,3,662.24,2022-01-06 09:00:00,12123.50,11461.26,True,CastleRock_NWS
2022,2022-01-09 20:00:00,2022-01-12 17:00:00,70,6285.43,2022-01-11 15:00:00,26206.68,19921.25,True,CastleRock_NWS
2022,2022-01-15 21:00:00,2022-01-21 11:00:00,135,6494.07,2022-01-20 00:00:00,20246.42,13752.35,True,CastleRock_NWS
2022,2022-01-21 14:00:00,2022-01-21 16:00:00,3,510.01,2022-01-21 15:00:00,24695.07,24185.06,False,CastleRock_NWS
2022,2022-01-22 03:00:00,2022-01-22 08:00:00,6,936.51,2022-01-22 06:00:00,22856.11,21919.60,False,CastleRock_NWS
2022,2022-01-22 11:00:00,2022-01-25 18:00:00,80,7820.09,2022-01-25 04:00:00,18458.16,10638.07,True,CastleRock_NWS
2022,2022-02-07 08:00:00,2022-02-07 10:00:00,3,368.89,2022-02-07 09:00:00,4229.22,3860.32,True,CastleRock_NWS
2022,2022-02-11 03:00:00,2022-02-11 06:00:00,4,426.10,2022-02-11 04:00:00,3510.58,3084.48,True,CastleRock_NWS
2022,2022-02-23 02:00:00,2022-02-23 08:00:00,7,256.75,2022-02-23 07:00:00,5374.10,5117.34,True,CastleRock_NWS
2022,2022-02-23 15:00:00,2022-02-23 17:00:00,3,412.28,2022-02-23 16:00:00,5279.72,4867.43,True,CastleRock_NWS
2022,2022-02-24 01:00:00,2022-02-24 10:00:00,10,718.22,2022-02-24 08:00:00,5894.91,5176.69,True,CastleRock_NWS
2022,2022-02-24 12:00:00,2022-02-24 16:00:00,5,150.49,2022-02-24 16:00:00,4782.77,4632.28,True,CastleRock_NWS
2022,2022-02-25 04:00:00,2022-02-25 10:00:00,7,457.21,2022-02-25 06:00:00,4918.75,4461.53,True,CastleRock_NWS
2022,2022-02-26 08:00:00,2022-02-26 10:00:00,3,258.54,2022-02-26 09:00:00,5637.96,5379.43,True,CastleRock_NWS
2022,2022-02-26 15:00:00,2022-02-26 17:00:00,3,123.50,2022-02-26 16:00:00,3597.02,3473.52,True,CastleRock_NWS
2022,2022-02-26 23:00:00,2022-02-27 02:00:00,4,459.59,2022-02-27 00:00:00,5198.53,4738.94,True,CastleRock_NWS
2022,2022-03-05 08:00:00,2022-03-05 11:00:00,4,1217.27,2022-03-05 10:00:00,22698.90,21481.63,False,CastleRock_NWS
2022,2022-03-05 15:00:00,2022-03-12 03:00:00,157,10014.84,2022-03-11 13:00:00,18650.77,8635.93,True,CastleRock_NWS
2022,2022-04-19 01:00:00,2022-04-19 04:00:00,4,351.28,2022-04-19 03:00:00,6169.08,5817.81,True,CastleRock_NWS
2022,2022-04-21 02:00:00,2022-04-21 06:00:00,5,553.89,2022-04-21 05:00:00,4988.82,4434.94,True,CastleRock_NWS
2022,2022-04-23 01:00:00,2022-04-23 04:00:00,4,263.31,2022-04-23 03:00:00,6629.56,6366.25,True,CastleRock_NWS
2023,2022-10-19 12:00:00,2022-11-05 11:00:00,408,5120.57,2022-10-19 13:00:00,5532.86,412.28,True,CastleRock_NWS
2023,2022-11-06 07:00:00,2022-11-06 11:00:00,5,2239.91,2022-11-06 08:00:00,24882.91,22643.00,False,CastleRock_NWS
2023,2022-11-06 15:00:00,2022-11-30 23:00:00,585,10393.49,2022-11-09 11:00:00,16725.28,6331.79,True,CastleRock_NWS
2023,2022-12-01 01:00:00,2022-12-01 12:00:00,12,3081.34,2022-12-01 09:00:00,7549.86,4468.53,True,CastleRock_NWS
2023,2022-12-01 15:00:00,2022-12-01 22:00:00,8,411.53,2022-12-01 21:00:00,8461.63,8050.10,True,CastleRock_NWS
2023,2022-12-02 07:00:00,2022-12-02 09:00:00,3,487.42,2022-12-02 08:00:00,5798.52,5311.10,True,CastleRock_NWS
2023,2022-12-02 14:00:00,2022-12-02 22:00:00,9,929.31,2022-12-02 20:00:00,8429.68,7500.37,True,CastleRock_NWS
2023,2022-12-03 06:00:00,2022-12-03 13:00:00,8,817.02,2022-12-03 12:00:00,3676.97,2859.95,True,CastleRock_NWS
2023,2022-12-03 16:00:00,2022-12-03 23:00:00,8,855.66,2022-12-03 22:00:00,7259.25,6403.59,True,CastleRock_NWS
2023,2022-12-04 06:00:00,2022-12-04 13:00:00,8,1178.50,2022-12-04 08:00:00,5000.10,3821.60,True,CastleRock_NWS
2023,2022-12-04 17:00:00,2022-12-05 00:00:00,8,1267.53,2022-12-04 23:00:00,6603.94,5336.41,True,CastleRock_NWS
2023,2022-12-05 04:00:00,2022-12-05 15:00:00,12,836.96,2022-12-05 13:00:00,4407.09,3570.13,True,CastleRock_NWS
2023,2022-12-05 18:00:00,2022-12-05 23:00:00,6,496.35,2022-12-05 22:00:00,5867.80,5371.46,True,CastleRock_NWS
2023,2022-12-06 07:00:00,2022-12-06 16:00:00,10,1311.36,2022-12-06 14:00:00,5928.52,4617.16,True,CastleRock_NWS
2023,2022-12-06 19:00:00,2022-12-06 22:00:00,4,1235.59,2022-12-06 21:00:00,7280.76,6045.17,True,CastleRock_NWS
2023,2022-12-07 06:00:00,2022-12-07 16:00:00,11,1398.42,2022-12-07 15:00:00,3944.14,2545.72,True,CastleRock_NWS
2023,2022-12-07 23:00:00,2022-12-08 17:00:00,19,866.90,2022-12-08 14:00:00,4204.23,3337.33,True,CastleRock_NWS
2023,2022-12-09 00:00:00,2022-12-09 15:00:00,16,1000.66,2022-12-09 10:00:00,3380.33,2379.67,True,CastleRock_NWS
2023,2022-12-10 01:00:00,2022-12-10 13:00:00,13,995.79,2022-12-10 08:00:00,3862.88,2867.09,True,CastleRock_NWS
2023,2022-12-10 16:00:00,2022-12-10 18:00:00,3,446.26,2022-12-10 17:00:00,8291.53,7845.27,True,CastleRock_NWS
2023,2022-12-11 00:00:00,2022-12-11 12:00:00,13,1029.11,2022-12-11 10:00:00,8811.40,7782.29,True,CastleRock_NWS
2023,2022-12-12 01:00:00,2022-12-12 11:00:00,11,471.07,2022-12-12 05:00:00,7778.94,7307.87,True,CastleRock_NWS
2023,2022-12-12 23:00:00,2022-12-13 10:00:00,12,771.15,2022-12-13 04:00:00,3976.30,3205.15,True,CastleRock_NWS
2023,2022-12-13 14:00:00,2022-12-13 16:00:00,3,680.76,2022-12-13 15:00:00,6118.55,5437.79,True,CastleRock_NWS
2023,2022-12-14 00:00:00,2022-12-14 09:00:00,10,950.00,2022-12-14 07:00:00,5482.06,4532.06,True,CastleRock_NWS
2023,2022-12-14 12:00:00,2022-12-14 14:00:00,3,566.80,2022-12-14 13:00:00,5510.67,4943.87,True,CastleRock_NWS
2023,2022-12-14 16:00:00,2022-12-14 19:00:00,4,637.82,2022-12-14 18:00:00,7097.74,6459.92,True,CastleRock_NWS
2023,2022-12-15 04:00:00,2022-12-15 19:00:00,16,1196.17,2022-12-15 07:00:00,2000.00,803.83,True,CastleRock_NWS
2023,2022-12-16 02:00:00,2022-12-16 15:00:00,14,1281.90,2022-12-16 09:00:00,4748.23,3466.33,True,CastleRock_NWS
2023,2022-12-16 22:00:00,2022-12-17 16:00:00,19,1281.61,2022-12-17 12:00:00,3057.74,1776.13,True,CastleRock_NWS
2023,2022-12-18 00:00:00,2022-12-18 17:00:00,18,1163.10,2022-12-18 13:00:00,2754.05,1590.95,True,CastleRock_NWS
2023,2022-12-18 21:00:00,2022-12-18 23:00:00,3,670.07,2022-12-18 22:00:00,5294.89,4624.82,True,CastleRock_NWS
2023,2022-12-19 04:00:00,2022-12-19 15:00:00,12,984.18,2022-12-19 11:00:00,3620.09,2635.91,True,CastleRock_NWS
2023,2022-12-19 23:00:00,2022-12-20 12:00:00,14,927.30,2022-12-20 05:00:00,2000.00,1072.70,True,CastleRock_NWS
2023,2022-12-21 01:00:00,2022-12-21 06:00:00,6,858.89,2022-12-21 05:00:00,3014.94,2156.05,True,CastleRock_NWS
2023,2022-12-21 21:00:00,2022-12-22 10:00:00,14,771.75,2022-12-22 04:00:00,5165.89,4394.14,True,CastleRock_NWS
2023,2022-12-23 04:00:00,2022-12-23 11:00:00,8,736.69,2022-12-23 09:00:00,4701.39,3964.70,True,CastleRock_NWS
2023,2022-12-23 15:00:00,2022-12-23 20:00:00,6,753.80,2022-12-23 19:00:00,4196.52,3442.72,True,CastleRock_NWS
2023,2022-12-23 23:00:00,2022-12-24 11:00:00,13,897.62,2022-12-24 01:00:00,5485.82,4588.20,True,CastleRock_NWS
2023,2022-12-30 13:00:00,2023-01-05 12:00:00,144,8941.10,2023-01-04 22:00:00,19738.54,10797.44,True,CastleRock_NWS
2023,2023-01-06 04:00:00,2023-01-06 06:00:00,3,138.89,2023-01-06 05:00:00,9246.79,9107.90,True,CastleRock_NWS
2023,2023-01-21 22:00:00,2023-01-22 03:00:00,6,8.27,2023-01-22 02:00:00,7858.42,7850.15,True,CastleRock_NWS
2023,2023-01-22 06:00:00,2023-01-22 08:00:00,3,20.08,2023-01-22 07:00:00,9979.11,9959.03,True,CastleRock_NWS
2023,2023-01-23 21:00:00,2023-01-24 02:00:00,6,12.57,2023-01-24 01:00:00,7367.41,7354.84,True,CastleRock_NWS
2023,2023-01-24 06:00:00,2023-01-24 08:00:00,3,40.74,2023-01-24 07:00:00,7434.15,7393.41,True,CastleRock_NWS
2023,2023-01-24 21:00:00,2023-01-25 05:00:00,9,194.46,2023-01-25 04:00:00,4763.54,4569.08,True,CastleRock_NWS
2023,2023-01-26 06:00:00,2023-01-26 14:00:00,9,125.61,2023-01-26 13:00:00,2957.66,2832.05,True,CastleRock_NWS
2023,2023-01-27 12:00:00,2023-01-27 15:00:00,4,107.40,2023-01-27 14:00:00,2845.59,2738.19,True,CastleRock_NWS
2023,2023-01-30 06:00:00,2023-01-30 13:00:00,8,75.76,2023-01-30 12:00:00,4723.37,4647.60,True,CastleRock_NWS
2023,2023-02-02 04:00:00,2023-02-02 06:00:00,3,150.88,2023-02-02 05:00:00,4801.67,4650.79,True,CastleRock_NWS
2023,2023-02-03 00:00:00,2023-02-03 05:00:00,6,388.85,2023-02-03 03:00:00,4232.63,3843.78,True,CastleRock_NWS
2023,2023-02-04 00:00:00,2023-02-04 04:00:00,5,450.23,2023-02-04 02:00:00,4985.49,4535.25,True,CastleRock_NWS
2023,2023-02-04 12:00:00,2023-02-04 15:00:00,4,623.88,2023-02-04 14:00:00,4506.31,3882.43,True,CastleRock_NWS
2023,2023-02-18 01:00:00,2023-02-18 03:00:00,3,217.32,2023-02-18 02:00:00,5000.85,4783.54,True,CastleRock_NWS
2023,2023-02-20 12:00:00,2023-02-20 14:00:00,3,441.01,2023-02-20 14:00:00,5002.67,4561.66,True,CastleRock_NWS
2023,2023-02-25 05:00:00,2023-02-25 07:00:00,3,380.93,2023-02-25 06:00:00,5904.26,5523.33,True,CastleRock_NWS
2023,2023-02-28 04:00:00,2023-02-28 21:00:00,18,1163.54,2023-02-28 12:00:00,7032.48,5868.93,True,CastleRock_NWS
2023,2023-03-01 02:00:00,2023-03-01 04:00:00,3,468.71,2023-03-01 03:00:00,5409.58,4940.87,True,CastleRock_NWS
2023,2023-03-02 03:00:00,2023-03-02 06:00:00,4,390.08,2023-03-02 05:00:00,4849.39,4459.31,True,CastleRock_NWS
2023,2023-03-03 02:00:00,2023-03-03 06:00:00,5,638.16,2023-03-03 05:00:00,5217.89,4579.72,True,CastleRock_NWS
2023,2023-03-04 03:00:00,2023-03-04 05:00:00,3,271.77,2023-03-04 04:00:00,5820.00,5548.23,True,CastleRock_NWS
2023,2023-03-04 10:00:00,2023-03-04 12:00:00,3,511.95,2023-03-04 11:00:00,3601.73,3089.78,True,CastleRock_NWS
2023,2023-03-07 03:00:00,2023-03-07 07:00:00,5,537.85,2023-03-07 06:00:00,3624.53,3086.68,True,CastleRock_NWS
2023,2023-03-07 12:00:00,2023-03-07 14:00:00,3,358.11,2023-03-07 13:00:00,3177.45,2819.34,True,CastleRock_NWS
2023,2023-03-08 02:00:00,2023-03-08 07:00:00,6,739.07,2023-03-08 05:00:00,4806.09,4067.01,True,CastleRock_NWS
2023,2023-03-08 11:00:00,2023-03-08 15:00:00,5,327.87,2023-03-08 12:00:00,3858.79,3530.92,True,CastleRock_NWS
2023,2023-03-09 01:00:00,2023-03-09 05:00:00,5,541.87,2023-03-09 04:00:00,4091.39,3549.53,True,CastleRock_NWS
2023,2023-03-09 21:00:00,2023-03-10 06:00:00,10,644.33,2023-03-10 04:00:00,4241.13,3596.80,True,CastleRock_NWS
2023,2023-03-10 23:00:00,2023-03-11 04:00:00,6,1030.66,2023-03-11 03:00:00,5594.51,4563.85,True,CastleRock_NWS
2023,2023-03-11 16:00:00,2023-03-11 18:00:00,3,242.69,2023-03-11 17:00:00,7535.03,7292.34,True,CastleRock_NWS
2023,2023-03-12 03:00:00,2023-03-12 08:00:00,6,822.97,2023-03-12 06:00:00,4122.82,3299.85,True,CastleRock_NWS
2023,2023-03-12 11:00:00,2023-03-12 13:00:00,3,324.59,2023-03-12 12:00:00,2000.00,1675.41,True,CastleRock_NWS
2023,2023-03-13 00:00:00,2023-03-13 04:00:00,5,566.42,2023-03-13 03:00:00,5783.77,5217.35,True,CastleRock_NWS
2023,2023-03-13 09:00:00,2023-03-13 16:00:00,8,765.48,2023-03-13 14:00:00,6850.37,6084.89,True,CastleRock_NWS
2023,2023-03-17 02:00:00,2023-03-17 07:00:00,6,685.89,2023-03-17 05:00:00,5466.83,4780.94,True,CastleRock_NWS
2023,2023-03-18 03:00:00,2023-03-18 08:00:00,6,855.90,2023-03-18 06:00:00,5100.14,4244.24,True,CastleRock_NWS
2023,2023-03-18 11:00:00,2023-03-18 13:00:00,3,505.77,2023-03-18 12:00:00,5292.82,4787.05,True,CastleRock_NWS
2023,2023-03-19 01:00:00,2023-03-19 05:00:00,5,481.17,2023-03-19 03:00:00,5648.96,5167.79,True,CastleRock_NWS
2023,2023-03-20 00:00:00,2023-03-20 05:00:00,6,218.23,2023-03-20 03:00:00,4736.84,4518.62,True,CastleRock_NWS
2023,2023-03-30 01:00:00,2023-03-30 04:00:00,4,168.50,2023-03-30 03:00:00,2343.99,2175.49,True,CastleRock_NWS
2023,2023-04-03 23:00:00,2023-04-04 03:00:00,5,371.42,2023-04-04 01:00:00,2000.00,1628.58,True,CastleRock_NWS
2023,2023-04-05 11:00:00,2023-04-05 15:00:00,5,575.47,2023-04-05 14:00:00,6748.14,6172.67,True,CastleRock_NWS
2023,2023-04-06 01:00:00,2023-04-06 04:00:00,4,488.35,2023-04-06 03:00:00,6113.15,5624.80,True,CastleRock_NWS
2023,2023-04-06 12:00:00,2023-04-06 14:00:00,3,357.18,2023-04-06 13:00:00,6636.55,6279.38,True,CastleRock_NWS
2024,2023-10-18 00:00:00,2023-12-01 14:00:00,1071,6876.28,2023-11-27 23:00:00,9844.99,2968.70,True,CastleRock_NWS
2024,2023-12-01 18:00:00,2023-12-01 20:00:00,3,191.06,2023-12-01 19:00:00,7772.06,7581.01,True,CastleRock_NWS
2024,2023-12-02 06:00:00,2023-12-02 21:00:00,16,1006.91,2023-12-02 16:00:00,9273.39,8266.47,True,CastleRock_NWS
2024,2023-12-03 10:00:00,2023-12-03 12:00:00,3,326.97,2023-12-03 12:00:00,9974.44,9647.47,True,CastleRock_NWS
2024,2023-12-03 15:00:00,2023-12-03 17:00:00,3,2019.71,2023-12-03 16:00:00,16816.15,14796.44,True,CastleRock_NWS
2024,2023-12-05 05:00:00,2023-12-05 08:00:00,4,7.75,2023-12-05 08:00:00,13111.88,13104.13,True,CastleRock_NWS
2024,2023-12-08 15:00:00,2023-12-08 17:00:00,3,1042.80,2023-12-08 16:00:00,34698.27,33655.47,False,CastleRock_NWS
2024,2023-12-12 11:00:00,2023-12-22 15:00:00,245,12093.63,2023-12-21 09:00:00,16009.20,3915.57,True,CastleRock_NWS
2024,2023-12-23 14:00:00,2023-12-23 21:00:00,8,317.58,2023-12-23 21:00:00,9730.09,9412.51,True,CastleRock_NWS
2024,2023-12-24 16:00:00,2023-12-24 21:00:00,6,147.87,2023-12-24 20:00:00,7588.88,7441.02,True,CastleRock_NWS
2024,2023-12-25 13:00:00,2023-12-25 22:00:00,10,581.69,2023-12-25 22:00:00,9453.02,8871.33,True,CastleRock_NWS
2024,2023-12-26 14:00:00,2023-12-26 23:00:00,10,369.76,2023-12-26 19:00:00,9443.19,9073.43,True,CastleRock_NWS
2024,2023-12-27 18:00:00,2023-12-27 22:00:00,5,263.17,2023-12-27 22:00:00,8499.96,8236.79,True,CastleRock_NWS
2024,2023-12-28 14:00:00,2023-12-28 22:00:00,9,752.30,2023-12-28 22:00:00,9601.71,8849.42,True,CastleRock_NWS
2024,2023-12-29 16:00:00,2023-12-29 23:00:00,8,657.82,2023-12-29 22:00:00,9072.60,8414.78,True,CastleRock_NWS
2024,2023-12-30 02:00:00,2023-12-30 04:00:00,3,2268.74,2023-12-30 03:00:00,10687.81,8419.07,True,CastleRock_NWS
2024,2023-12-30 14:00:00,2023-12-31 00:00:00,11,779.39,2023-12-30 23:00:00,7704.98,6925.59,True,CastleRock_NWS
2024,2023-12-31 12:00:00,2023-12-31 15:00:00,4,43.38,2023-12-31 14:00:00,7393.15,7349.77,True,CastleRock_NWS
2024,2023-12-31 17:00:00,2024-01-01 00:00:00,8,904.15,2023-12-31 23:00:00,8628.25,7724.10,True,CastleRock_NWS
2024,2024-01-01 15:00:00,2024-01-02 01:00:00,11,903.44,2024-01-02 00:00:00,7492.33,6588.89,True,CastleRock_NWS
2024,2024-01-02 17:00:00,2024-01-03 00:00:00,8,803.70,2024-01-02 23:00:00,5375.21,4571.51,True,CastleRock_NWS
2024,2024-01-03 11:00:00,2024-01-03 14:00:00,4,21.58,2024-01-03 13:00:00,5098.26,5076.68,True,CastleRock_NWS
2024,2024-01-03 16:00:00,2024-01-04 00:00:00,9,900.35,2024-01-04 00:00:00,5366.92,4466.56,True,CastleRock_NWS
2024,2024-01-04 15:00:00,2024-01-05 00:00:00,10,953.44,2024-01-04 23:00:00,7211.70,6258.26,True,CastleRock_NWS
2024,2024-01-05 12:00:00,2024-01-06 00:00:00,13,971.51,2024-01-05 23:00:00,6641.29,5669.78,True,CastleRock_NWS
2024,2024-01-06 14:00:00,2024-01-06 22:00:00,9,597.68,2024-01-06 22:00:00,11501.30,10903.62,True,CastleRock_NWS
2024,2024-01-07 10:00:00,2024-01-07 22:00:00,13,796.72,2024-01-07 21:00:00,11636.15,10839.43,True,CastleRock_NWS
2024,2024-01-08 06:00:00,2024-01-08 08:00:00,3,70.50,2024-01-08 07:00:00,10752.53,10682.03,True,CastleRock_NWS
2024,2024-01-08 17:00:00,2024-01-08 23:00:00,7,110.93,2024-01-08 22:00:00,7823.91,7712.98,True,CastleRock_NWS
2024,2024-01-09 13:00:00,2024-01-09 23:00:00,11,882.33,2024-01-09 22:00:00,18495.61,17613.29,True,CastleRock_NWS
2024,2024-01-10 17:00:00,2024-01-10 21:00:00,5,69.76,2024-01-10 18:00:00,20274.01,20204.25,False,CastleRock_NWS
2024,2024-01-11 14:00:00,2024-01-11 20:00:00,7,99.00,2024-01-11 20:00:00,14897.63,14798.64,True,CastleRock_NWS
2024,2024-01-12 10:00:00,2024-01-12 20:00:00,11,1119.64,2024-01-12 19:00:00,12424.07,11304.43,True,CastleRock_NWS
2024,2024-01-16 21:00:00,2024-01-17 09:00:00,13,699.54,2024-01-17 07:00:00,7449.85,6750.32,True,CastleRock_NWS
2024,2024-01-17 17:00:00,2024-01-17 19:00:00,3,98.45,2024-01-17 18:00:00,8339.96,8241.51,True,CastleRock_NWS
2024,2024-01-19 13:00:00,2024-01-19 22:00:00,10,308.69,2024-01-19 22:00:00,14832.05,14523.36,True,CastleRock_NWS
2024,2024-01-20 15:00:00,2024-01-21 00:00:00,10,962.84,2024-01-20 23:00:00,14510.91,13548.07,True,CastleRock_NWS
2024,2024-01-21 08:00:00,2024-01-21 11:00:00,4,86.52,2024-01-21 08:00:00,14782.19,14695.67,True,CastleRock_NWS
2024,2024-01-21 16:00:00,2024-01-21 22:00:00,7,236.76,2024-01-21 21:00:00,15465.85,15229.09,True,CastleRock_NWS
2024,2024-02-03 01:00:00,2024-02-03 03:00:00,3,828.60,2024-02-03 02:00:00,19620.82,18792.21,True,CastleRock_NWS
2024,2024-02-04 00:00:00,2024-02-09 06:00:00,127,10435.88,2024-02-08 17:00:00,21148.71,10712.82,True,CastleRock_NWS
2024,2024-02-14 19:00:00,2024-02-14 22:00:00,4,599.20,2024-02-14 21:00:00,8072.74,7473.54,True,CastleRock_NWS
2024,2024-02-15 19:00:00,2024-02-15 23:00:00,5,750.01,2024-02-15 22:00:00,8380.72,7630.71,True,CastleRock_NWS
2024,2024-02-16 19:00:00,2024-02-16 23:00:00,5,802.14,2024-02-16 22:00:00,7871.41,7069.27,True,CastleRock_NWS
2024,2024-02-17 20:00:00,2024-02-18 00:00:00,5,908.83,2024-02-17 23:00:00,7079.42,6170.58,True,CastleRock_NWS
2024,2024-02-18 12:00:00,2024-02-19 00:00:00,13,944.97,2024-02-18 18:00:00,9395.64,8450.67,True,CastleRock_NWS
2024,2024-02-19 20:00:00,2024-02-19 23:00:00,4,315.03,2024-02-19 22:00:00,7235.26,6920.23,True,CastleRock_NWS
2024,2024-02-20 18:00:00,2024-02-21 01:00:00,8,1214.05,2024-02-21 00:00:00,6707.41,5493.37,True,CastleRock_NWS
2024,2024-02-21 19:00:00,2024-02-22 00:00:00,6,848.03,2024-02-21 23:00:00,7786.21,6938.19,True,CastleRock_NWS
2024,2024-02-22 18:00:00,2024-02-23 00:00:00,7,1102.97,2024-02-22 23:00:00,7815.46,6712.49,True,CastleRock_NWS
2024,2024-02-23 19:00:00,2024-02-23 23:00:00,5,806.24,2024-02-23 22:00:00,7212.87,6406.63,True,CastleRock_NWS
2024,2024-02-24 21:00:00,2024-02-25 02:00:00,6,998.35,2024-02-25 01:00:00,7023.86,6025.51,True,CastleRock_NWS
2024,2024-02-25 21:00:00,2024-02-26 00:00:00,4,460.59,2024-02-25 23:00:00,8131.82,7671.23,True,CastleRock_NWS
2024,2024-02-26 21:00:00,2024-02-27 00:00:00,4,566.42,2024-02-26 23:00:00,7726.50,7160.08,True,CastleRock_NWS
2024,2024-02-28 21:00:00,2024-02-29 01:00:00,5,869.57,2024-02-29 01:00:00,10382.20,9512.62,True,CastleRock_NWS
2024,2024-03-09 19:00:00,2024-03-10 02:00:00,8,1225.89,2024-03-10 01:00:00,7517.44,6291.55,True,CastleRock_NWS
2024,2024-03-10 20:00:00,2024-03-10 23:00:00,4,627.87,2024-03-10 22:00:00,8724.11,8096.24,True,CastleRock_NWS
2024,2024-03-11 21:00:00,2024-03-12 00:00:00,4,285.02,2024-03-11 23:00:00,7668.85,7383.83,True,CastleRock_NWS
2024,2024-03-12 21:00:00,2024-03-12 23:00:00,3,382.50,2024-03-12 23:00:00,8865.80,8483.30,True,CastleRock_NWS
2024,2024-03-13 19:00:00,2024-03-13 23:00:00,5,673.70,2024-03-13 22:00:00,8691.37,8017.66,True,CastleRock_NWS
2024,2024-03-14 20:00:00,2024-03-14 22:00:00,3,298.06,2024-03-14 21:00:00,7903.63,7605.56,True,CastleRock_NWS
2024,2024-03-15 18:00:00,2024-03-15 23:00:00,6,1117.19,2024-03-15 23:00:00,6428.37,5311.18,True,CastleRock_NWS
2024,2024-03-16 18:00:00,2024-03-17 05:00:00,12,1480.46,2024-03-17 04:00:00,7765.47,6285.01,True,CastleRock_NWS
2024,2024-03-17 19:00:00,2024-03-18 00:00:00,6,863.39,2024-03-17 23:00:00,8143.25,7279.86,True,CastleRock_NWS
2024,2024-03-28 19:00:00,2024-03-28 23:00:00,5,573.46,2024-03-28 23:00:00,8999.77,8426.31,True,CastleRock_NWS
2024,2024-04-02 20:00:00,2024-04-02 22:00:00,3,366.01,2024-04-02 22:00:00,6764.75,6398.73,True,CastleRock_NWS
2024,2024-04-03 20:00:00,2024-04-04 01:00:00,6,1063.71,2024-04-04 00:00:00,6834.28,5770.56,True,CastleRock_NWS
2024,2024-04-06 18:00:00,2024-04-07 02:00:00,9,1233.81,2024-04-07 01:00:00,6412.37,5178.55,True,CastleRock_NWS
2024,2024-04-07 21:00:00,2024-04-08 02:00:00,6,966.26,2024-04-08 01:00:00,7343.35,6377.09,True,CastleRock_NWS
2024,2024-04-09 19:00:00,2024-04-10 02:00:00,8,1211.00,2024-04-10 01:00:00,6779.87,5568.87,True,CastleRock_NWS
2024,2024-04-10 06:00:00,2024-04-10 08:00:00,3,828.39,2024-04-10 07:00:00,6375.42,5547.03,True,CastleRock_NWS
2024,2024-04-10 19:00:00,2024-04-11 00:00:00,6,1021.02,2024-04-10 23:00:00,5946.58,4925.57,True,CastleRock_NWS
2024,2024-04-11 20:00:00,2024-04-12 00:00:00,5,804.01,2024-04-11 23:00:00,5640.76,4836.76,True,CastleRock_NWS
2024,2024-04-12 20:00:00,2024-04-13 01:00:00,6,956.61,2024-04-13 00:00:00,6179.71,5223.10,True,CastleRock_NWS
2024,2024-04-13 22:00:00,2024-04-14 00:00:00,3,728.58,2024-04-14 00:00:00,4490.54,3761.96,True,CastleRock_NWS
2024,2024-04-14 19:00:00,2024-04-15 00:00:00,6,901.96,2024-04-14 23:00:00,5609.20,4707.23,True,CastleRock_NWS
2024,2024-04-15 21:00:00,2024-04-16 01:00:00,5,664.58,2024-04-16 01:00:00,5144.31,4479.73,True,CastleRock_NWS
2024,2024-04-16 20:00:00,2024-04-17 01:00:00,6,1054.06,2024-04-17 00:00:00,6478.20,5424.14,True,CastleRock_NWS
2024,2024-04-18 19:00:00,2024-04-18 21:00:00,3,435.43,2024-04-18 21:00:00,4320.41,3884.98,True,CastleRock_NWS
2024,2024-04-19 19:00:00,2024-04-20 01:00:00,7,1014.26,2024-04-20 00:00:00,5282.78,4268.51,True,CastleRock_NWS
2024,2024-04-20 20:00:00,2024-04-21 02:00:00,7,1226.48,2024-04-21 00:00:00,6078.85,4852.36,True,CastleRock_NWS
2024,2024-04-22 10:00:00,2024-04-22 12:00:00,3,453.37,2024-04-22 11:00:00,5206.34,4752.98,True,CastleRock_NWS
2024,2024-04-23 20:00:00,2024-04-23 23:00:00,4,322.16,2024-04-23 22:00:00,4533.01,4210.84,True,CastleRock_NWS
2024,2024-04-24 20:00:00,2024-04-25 00:00:00,5,905.45,2024-04-24 23:00:00,4067.37,3161.92,True,CastleRock_NWS
2024,2024-04-25 17:00:00,2024-04-26 03:00:00,11,1476.89,2024-04-26 02:00:00,7301.48,5824.59,True,CastleRock_NWS
2024,2024-04-26 17:00:00,2024-04-27 06:00:00,14,1389.41,2024-04-27 01:00:00,7865.59,6476.19,True,CastleRock_NWS
2024,2024-04-27 19:00:00,2024-04-28 03:00:00,9,1353.73,2024-04-28 02:00:00,6090.95,4737.21,True,CastleRock_NWS
2024,2024-04-29 05:00:00,2024-04-29 11:00:00,7,1211.41,2024-04-29 11:00:00,7181.44,5970.03,True,CastleRock_NWS
2025,2024-10-20 02:00:00,2024-12-01 11:00:00,1018,5812.12,2024-11-20 19:00:00,19914.13,14102.01,True,CastleRock_NWS
2025,2024-12-01 15:00:00,2024-12-01 17:00:00,3,129.80,2024-12-01 16:00:00,7832.65,7702.85,True,CastleRock_NWS
2025,2024-12-02 04:00:00,2024-12-02 10:00:00,7,86.20,2024-12-02 08:00:00,4455.21,4369.01,True,CastleRock_NWS
2025,2024-12-03 04:00:00,2024-12-03 12:00:00,9,246.77,2024-12-03 10:00:00,2476.35,2229.59,True,CastleRock_NWS
2025,2024-12-03 16:00:00,2024-12-03 19:00:00,4,527.09,2024-12-03 17:00:00,5102.20,4575.11,True,CastleRock_NWS
2025,2024-12-04 00:00:00,2024-12-04 05:00:00,6,176.63,2024-12-04 04:00:00,4050.53,3873.90,True,CastleRock_NWS
2025,2024-12-05 01:00:00,2024-12-05 12:00:00,12,747.03,2024-12-05 10:00:00,2702.91,1955.88,True,CastleRock_NWS
2025,2024-12-05 23:00:00,2024-12-06 01:00:00,3,353.83,2024-12-06 00:00:00,6222.04,5868.20,True,CastleRock_NWS
2025,2024-12-06 04:00:00,2024-12-06 12:00:00,9,513.62,2024-12-06 11:00:00,3563.72,3050.11,True,CastleRock_NWS
2025,2024-12-06 16:00:00,2024-12-06 18:00:00,3,486.12,2024-12-06 17:00:00,6099.97,5613.85,True,CastleRock_NWS
2025,2024-12-07 00:00:00,2024-12-07 20:00:00,21,1187.42,2024-12-07 15:00:00,4915.23,3727.81,True,CastleRock_NWS
2025,2024-12-27 05:00:00,2024-12-27 07:00:00,3,157.43,2024-12-27 06:00:00,30523.45,30366.02,False,CastleRock_NWS
2025,2024-12-28 04:00:00,2024-12-28 13:00:00,10,1590.66,2024-12-28 10:00:00,31200.64,29609.99,False,CastleRock_NWS
2025,2024-12-28 23:00:00,2024-12-29 01:00:00,3,509.77,2024-12-29 00:00:00,32789.41,32279.64,False,CastleRock_NWS
2025,2024-12-29 10:00:00,2024-12-29 13:00:00,4,597.20,2024-12-29 12:00:00,31469.61,30872.42,False,CastleRock_NWS
2025,2024-12-30 20:00:00,2025-01-01 00:00:00,29,3177.58,2024-12-31 11:00:00,24272.45,21094.87,False,CastleRock_NWS
2025,2025-01-18 20:00:00,2025-01-19 11:00:00,16,1191.33,2025-01-19 09:00:00,2283.99,1092.66,True,CastleRock_NWS
2025,2025-01-19 22:00:00,2025-01-20 00:00:00,3,325.18,2025-01-19 23:00:00,6327.44,6002.26,True,CastleRock_NWS
2025,2025-01-21 02:00:00,2025-01-21 15:00:00,14,1116.03,2025-01-21 13:00:00,2537.36,1421.32,True,CastleRock_NWS
2025,2025-01-21 18:00:00,2025-01-21 20:00:00,3,349.47,2025-01-21 19:00:00,2649.79,2300.32,True,CastleRock_NWS
2025,2025-01-22 06:00:00,2025-01-22 10:00:00,5,194.35,2025-01-22 08:00:00,2612.21,2417.87,True,CastleRock_NWS
2025,2025-01-22 15:00:00,2025-01-22 17:00:00,3,159.01,2025-01-22 16:00:00,5497.64,5338.63,True,CastleRock_NWS
2025,2025-01-23 02:00:00,2025-01-23 12:00:00,11,796.50,2025-01-23 09:00:00,5437.12,4640.62,True,CastleRock_NWS
2025,2025-01-23 16:00:00,2025-01-24 23:00:00,32,1363.65,2025-01-24 20:00:00,9774.46,8410.80,True,CastleRock_NWS
2025,2025-01-25 03:00:00,2025-01-25 13:00:00,11,1407.71,2025-01-25 12:00:00,7358.77,5951.06,True,CastleRock_NWS
2025,2025-01-25 16:00:00,2025-01-25 23:00:00,8,1448.24,2025-01-25 18:00:00,9154.63,7706.39,True,CastleRock_NWS
2025,2025-01-26 03:00:00,2025-01-27 00:00:00,22,1791.98,2025-01-26 22:00:00,5977.09,4185.11,True,CastleRock_NWS
2025,2025-01-27 03:00:00,2025-01-27 17:00:00,15,1633.26,2025-01-27 11:00:00,6261.79,4628.53,True,CastleRock_NWS
2025,2025-01-28 05:00:00,2025-01-28 15:00:00,11,1060.56,2025-01-28 13:00:00,2315.48,1254.92,True,CastleRock_NWS
2025,2025-01-29 00:00:00,2025-01-29 14:00:00,15,863.49,2025-01-29 12:00:00,2225.64,1362.14,True,CastleRock_NWS
2025,2025-01-29 17:00:00,2025-01-29 19:00:00,3,450.74,2025-01-29 18:00:00,4630.69,4179.96,True,CastleRock_NWS
2025,2025-01-30 03:00:00,2025-01-30 11:00:00,9,629.29,2025-01-30 06:00:00,5150.77,4521.48,True,CastleRock_NWS
2025,2025-01-30 15:00:00,2025-01-30 19:00:00,5,629.38,2025-01-30 17:00:00,5959.25,5329.88,True,CastleRock_NWS
2025,2025-01-31 05:00:00,2025-01-31 19:00:00,15,1004.21,2025-01-31 09:00:00,2000.00,995.79,True,CastleRock_NWS
2025,2025-02-04 05:00:00,2025-02-04 19:00:00,15,1022.91,2025-02-04 13:00:00,2000.00,977.09,True,CastleRock_NWS
2025,2025-02-05 06:00:00,2025-02-05 13:00:00,8,884.29,2025-02-05 11:00:00,3938.03,3053.74,True,CastleRock_NWS
2025,2025-02-05 16:00:00,2025-02-05 18:00:00,3,496.69,2025-02-05 17:00:00,7326.18,6829.48,True,CastleRock_NWS
2025,2025-02-06 05:00:00,2025-02-06 18:00:00,14,554.16,2025-02-06 08:00:00,2410.91,1856.75,True,CastleRock_NWS
2025,2025-02-07 07:00:00,2025-02-07 16:00:00,10,1289.57,2025-02-07 14:00:00,6383.24,5093.66,True,CastleRock_NWS
2025,2025-02-08 05:00:00,2025-02-08 08:00:00,4,418.37,2025-02-08 06:00:00,2000.00,1581.63,True,CastleRock_NWS
2025,2025-02-09 07:00:00,2025-02-09 10:00:00,4,107.65,2025-02-09 08:00:00,3315.94,3208.29,True,CastleRock_NWS
2025,2025-02-09 16:00:00,2025-02-09 19:00:00,4,395.12,2025-02-09 18:00:00,5311.37,4916.24,True,CastleRock_NWS
2025,2025-02-10 08:00:00,2025-02-10 14:00:00,7,352.08,2025-02-10 10:00:00,3278.03,2925.95,True,CastleRock_NWS
2025,2025-02-11 02:00:00,2025-02-11 19:00:00,18,1347.11,2025-02-11 17:00:00,5671.65,4324.54,True,CastleRock_NWS
2025,2025-02-12 02:00:00,2025-02-12 17:00:00,16,1406.35,2025-02-12 13:00:00,3484.43,2078.08,True,CastleRock_NWS
2025,2025-02-13 01:00:00,2025-02-13 18:00:00,18,1528.97,2025-02-13 16:00:00,5667.56,4138.59,True,CastleRock_NWS
2025,2025-02-14 00:00:00,2025-02-14 21:00:00,22,1385.61,2025-02-14 13:00:00,5525.70,4140.09,True,CastleRock_NWS
2025,2025-02-15 00:00:00,2025-02-15 07:00:00,8,1204.69,2025-02-15 06:00:00,2964.52,1759.83,True,CastleRock_NWS
2025,2025-02-15 14:00:00,2025-02-16 05:00:00,16,1507.95,2025-02-15 23:00:00,6686.39,5178.43,True,CastleRock_NWS
2025,2025-02-16 11:00:00,2025-02-17 00:00:00,14,887.86,2025-02-16 22:00:00,6064.10,5176.24,True,CastleRock_NWS
2025,2025-02-18 19:00:00,2025-02-19 00:00:00,6,337.02,2025-02-18 22:00:00,6729.94,6392.92,True,CastleRock_NWS
2025,2025-02-19 03:00:00,2025-02-19 05:00:00,3,166.17,2025-02-19 05:00:00,3638.95,3472.78,True,CastleRock_NWS
2025,2025-02-19 14:00:00,2025-02-19 16:00:00,3,187.71,2025-02-19 16:00:00,4826.10,4638.39,True,CastleRock_NWS
2025,2025-02-21 14:00:00,2025-02-21 16:00:00,3,178.68,2025-02-21 15:00:00,7933.14,7754.46,True,CastleRock_NWS
2025,2025-03-30 08:00:00,2025-04-01 04:00:00,45,5331.13,2025-03-31 12:00:00,21534.28,16203.15,True,CastleRock_NWS
2026,2025-10-19 11:00:00,2025-11-02 10:00:00,336,5888.89,2025-11-02 03:00:00,17100.78,11211.89,True,CastleRock_NWS
2026,2025-11-02 21:00:00,2025-11-07 14:00:00,114,7088.50,2025-11-03 18:00:00,19101.82,12013.31,True,CastleRock_NWS
2026,2025-11-08 16:00:00,2025-12-01 10:00:00,547,7744.49,2025-11-10 22:00:00,17574.85,9830.36,True,CastleRock_NWS
2026,2025-12-13 23:00:00,2025-12-17 20:00:00,94,12593.28,2025-12-16 01:00:00,41238.20,28644.92,False,CastleRock_NWS
2026,2025-12-18 15:00:00,2025-12-19 07:00:00,17,1361.94,2025-12-19 03:00:00,48101.93,46739.99,False,CastleRock_NWS
2026,2025-12-21 05:00:00,2026-01-03 00:00:00,308,19178.34,2025-12-30 06:00:00,31480.25,12301.91,True,CastleRock_NWS
2026,2026-01-26 03:00:00,2026-01-26 09:00:00,7,84.67,2026-01-26 08:00:00,4422.57,4337.90,True,CastleRock_NWS
2026,2026-01-27 04:00:00,2026-01-27 10:00:00,7,75.07,2026-01-27 09:00:00,4101.59,4026.52,True,CastleRock_NWS
2026,2026-01-27 22:00:00,2026-01-28 11:00:00,14,502.37,2026-01-28 08:00:00,3143.44,2641.08,True,CastleRock_NWS
2026,2026-02-18 03:00:00,2026-02-18 05:00:00,3,213.68,2026-02-18 04:00:00,4083.00,3869.32,True,CastleRock_NWS
2026,2026-02-20 03:00:00,2026-02-20 06:00:00,4,589.14,2026-02-20 05:00:00,4285.10,3695.96,True,CastleRock_NWS
2026,2026-02-21 03:00:00,2026-02-21 06:00:00,4,594.03,2026-02-21 05:00:00,2688.95,2094.92,True,CastleRock_NWS
2026,2026-02-23 02:00:00,2026-02-23 05:00:00,4,488.26,2026-02-23 04:00:00,6988.47,6500.21,True,CastleRock_NWS
2026,2026-03-02 06:00:00,2026-03-02 08:00:00,3,195.74,2026-03-02 07:00:00,5138.20,4942.46,True,CastleRock_NWS
2026,2026-03-03 02:00:00,2026-03-03 08:00:00,7,981.11,2026-03-03 07:00:00,3008.24,2027.14,True,CastleRock_NWS
2026,2026-03-04 03:00:00,2026-03-04 05:00:00,3,419.76,2026-03-04 04:00:00,4088.62,3668.86,True,CastleRock_NWS
2026,2026-03-23 13:00:00,2026-04-01 23:00:00,227,8917.04,2026-03-30 00:00:00,15873.40,6956.36,True,CastleRock_NWS
